ds,y
2006-12-16 18:00:00,217.93
2006-12-16 19:00:00,204.01
2006-12-16 20:00:00,196.11
2006-12-16 21:00:00,183.39
2006-12-16 22:00:00,132.01
2006-12-16 23:00:00,123.70
2006-12-17 00:00:00,112.95
2006-12-17 01:00:00,200.96
2006-12-17 02:00:00,95.24
2006-12-17 03:00:00,99.73
2006-12-17 04:00:00,132.95
2006-12-17 05:00:00,119.80
2006-12-17 06:00:00,78.20
2006-12-17 07:00:00,97.20
2006-12-17 08:00:00,113.43
2006-12-17 09:00:00,152.94
2006-12-17 10:00:00,217.73
2006-12-17 11:00:00,148.26
2006-12-17 12:00:00,114.95
2006-12-17 13:00:00,99.65
2006-12-17 14:00:00,125.56
2006-12-17 15:00:00,179.12
2006-12-17 16:00:00,199.56
2006-12-17 17:00:00,204.41
2006-12-17 18:00:00,221.83
2006-12-17 19:00:00,174.50
2006-12-17 20:00:00,201.69
2006-12-17 21:00:00,182.45
2006-12-17 22:00:00,91.08
2006-12-17 23:00:00,26.26
2006-12-18 00:00:00,16.58
2006-12-18 01:00:00,18.80
2006-12-18 02:00:00,17.07
2006-12-18 03:00:00,18.60
2006-12-18 04:00:00,61.58
2006-12-18 05:00:00,17.61
2006-12-18 06:00:00,36.60
2006-12-18 07:00:00,147.03
2006-12-18 08:00:00,124.93
2006-12-18 09:00:00,97.76
2006-12-18 10:00:00,78.58
2006-12-18 11:00:00,93.72
2006-12-18 12:00:00,105.36
2006-12-18 13:00:00,100.92
2006-12-18 14:00:00,103.98
2006-12-18 15:00:00,107.06
2006-12-18 16:00:00,116.96
2006-12-18 17:00:00,129.29
2006-12-18 18:00:00,144.15
2006-12-18 19:00:00,156.87
2006-12-18 20:00:00,183.03
2006-12-18 21:00:00,130.18
2006-12-18 22:00:00,104.33
2006-12-18 23:00:00,92.84
2006-12-19 00:00:00,50.23
2006-12-19 01:00:00,21.18
2006-12-19 02:00:00,19.63
2006-12-19 03:00:00,18.50
2006-12-19 04:00:00,19.67
2006-12-19 05:00:00,18.40
2006-12-19 06:00:00,47.78
2006-12-19 07:00:00,107.14
2006-12-19 08:00:00,232.74
2006-12-19 09:00:00,97.07
2006-12-19 10:00:00,26.23
2006-12-19 11:00:00,139.30
2006-12-19 12:00:00,25.84
2006-12-19 13:00:00,18.03
2006-12-19 14:00:00,18.13
2006-12-19 15:00:00,25.28
2006-12-19 16:00:00,82.33
2006-12-19 17:00:00,126.69
2006-12-19 18:00:00,132.28
2006-12-19 19:00:00,110.53
2006-12-19 20:00:00,176.43
2006-12-19 21:00:00,86.57
2006-12-19 22:00:00,43.20
2006-12-19 23:00:00,23.02
2006-12-20 00:00:00,27.59
2006-12-20 01:00:00,15.52
2006-12-20 02:00:00,47.06
2006-12-20 03:00:00,18.60
2006-12-20 04:00:00,17.34
2006-12-20 05:00:00,15.76
2006-12-20 06:00:00,17.02
2006-12-20 07:00:00,91.60
2006-12-20 08:00:00,175.06
2006-12-20 09:00:00,83.13
2006-12-20 10:00:00,90.62
2006-12-20 11:00:00,173.54
2006-12-20 12:00:00,85.26
2006-12-20 13:00:00,85.70
2006-12-20 14:00:00,77.69
2006-12-20 15:00:00,16.87
2006-12-20 16:00:00,28.11
2006-12-20 17:00:00,34.41
2006-12-20 18:00:00,170.21
2006-12-20 19:00:00,194.92
2006-12-20 20:00:00,214.53
2006-12-20 21:00:00,218.76
2006-12-20 22:00:00,183.54
2006-12-20 23:00:00,142.91
2006-12-21 00:00:00,92.15
2006-12-21 01:00:00,83.88
2006-12-21 02:00:00,76.49
2006-12-21 03:00:00,18.16
2006-12-21 04:00:00,14.80
2006-12-21 05:00:00,17.44
2006-12-21 06:00:00,17.74
2006-12-21 07:00:00,76.83
2006-12-21 08:00:00,93.78
2006-12-21 09:00:00,154.55
2006-12-21 10:00:00,106.06
2006-12-21 11:00:00,31.50
2006-12-21 12:00:00,49.15
2006-12-21 13:00:00,101.29
2006-12-21 14:00:00,61.43
2006-12-21 15:00:00,18.44
2006-12-21 16:00:00,81.60
2006-12-21 17:00:00,105.16
2006-12-21 18:00:00,146.60
2006-12-21 19:00:00,131.83
2006-12-21 20:00:00,146.24
2006-12-21 21:00:00,58.94
2006-12-21 22:00:00,16.82
2006-12-21 23:00:00,16.23
2006-12-22 00:00:00,16.02
2006-12-22 01:00:00,16.32
2006-12-22 02:00:00,16.06
2006-12-22 03:00:00,16.43
2006-12-22 04:00:00,15.86
2006-12-22 05:00:00,48.41
2006-12-22 06:00:00,28.78
2006-12-22 07:00:00,103.39
2006-12-22 08:00:00,164.66
2006-12-22 09:00:00,113.78
2006-12-22 10:00:00,80.70
2006-12-22 11:00:00,75.15
2006-12-22 12:00:00,73.71
2006-12-22 13:00:00,40.31
2006-12-22 14:00:00,48.93
2006-12-22 15:00:00,87.10
2006-12-22 16:00:00,94.27
2006-12-22 17:00:00,89.81
2006-12-22 18:00:00,161.22
2006-12-22 19:00:00,236.29
2006-12-22 20:00:00,212.16
2006-12-22 21:00:00,272.92
2006-12-22 22:00:00,183.90
2006-12-22 23:00:00,145.15
2006-12-23 00:00:00,101.89
2006-12-23 01:00:00,103.37
2006-12-23 02:00:00,102.05
2006-12-23 03:00:00,106.29
2006-12-23 04:00:00,113.50
2006-12-23 05:00:00,133.75
2006-12-23 06:00:00,98.96
2006-12-23 07:00:00,241.40
2006-12-23 08:00:00,251.45
2006-12-23 09:00:00,194.78
2006-12-23 10:00:00,178.33
2006-12-23 11:00:00,189.54
2006-12-23 12:00:00,175.73
2006-12-23 13:00:00,204.38
2006-12-23 14:00:00,225.48
2006-12-23 15:00:00,242.95
2006-12-23 16:00:00,260.95
2006-12-23 17:00:00,327.15
2006-12-23 18:00:00,232.76
2006-12-23 19:00:00,247.07
2006-12-23 20:00:00,250.88
2006-12-23 21:00:00,197.31
2006-12-23 22:00:00,259.68
2006-12-23 23:00:00,333.75
2006-12-24 00:00:00,241.68
2006-12-24 01:00:00,196.54
2006-12-24 02:00:00,138.18
2006-12-24 03:00:00,96.41
2006-12-24 04:00:00,94.57
2006-12-24 05:00:00,97.91
2006-12-24 06:00:00,113.71
2006-12-24 07:00:00,88.58
2006-12-24 08:00:00,85.67
2006-12-24 09:00:00,163.54
2006-12-24 10:00:00,160.52
2006-12-24 11:00:00,125.58
2006-12-24 12:00:00,90.00
2006-12-24 13:00:00,194.40
2006-12-24 14:00:00,82.29
2006-12-24 15:00:00,185.81
2006-12-24 16:00:00,120.43
2006-12-24 17:00:00,101.19
2006-12-24 18:00:00,30.31
2006-12-24 19:00:00,27.24
2006-12-24 20:00:00,28.45
2006-12-24 21:00:00,29.04
2006-12-24 22:00:00,28.79
2006-12-24 23:00:00,29.18
2006-12-25 00:00:00,59.97
2006-12-25 01:00:00,72.41
2006-12-25 02:00:00,26.28
2006-12-25 03:00:00,35.40
2006-12-25 04:00:00,34.72
2006-12-25 05:00:00,37.21
2006-12-25 06:00:00,15.84
2006-12-25 07:00:00,40.61
2006-12-25 08:00:00,156.67
2006-12-25 09:00:00,89.61
2006-12-25 10:00:00,114.94
2006-12-25 11:00:00,182.68
2006-12-25 12:00:00,174.76
2006-12-25 13:00:00,133.50
2006-12-25 14:00:00,107.02
2006-12-25 15:00:00,104.42
2006-12-25 16:00:00,232.37
2006-12-25 17:00:00,124.31
2006-12-25 18:00:00,145.38
2006-12-25 19:00:00,97.77
2006-12-25 20:00:00,118.63
2006-12-25 21:00:00,230.21
2006-12-25 22:00:00,252.89
2006-12-25 23:00:00,155.53
2006-12-26 00:00:00,145.46
2006-12-26 01:00:00,144.16
2006-12-26 02:00:00,144.66
2006-12-26 03:00:00,146.94
2006-12-26 04:00:00,179.55
2006-12-26 05:00:00,143.26
2006-12-26 06:00:00,143.29
2006-12-26 07:00:00,188.16
2006-12-26 08:00:00,141.96
2006-12-26 09:00:00,212.70
2006-12-26 10:00:00,242.51
2006-12-26 11:00:00,142.41
2006-12-26 12:00:00,147.88
2006-12-26 13:00:00,173.21
2006-12-26 14:00:00,229.60
2006-12-26 15:00:00,157.78
2006-12-26 16:00:00,207.04
2006-12-26 17:00:00,200.54
2006-12-26 18:00:00,194.80
2006-12-26 19:00:00,182.04
2006-12-26 20:00:00,208.74
2006-12-26 21:00:00,159.50
2006-12-26 22:00:00,51.82
2006-12-26 23:00:00,46.09
2006-12-27 00:00:00,28.98
2006-12-27 01:00:00,29.61
2006-12-27 02:00:00,28.77
2006-12-27 03:00:00,26.65
2006-12-27 04:00:00,28.44
2006-12-27 05:00:00,62.19
2006-12-27 06:00:00,28.46
2006-12-27 07:00:00,122.99
2006-12-27 08:00:00,129.88
2006-12-27 09:00:00,139.74
2006-12-27 10:00:00,139.02
2006-12-27 11:00:00,78.94
2006-12-27 12:00:00,64.70
2006-12-27 13:00:00,15.85
2006-12-27 14:00:00,15.83
2006-12-27 15:00:00,19.99
2006-12-27 16:00:00,17.81
2006-12-27 17:00:00,30.08
2006-12-27 18:00:00,109.46
2006-12-27 19:00:00,104.18
2006-12-27 20:00:00,141.19
2006-12-27 21:00:00,79.78
2006-12-27 22:00:00,65.01
2006-12-27 23:00:00,21.21
2006-12-28 00:00:00,61.11
2006-12-28 01:00:00,16.66
2006-12-28 02:00:00,18.97
2006-12-28 03:00:00,17.93
2006-12-28 04:00:00,18.61
2006-12-28 05:00:00,17.36
2006-12-28 06:00:00,17.55
2006-12-28 07:00:00,62.60
2006-12-28 08:00:00,152.14
2006-12-28 09:00:00,79.29
2006-12-28 10:00:00,19.56
2006-12-28 11:00:00,16.80
2006-12-28 12:00:00,16.26
2006-12-28 13:00:00,41.92
2006-12-28 14:00:00,108.51
2006-12-28 15:00:00,94.46
2006-12-28 16:00:00,93.54
2006-12-28 17:00:00,145.95
2006-12-28 18:00:00,152.63
2006-12-28 19:00:00,170.91
2006-12-28 20:00:00,127.01
2006-12-28 21:00:00,302.12
2006-12-28 22:00:00,192.85
2006-12-28 23:00:00,127.88
2006-12-29 00:00:00,84.56
2006-12-29 01:00:00,119.65
2006-12-29 02:00:00,129.10
2006-12-29 03:00:00,147.16
2006-12-29 04:00:00,148.29
2006-12-29 05:00:00,143.17
2006-12-29 06:00:00,146.33
2006-12-29 07:00:00,230.33
2006-12-29 08:00:00,221.69
2006-12-29 09:00:00,206.09
2006-12-29 10:00:00,145.35
2006-12-29 11:00:00,83.35
2006-12-29 12:00:00,93.34
2006-12-29 13:00:00,102.56
2006-12-29 14:00:00,85.11
2006-12-29 15:00:00,37.69
2006-12-29 16:00:00,19.07
2006-12-29 17:00:00,53.54
2006-12-29 18:00:00,113.56
2006-12-29 19:00:00,107.48
2006-12-29 20:00:00,208.31
2006-12-29 21:00:00,258.82
2006-12-29 22:00:00,219.96
2006-12-29 23:00:00,69.88
2006-12-30 00:00:00,17.68
2006-12-30 01:00:00,18.92
2006-12-30 02:00:00,16.77
2006-12-30 03:00:00,18.35
2006-12-30 04:00:00,18.06
2006-12-30 05:00:00,16.67
2006-12-30 06:00:00,54.41
2006-12-30 07:00:00,15.39
2006-12-30 08:00:00,91.00
2006-12-30 09:00:00,194.15
2006-12-30 10:00:00,282.99
2006-12-30 11:00:00,233.15
2006-12-30 12:00:00,188.71
2006-12-30 13:00:00,137.58
2006-12-30 14:00:00,107.40
2006-12-30 15:00:00,146.97
2006-12-30 16:00:00,237.33
2006-12-30 17:00:00,154.87
2006-12-30 18:00:00,231.76
2006-12-30 19:00:00,225.18
2006-12-30 20:00:00,184.56
2006-12-30 21:00:00,122.28
2006-12-30 22:00:00,44.95
2006-12-30 23:00:00,42.61
2006-12-31 00:00:00,40.57
2006-12-31 01:00:00,42.97
2006-12-31 02:00:00,43.32
2006-12-31 03:00:00,46.71
2006-12-31 04:00:00,76.67
2006-12-31 05:00:00,63.05
2006-12-31 06:00:00,150.08
2006-12-31 07:00:00,201.87
2006-12-31 08:00:00,245.07
2006-12-31 09:00:00,163.39
2006-12-31 10:00:00,174.90
2006-12-31 11:00:00,201.57
2006-12-31 12:00:00,231.18
2006-12-31 13:00:00,216.15
2006-12-31 14:00:00,184.88
2006-12-31 15:00:00,149.30
2006-12-31 16:00:00,170.28
2006-12-31 17:00:00,165.02
2006-12-31 18:00:00,144.63
2006-12-31 19:00:00,146.06
2006-12-31 20:00:00,145.50
2006-12-31 21:00:00,146.62
2006-12-31 22:00:00,158.16
2006-12-31 23:00:00,186.27
2007-01-01 00:00:00,153.04
2007-01-01 01:00:00,151.40
2007-01-01 02:00:00,154.94
2007-01-01 03:00:00,152.50
2007-01-01 04:00:00,148.54
2007-01-01 05:00:00,148.57
2007-01-01 06:00:00,147.35
2007-01-01 07:00:00,146.83
2007-01-01 08:00:00,146.50
2007-01-01 09:00:00,188.77
2007-01-01 10:00:00,159.70
2007-01-01 11:00:00,154.56
2007-01-01 12:00:00,156.95
2007-01-01 13:00:00,129.74
2007-01-01 14:00:00,77.66
2007-01-01 15:00:00,114.55
2007-01-01 16:00:00,83.41
2007-01-01 17:00:00,97.92
2007-01-01 18:00:00,87.71
2007-01-01 19:00:00,43.94
2007-01-01 20:00:00,24.74
2007-01-01 21:00:00,26.04
2007-01-01 22:00:00,26.62
2007-01-01 23:00:00,27.00
2007-01-02 00:00:00,26.79
2007-01-02 01:00:00,26.20
2007-01-02 02:00:00,25.89
2007-01-02 03:00:00,27.85
2007-01-02 04:00:00,62.40
2007-01-02 05:00:00,42.64
2007-01-02 06:00:00,26.82
2007-01-02 07:00:00,24.75
2007-01-02 08:00:00,27.26
2007-01-02 09:00:00,25.06
2007-01-02 10:00:00,26.75
2007-01-02 11:00:00,25.97
2007-01-02 12:00:00,25.56
2007-01-02 13:00:00,27.54
2007-01-02 14:00:00,26.31
2007-01-02 15:00:00,86.29
2007-01-02 16:00:00,87.54
2007-01-02 17:00:00,128.17
2007-01-02 18:00:00,118.32
2007-01-02 19:00:00,91.10
2007-01-02 20:00:00,154.41
2007-01-02 21:00:00,79.29
2007-01-02 22:00:00,31.69
2007-01-02 23:00:00,44.63
2007-01-03 00:00:00,67.53
2007-01-03 01:00:00,54.04
2007-01-03 02:00:00,18.29
2007-01-03 03:00:00,20.00
2007-01-03 04:00:00,17.93
2007-01-03 05:00:00,57.10
2007-01-03 06:00:00,20.06
2007-01-03 07:00:00,18.10
2007-01-03 08:00:00,19.18
2007-01-03 09:00:00,36.15
2007-01-03 10:00:00,52.45
2007-01-03 11:00:00,58.58
2007-01-03 12:00:00,83.87
2007-01-03 13:00:00,85.20
2007-01-03 14:00:00,65.42
2007-01-03 15:00:00,18.12
2007-01-03 16:00:00,22.06
2007-01-03 17:00:00,17.11
2007-01-03 18:00:00,21.67
2007-01-03 19:00:00,17.34
2007-01-03 20:00:00,19.58
2007-01-03 21:00:00,66.93
2007-01-03 22:00:00,57.24
2007-01-03 23:00:00,100.12
2007-01-04 00:00:00,202.50
2007-01-04 01:00:00,173.80
2007-01-04 02:00:00,143.24
2007-01-04 03:00:00,141.72
2007-01-04 04:00:00,142.20
2007-01-04 05:00:00,140.71
2007-01-04 06:00:00,141.52
2007-01-04 07:00:00,139.57
2007-01-04 08:00:00,144.23
2007-01-04 09:00:00,160.02
2007-01-04 10:00:00,113.88
2007-01-04 11:00:00,120.38
2007-01-04 12:00:00,243.99
2007-01-04 13:00:00,212.70
2007-01-04 14:00:00,120.79
2007-01-04 15:00:00,52.76
2007-01-04 16:00:00,197.39
2007-01-04 17:00:00,164.48
2007-01-04 18:00:00,156.33
2007-01-04 19:00:00,171.24
2007-01-04 20:00:00,89.91
2007-01-04 21:00:00,28.73
2007-01-04 22:00:00,25.18
2007-01-04 23:00:00,32.11
2007-01-05 00:00:00,118.08
2007-01-05 01:00:00,143.21
2007-01-05 02:00:00,143.68
2007-01-05 03:00:00,144.94
2007-01-05 04:00:00,143.82
2007-01-05 05:00:00,144.44
2007-01-05 06:00:00,142.07
2007-01-05 07:00:00,141.09
2007-01-05 08:00:00,139.02
2007-01-05 09:00:00,141.85
2007-01-05 10:00:00,159.36
2007-01-05 11:00:00,21.35
2007-01-05 12:00:00,21.26
2007-01-05 13:00:00,20.51
2007-01-05 14:00:00,22.64
2007-01-05 15:00:00,28.67
2007-01-05 16:00:00,50.19
2007-01-05 17:00:00,134.44
2007-01-05 18:00:00,143.98
2007-01-05 19:00:00,122.33
2007-01-05 20:00:00,178.54
2007-01-05 21:00:00,160.46
2007-01-05 22:00:00,143.08
2007-01-05 23:00:00,104.33
2007-01-06 00:00:00,89.58
2007-01-06 01:00:00,26.01
2007-01-06 02:00:00,20.00
2007-01-06 03:00:00,18.77
2007-01-06 04:00:00,18.21
2007-01-06 05:00:00,20.12
2007-01-06 06:00:00,17.92
2007-01-06 07:00:00,20.22
2007-01-06 08:00:00,17.72
2007-01-06 09:00:00,37.39
2007-01-06 10:00:00,91.53
2007-01-06 11:00:00,155.53
2007-01-06 12:00:00,240.18
2007-01-06 13:00:00,113.43
2007-01-06 14:00:00,101.97
2007-01-06 15:00:00,68.92
2007-01-06 16:00:00,52.88
2007-01-06 17:00:00,53.94
2007-01-06 18:00:00,51.33
2007-01-06 19:00:00,110.04
2007-01-06 20:00:00,60.91
2007-01-06 21:00:00,60.75
2007-01-06 22:00:00,30.70
2007-01-06 23:00:00,30.32
2007-01-07 00:00:00,54.19
2007-01-07 01:00:00,17.79
2007-01-07 02:00:00,21.14
2007-01-07 03:00:00,17.92
2007-01-07 04:00:00,21.35
2007-01-07 05:00:00,17.12
2007-01-07 06:00:00,20.30
2007-01-07 07:00:00,18.76
2007-01-07 08:00:00,18.60
2007-01-07 09:00:00,22.54
2007-01-07 10:00:00,62.49
2007-01-07 11:00:00,64.11
2007-01-07 12:00:00,33.09
2007-01-07 13:00:00,199.92
2007-01-07 14:00:00,151.99
2007-01-07 15:00:00,226.25
2007-01-07 16:00:00,136.85
2007-01-07 17:00:00,144.28
2007-01-07 18:00:00,312.69
2007-01-07 19:00:00,174.99
2007-01-07 20:00:00,211.39
2007-01-07 21:00:00,284.30
2007-01-07 22:00:00,127.73
2007-01-07 23:00:00,87.83
2007-01-08 00:00:00,81.63
2007-01-08 01:00:00,81.04
2007-01-08 02:00:00,83.09
2007-01-08 03:00:00,81.41
2007-01-08 04:00:00,82.55
2007-01-08 05:00:00,66.27
2007-01-08 06:00:00,28.09
2007-01-08 07:00:00,60.76
2007-01-08 08:00:00,128.37
2007-01-08 09:00:00,99.88
2007-01-08 10:00:00,77.80
2007-01-08 11:00:00,70.51
2007-01-08 12:00:00,19.74
2007-01-08 13:00:00,38.59
2007-01-08 14:00:00,111.05
2007-01-08 15:00:00,113.11
2007-01-08 16:00:00,127.35
2007-01-08 17:00:00,113.89
2007-01-08 18:00:00,174.48
2007-01-08 19:00:00,167.64
2007-01-08 20:00:00,205.50
2007-01-08 21:00:00,150.46
2007-01-08 22:00:00,58.20
2007-01-08 23:00:00,19.96
2007-01-09 00:00:00,16.19
2007-01-09 01:00:00,18.71
2007-01-09 02:00:00,17.24
2007-01-09 03:00:00,28.18
2007-01-09 04:00:00,39.67
2007-01-09 05:00:00,16.47
2007-01-09 06:00:00,67.41
2007-01-09 07:00:00,143.22
2007-01-09 08:00:00,128.14
2007-01-09 09:00:00,112.10
2007-01-09 10:00:00,80.95
2007-01-09 11:00:00,56.08
2007-01-09 12:00:00,16.62
2007-01-09 13:00:00,18.09
2007-01-09 14:00:00,16.00
2007-01-09 15:00:00,33.89
2007-01-09 16:00:00,88.28
2007-01-09 17:00:00,126.38
2007-01-09 18:00:00,142.38
2007-01-09 19:00:00,137.25
2007-01-09 20:00:00,192.64
2007-01-09 21:00:00,197.55
2007-01-09 22:00:00,77.48
2007-01-09 23:00:00,98.14
2007-01-10 00:00:00,31.07
2007-01-10 01:00:00,39.23
2007-01-10 02:00:00,20.42
2007-01-10 03:00:00,16.16
2007-01-10 04:00:00,20.81
2007-01-10 05:00:00,16.08
2007-01-10 06:00:00,53.86
2007-01-10 07:00:00,141.77
2007-01-10 08:00:00,178.38
2007-01-10 09:00:00,119.71
2007-01-10 10:00:00,85.63
2007-01-10 11:00:00,238.25
2007-01-10 12:00:00,85.85
2007-01-10 13:00:00,33.23
2007-01-10 14:00:00,101.72
2007-01-10 15:00:00,77.47
2007-01-10 16:00:00,41.01
2007-01-10 17:00:00,109.46
2007-01-10 18:00:00,201.86
2007-01-10 19:00:00,191.41
2007-01-10 20:00:00,176.04
2007-01-10 21:00:00,101.68
2007-01-10 22:00:00,51.11
2007-01-10 23:00:00,22.57
2007-01-11 00:00:00,20.19
2007-01-11 01:00:00,15.28
2007-01-11 02:00:00,18.52
2007-01-11 03:00:00,53.53
2007-01-11 04:00:00,16.23
2007-01-11 05:00:00,17.86
2007-01-11 06:00:00,44.18
2007-01-11 07:00:00,162.13
2007-01-11 08:00:00,150.32
2007-01-11 09:00:00,82.21
2007-01-11 10:00:00,82.18
2007-01-11 11:00:00,69.11
2007-01-11 12:00:00,18.02
2007-01-11 13:00:00,23.71
2007-01-11 14:00:00,19.63
2007-01-11 15:00:00,32.50
2007-01-11 16:00:00,156.79
2007-01-11 17:00:00,194.29
2007-01-11 18:00:00,232.15
2007-01-11 19:00:00,287.05
2007-01-11 20:00:00,222.38
2007-01-11 21:00:00,172.82
2007-01-11 22:00:00,86.89
2007-01-11 23:00:00,77.23
2007-01-12 00:00:00,35.13
2007-01-12 01:00:00,18.73
2007-01-12 02:00:00,18.14
2007-01-12 03:00:00,19.29
2007-01-12 04:00:00,17.58
2007-01-12 05:00:00,48.74
2007-01-12 06:00:00,87.09
2007-01-12 07:00:00,169.95
2007-01-12 08:00:00,119.64
2007-01-12 09:00:00,80.89
2007-01-12 10:00:00,54.41
2007-01-12 11:00:00,16.91
2007-01-12 12:00:00,17.68
2007-01-12 13:00:00,15.23
2007-01-12 14:00:00,20.09
2007-01-12 15:00:00,15.70
2007-01-12 16:00:00,19.24
2007-01-12 17:00:00,34.36
2007-01-12 18:00:00,152.94
2007-01-12 19:00:00,134.09
2007-01-12 20:00:00,137.70
2007-01-12 21:00:00,90.76
2007-01-12 22:00:00,89.03
2007-01-12 23:00:00,47.96
2007-01-13 00:00:00,53.30
2007-01-13 01:00:00,19.00
2007-01-13 02:00:00,15.39
2007-01-13 03:00:00,17.87
2007-01-13 04:00:00,17.34
2007-01-13 05:00:00,15.88
2007-01-13 06:00:00,18.91
2007-01-13 07:00:00,107.56
2007-01-13 08:00:00,159.33
2007-01-13 09:00:00,102.95
2007-01-13 10:00:00,190.20
2007-01-13 11:00:00,213.78
2007-01-13 12:00:00,118.21
2007-01-13 13:00:00,98.35
2007-01-13 14:00:00,97.78
2007-01-13 15:00:00,124.30
2007-01-13 16:00:00,123.46
2007-01-13 17:00:00,167.88
2007-01-13 18:00:00,113.29
2007-01-13 19:00:00,189.27
2007-01-13 20:00:00,270.73
2007-01-13 21:00:00,298.89
2007-01-13 22:00:00,348.86
2007-01-13 23:00:00,304.28
2007-01-14 00:00:00,200.43
2007-01-14 01:00:00,174.96
2007-01-14 02:00:00,172.77
2007-01-14 03:00:00,67.30
2007-01-14 04:00:00,68.05
2007-01-14 05:00:00,71.65
2007-01-14 06:00:00,94.57
2007-01-14 07:00:00,68.46
2007-01-14 08:00:00,78.91
2007-01-14 09:00:00,133.56
2007-01-14 10:00:00,104.18
2007-01-14 11:00:00,60.51
2007-01-14 12:00:00,42.75
2007-01-14 13:00:00,77.92
2007-01-14 14:00:00,109.65
2007-01-14 15:00:00,125.82
2007-01-14 16:00:00,205.55
2007-01-14 17:00:00,252.67
2007-01-14 18:00:00,215.56
2007-01-14 19:00:00,197.49
2007-01-14 20:00:00,191.57
2007-01-14 21:00:00,126.46
2007-01-14 22:00:00,87.76
2007-01-14 23:00:00,82.47
2007-01-15 00:00:00,81.44
2007-01-15 01:00:00,80.50
2007-01-15 02:00:00,27.72
2007-01-15 03:00:00,17.39
2007-01-15 04:00:00,17.50
2007-01-15 05:00:00,14.64
2007-01-15 06:00:00,18.50
2007-01-15 07:00:00,116.69
2007-01-15 08:00:00,155.74
2007-01-15 09:00:00,95.70
2007-01-15 10:00:00,111.32
2007-01-15 11:00:00,82.29
2007-01-15 12:00:00,67.86
2007-01-15 13:00:00,39.13
2007-01-15 14:00:00,89.05
2007-01-15 15:00:00,97.39
2007-01-15 16:00:00,92.54
2007-01-15 17:00:00,107.52
2007-01-15 18:00:00,134.87
2007-01-15 19:00:00,178.30
2007-01-15 20:00:00,164.55
2007-01-15 21:00:00,97.41
2007-01-15 22:00:00,111.43
2007-01-15 23:00:00,149.19
2007-01-16 00:00:00,23.24
2007-01-16 01:00:00,17.96
2007-01-16 02:00:00,18.51
2007-01-16 03:00:00,17.62
2007-01-16 04:00:00,47.03
2007-01-16 05:00:00,24.52
2007-01-16 06:00:00,42.05
2007-01-16 07:00:00,149.05
2007-01-16 08:00:00,65.09
2007-01-16 09:00:00,53.26
2007-01-16 10:00:00,24.03
2007-01-16 11:00:00,38.42
2007-01-16 12:00:00,116.08
2007-01-16 13:00:00,56.70
2007-01-16 14:00:00,115.01
2007-01-16 15:00:00,53.41
2007-01-16 16:00:00,98.94
2007-01-16 17:00:00,171.69
2007-01-16 18:00:00,187.57
2007-01-16 19:00:00,117.57
2007-01-16 20:00:00,83.81
2007-01-16 21:00:00,84.17
2007-01-16 22:00:00,57.29
2007-01-16 23:00:00,23.40
2007-01-17 00:00:00,17.96
2007-01-17 01:00:00,14.79
2007-01-17 02:00:00,51.60
2007-01-17 03:00:00,16.04
2007-01-17 04:00:00,17.20
2007-01-17 05:00:00,15.81
2007-01-17 06:00:00,52.61
2007-01-17 07:00:00,134.15
2007-01-17 08:00:00,187.20
2007-01-17 09:00:00,193.63
2007-01-17 10:00:00,245.15
2007-01-17 11:00:00,146.74
2007-01-17 12:00:00,104.83
2007-01-17 13:00:00,85.54
2007-01-17 14:00:00,91.78
2007-01-17 15:00:00,232.32
2007-01-17 16:00:00,113.31
2007-01-17 17:00:00,184.01
2007-01-17 18:00:00,100.12
2007-01-17 19:00:00,156.39
2007-01-17 20:00:00,193.25
2007-01-17 21:00:00,212.68
2007-01-17 22:00:00,163.24
2007-01-17 23:00:00,117.34
2007-01-18 00:00:00,84.10
2007-01-18 01:00:00,67.71
2007-01-18 02:00:00,17.95
2007-01-18 03:00:00,17.12
2007-01-18 04:00:00,17.16
2007-01-18 05:00:00,16.35
2007-01-18 06:00:00,44.84
2007-01-18 07:00:00,157.30
2007-01-18 08:00:00,99.50
2007-01-18 09:00:00,79.59
2007-01-18 10:00:00,51.97
2007-01-18 11:00:00,16.78
2007-01-18 12:00:00,18.30
2007-01-18 13:00:00,30.37
2007-01-18 14:00:00,22.32
2007-01-18 15:00:00,36.77
2007-01-18 16:00:00,97.98
2007-01-18 17:00:00,129.20
2007-01-18 18:00:00,188.01
2007-01-18 19:00:00,167.58
2007-01-18 20:00:00,178.11
2007-01-18 21:00:00,166.73
2007-01-18 22:00:00,84.22
2007-01-18 23:00:00,31.50
2007-01-19 00:00:00,18.32
2007-01-19 01:00:00,18.98
2007-01-19 02:00:00,18.29
2007-01-19 03:00:00,18.51
2007-01-19 04:00:00,19.04
2007-01-19 05:00:00,18.03
2007-01-19 06:00:00,48.04
2007-01-19 07:00:00,170.35
2007-01-19 08:00:00,127.67
2007-01-19 09:00:00,109.98
2007-01-19 10:00:00,68.68
2007-01-19 11:00:00,15.47
2007-01-19 12:00:00,18.15
2007-01-19 13:00:00,22.96
2007-01-19 14:00:00,25.38
2007-01-19 15:00:00,21.52
2007-01-19 16:00:00,61.93
2007-01-19 17:00:00,80.43
2007-01-19 18:00:00,44.09
2007-01-19 19:00:00,57.65
2007-01-19 20:00:00,92.73
2007-01-19 21:00:00,145.36
2007-01-19 22:00:00,149.44
2007-01-19 23:00:00,109.46
2007-01-20 00:00:00,103.91
2007-01-20 01:00:00,68.96
2007-01-20 02:00:00,62.30
2007-01-20 03:00:00,67.22
2007-01-20 04:00:00,61.39
2007-01-20 05:00:00,63.06
2007-01-20 06:00:00,66.42
2007-01-20 07:00:00,126.81
2007-01-20 08:00:00,122.11
2007-01-20 09:00:00,122.91
2007-01-20 10:00:00,136.78
2007-01-20 11:00:00,124.54
2007-01-20 12:00:00,110.59
2007-01-20 13:00:00,255.06
2007-01-20 14:00:00,158.02
2007-01-20 15:00:00,118.28
2007-01-20 16:00:00,117.15
2007-01-20 17:00:00,167.71
2007-01-20 18:00:00,258.74
2007-01-20 19:00:00,320.58
2007-01-20 20:00:00,222.78
2007-01-20 21:00:00,145.54
2007-01-20 22:00:00,65.70
2007-01-20 23:00:00,67.16
2007-01-21 00:00:00,82.33
2007-01-21 01:00:00,90.00
2007-01-21 02:00:00,94.05
2007-01-21 03:00:00,71.91
2007-01-21 04:00:00,70.47
2007-01-21 05:00:00,72.37
2007-01-21 06:00:00,106.73
2007-01-21 07:00:00,65.28
2007-01-21 08:00:00,115.76
2007-01-21 09:00:00,115.50
2007-01-21 10:00:00,127.83
2007-01-21 11:00:00,171.60
2007-01-21 12:00:00,161.80
2007-01-21 13:00:00,165.83
2007-01-21 14:00:00,115.54
2007-01-21 15:00:00,105.09
2007-01-21 16:00:00,73.70
2007-01-21 17:00:00,171.04
2007-01-21 18:00:00,218.94
2007-01-21 19:00:00,319.83
2007-01-21 20:00:00,364.59
2007-01-21 21:00:00,354.65
2007-01-21 22:00:00,139.66
2007-01-21 23:00:00,32.76
2007-01-22 00:00:00,18.96
2007-01-22 01:00:00,15.69
2007-01-22 02:00:00,18.30
2007-01-22 03:00:00,15.62
2007-01-22 04:00:00,18.23
2007-01-22 05:00:00,16.00
2007-01-22 06:00:00,59.62
2007-01-22 07:00:00,111.88
2007-01-22 08:00:00,185.18
2007-01-22 09:00:00,145.33
2007-01-22 10:00:00,113.70
2007-01-22 11:00:00,80.48
2007-01-22 12:00:00,81.23
2007-01-22 13:00:00,65.85
2007-01-22 14:00:00,86.27
2007-01-22 15:00:00,85.26
2007-01-22 16:00:00,71.41
2007-01-22 17:00:00,68.84
2007-01-22 18:00:00,81.80
2007-01-22 19:00:00,221.95
2007-01-22 20:00:00,267.34
2007-01-22 21:00:00,154.41
2007-01-22 22:00:00,99.33
2007-01-22 23:00:00,97.82
2007-01-23 00:00:00,122.46
2007-01-23 01:00:00,32.32
2007-01-23 02:00:00,28.34
2007-01-23 03:00:00,28.22
2007-01-23 04:00:00,27.90
2007-01-23 05:00:00,27.99
2007-01-23 06:00:00,27.28
2007-01-23 07:00:00,133.51
2007-01-23 08:00:00,99.77
2007-01-23 09:00:00,85.19
2007-01-23 10:00:00,15.52
2007-01-23 11:00:00,17.98
2007-01-23 12:00:00,16.10
2007-01-23 13:00:00,17.33
2007-01-23 14:00:00,16.21
2007-01-23 15:00:00,17.36
2007-01-23 16:00:00,20.39
2007-01-23 17:00:00,120.30
2007-01-23 18:00:00,143.28
2007-01-23 19:00:00,218.46
2007-01-23 20:00:00,214.74
2007-01-23 21:00:00,175.17
2007-01-23 22:00:00,92.46
2007-01-23 23:00:00,79.36
2007-01-24 00:00:00,110.84
2007-01-24 01:00:00,95.21
2007-01-24 02:00:00,89.01
2007-01-24 03:00:00,88.76
2007-01-24 04:00:00,86.72
2007-01-24 05:00:00,86.74
2007-01-24 06:00:00,82.91
2007-01-24 07:00:00,211.42
2007-01-24 08:00:00,225.49
2007-01-24 09:00:00,211.07
2007-01-24 10:00:00,157.95
2007-01-24 11:00:00,93.50
2007-01-24 12:00:00,172.30
2007-01-24 13:00:00,110.23
2007-01-24 14:00:00,94.78
2007-01-24 15:00:00,152.39
2007-01-24 16:00:00,163.12
2007-01-24 17:00:00,101.31
2007-01-24 18:00:00,130.21
2007-01-24 19:00:00,129.45
2007-01-24 20:00:00,177.84
2007-01-24 21:00:00,93.07
2007-01-24 22:00:00,55.45
2007-01-24 23:00:00,68.10
2007-01-25 00:00:00,35.75
2007-01-25 01:00:00,15.19
2007-01-25 02:00:00,18.44
2007-01-25 03:00:00,15.62
2007-01-25 04:00:00,18.94
2007-01-25 05:00:00,15.61
2007-01-25 06:00:00,30.68
2007-01-25 07:00:00,157.27
2007-01-25 08:00:00,79.61
2007-01-25 09:00:00,35.22
2007-01-25 10:00:00,16.13
2007-01-25 11:00:00,17.53
2007-01-25 12:00:00,17.30
2007-01-25 13:00:00,21.61
2007-01-25 14:00:00,72.15
2007-01-25 15:00:00,103.13
2007-01-25 16:00:00,89.47
2007-01-25 17:00:00,105.90
2007-01-25 18:00:00,144.96
2007-01-25 19:00:00,182.55
2007-01-25 20:00:00,121.78
2007-01-25 21:00:00,137.91
2007-01-25 22:00:00,80.64
2007-01-25 23:00:00,62.94
2007-01-26 00:00:00,17.57
2007-01-26 01:00:00,16.52
2007-01-26 02:00:00,16.00
2007-01-26 03:00:00,17.05
2007-01-26 04:00:00,16.13
2007-01-26 05:00:00,17.37
2007-01-26 06:00:00,65.89
2007-01-26 07:00:00,135.98
2007-01-26 08:00:00,30.71
2007-01-26 09:00:00,48.09
2007-01-26 10:00:00,48.00
2007-01-26 11:00:00,152.35
2007-01-26 12:00:00,102.89
2007-01-26 13:00:00,95.37
2007-01-26 14:00:00,92.19
2007-01-26 15:00:00,40.47
2007-01-26 16:00:00,17.42
2007-01-26 17:00:00,35.53
2007-01-26 18:00:00,54.37
2007-01-26 19:00:00,104.20
2007-01-26 20:00:00,88.64
2007-01-26 21:00:00,156.44
2007-01-26 22:00:00,143.71
2007-01-26 23:00:00,105.08
2007-01-27 00:00:00,30.89
2007-01-27 01:00:00,25.73
2007-01-27 02:00:00,15.76
2007-01-27 03:00:00,17.09
2007-01-27 04:00:00,17.41
2007-01-27 05:00:00,17.10
2007-01-27 06:00:00,31.92
2007-01-27 07:00:00,91.91
2007-01-27 08:00:00,123.30
2007-01-27 09:00:00,110.76
2007-01-27 10:00:00,109.97
2007-01-27 11:00:00,94.72
2007-01-27 12:00:00,84.17
2007-01-27 13:00:00,92.51
2007-01-27 14:00:00,194.51
2007-01-27 15:00:00,125.33
2007-01-27 16:00:00,122.78
2007-01-27 17:00:00,86.07
2007-01-27 18:00:00,122.90
2007-01-27 19:00:00,126.65
2007-01-27 20:00:00,120.85
2007-01-27 21:00:00,62.79
2007-01-27 22:00:00,33.77
2007-01-27 23:00:00,185.20
2007-01-28 00:00:00,190.32
2007-01-28 01:00:00,86.32
2007-01-28 02:00:00,83.15
2007-01-28 03:00:00,86.52
2007-01-28 04:00:00,86.93
2007-01-28 05:00:00,84.58
2007-01-28 06:00:00,87.73
2007-01-28 07:00:00,82.08
2007-01-28 08:00:00,133.72
2007-01-28 09:00:00,130.28
2007-01-28 10:00:00,106.28
2007-01-28 11:00:00,129.39
2007-01-28 12:00:00,251.75
2007-01-28 13:00:00,202.11
2007-01-28 14:00:00,106.53
2007-01-28 15:00:00,137.83
2007-01-28 16:00:00,121.58
2007-01-28 17:00:00,150.96
2007-01-28 18:00:00,197.57
2007-01-28 19:00:00,149.82
2007-01-28 20:00:00,227.47
2007-01-28 21:00:00,184.72
2007-01-28 22:00:00,54.39
2007-01-28 23:00:00,20.32
2007-01-29 00:00:00,16.62
2007-01-29 01:00:00,18.76
2007-01-29 02:00:00,16.61
2007-01-29 03:00:00,18.99
2007-01-29 04:00:00,16.32
2007-01-29 05:00:00,63.85
2007-01-29 06:00:00,29.67
2007-01-29 07:00:00,74.92
2007-01-29 08:00:00,94.36
2007-01-29 09:00:00,109.68
2007-01-29 10:00:00,91.02
2007-01-29 11:00:00,84.71
2007-01-29 12:00:00,95.37
2007-01-29 13:00:00,106.30
2007-01-29 14:00:00,89.11
2007-01-29 15:00:00,88.13
2007-01-29 16:00:00,106.01
2007-01-29 17:00:00,99.25
2007-01-29 18:00:00,143.62
2007-01-29 19:00:00,173.31
2007-01-29 20:00:00,205.22
2007-01-29 21:00:00,104.39
2007-01-29 22:00:00,57.02
2007-01-29 23:00:00,79.42
2007-01-30 00:00:00,22.92
2007-01-30 01:00:00,19.03
2007-01-30 02:00:00,17.47
2007-01-30 03:00:00,19.27
2007-01-30 04:00:00,17.43
2007-01-30 05:00:00,19.82
2007-01-30 06:00:00,57.06
2007-01-30 07:00:00,181.51
2007-01-30 08:00:00,90.47
2007-01-30 09:00:00,44.81
2007-01-30 10:00:00,17.02
2007-01-30 11:00:00,29.64
2007-01-30 12:00:00,38.62
2007-01-30 13:00:00,33.63
2007-01-30 14:00:00,38.12
2007-01-30 15:00:00,49.22
2007-01-30 16:00:00,89.84
2007-01-30 17:00:00,116.03
2007-01-30 18:00:00,192.87
2007-01-30 19:00:00,183.86
2007-01-30 20:00:00,172.38
2007-01-30 21:00:00,100.40
2007-01-30 22:00:00,119.44
2007-01-30 23:00:00,36.96
2007-01-31 00:00:00,34.34
2007-01-31 01:00:00,18.32
2007-01-31 02:00:00,36.21
2007-01-31 03:00:00,32.87
2007-01-31 04:00:00,18.76
2007-01-31 05:00:00,18.33
2007-01-31 06:00:00,25.41
2007-01-31 07:00:00,81.98
2007-01-31 08:00:00,143.16
2007-01-31 09:00:00,84.51
2007-01-31 10:00:00,82.59
2007-01-31 11:00:00,170.27
2007-01-31 12:00:00,237.59
2007-01-31 13:00:00,106.96
2007-01-31 14:00:00,111.24
2007-01-31 15:00:00,225.91
2007-01-31 16:00:00,129.00
2007-01-31 17:00:00,102.28
2007-01-31 18:00:00,181.74
2007-01-31 19:00:00,151.55
2007-01-31 20:00:00,69.58
2007-01-31 21:00:00,170.33
2007-01-31 22:00:00,111.72
2007-01-31 23:00:00,19.09
2007-02-01 00:00:00,16.71
2007-02-01 01:00:00,19.15
2007-02-01 02:00:00,17.46
2007-02-01 03:00:00,17.77
2007-02-01 04:00:00,18.27
2007-02-01 05:00:00,40.28
2007-02-01 06:00:00,133.17
2007-02-01 07:00:00,183.50
2007-02-01 08:00:00,197.84
2007-02-01 09:00:00,123.25
2007-02-01 10:00:00,88.46
2007-02-01 11:00:00,82.32
2007-02-01 12:00:00,36.91
2007-02-01 13:00:00,17.88
2007-02-01 14:00:00,18.59
2007-02-01 15:00:00,17.88
2007-02-01 16:00:00,19.95
2007-02-01 17:00:00,48.32
2007-02-01 18:00:00,154.86
2007-02-01 19:00:00,178.52
2007-02-01 20:00:00,127.77
2007-02-01 21:00:00,93.25
2007-02-01 22:00:00,89.96
2007-02-01 23:00:00,82.71
2007-02-02 00:00:00,46.03
2007-02-02 01:00:00,18.47
2007-02-02 02:00:00,17.41
2007-02-02 03:00:00,18.87
2007-02-02 04:00:00,17.43
2007-02-02 05:00:00,15.93
2007-02-02 06:00:00,75.25
2007-02-02 07:00:00,136.56
2007-02-02 08:00:00,91.22
2007-02-02 09:00:00,89.82
2007-02-02 10:00:00,99.64
2007-02-02 11:00:00,78.33
2007-02-02 12:00:00,38.93
2007-02-02 13:00:00,88.19
2007-02-02 14:00:00,49.70
2007-02-02 15:00:00,18.59
2007-02-02 16:00:00,22.48
2007-02-02 17:00:00,30.99
2007-02-02 18:00:00,137.35
2007-02-02 19:00:00,127.01
2007-02-02 20:00:00,65.97
2007-02-02 21:00:00,35.30
2007-02-02 22:00:00,140.93
2007-02-02 23:00:00,207.33
2007-02-03 00:00:00,222.88
2007-02-03 01:00:00,209.45
2007-02-03 02:00:00,209.90
2007-02-03 03:00:00,141.74
2007-02-03 04:00:00,131.29
2007-02-03 05:00:00,139.59
2007-02-03 06:00:00,124.83
2007-02-03 07:00:00,122.94
2007-02-03 08:00:00,130.99
2007-02-03 09:00:00,87.74
2007-02-03 10:00:00,92.37
2007-02-03 11:00:00,98.93
2007-02-03 12:00:00,94.77
2007-02-03 13:00:00,100.19
2007-02-03 14:00:00,235.63
2007-02-03 15:00:00,140.32
2007-02-03 16:00:00,152.79
2007-02-03 17:00:00,146.60
2007-02-03 18:00:00,301.27
2007-02-03 19:00:00,348.88
2007-02-03 20:00:00,209.48
2007-02-03 21:00:00,222.04
2007-02-03 22:00:00,201.06
2007-02-03 23:00:00,164.05
2007-02-04 00:00:00,304.40
2007-02-04 01:00:00,249.56
2007-02-04 02:00:00,141.37
2007-02-04 03:00:00,116.95
2007-02-04 04:00:00,117.72
2007-02-04 05:00:00,120.61
2007-02-04 06:00:00,175.67
2007-02-04 07:00:00,115.29
2007-02-04 08:00:00,135.93
2007-02-04 09:00:00,163.61
2007-02-04 10:00:00,144.68
2007-02-04 11:00:00,70.82
2007-02-04 12:00:00,128.76
2007-02-04 13:00:00,117.30
2007-02-04 14:00:00,89.19
2007-02-04 15:00:00,148.49
2007-02-04 16:00:00,213.99
2007-02-04 17:00:00,137.98
2007-02-04 18:00:00,160.57
2007-02-04 19:00:00,187.58
2007-02-04 20:00:00,188.53
2007-02-04 21:00:00,143.88
2007-02-04 22:00:00,94.87
2007-02-04 23:00:00,128.19
2007-02-05 00:00:00,24.45
2007-02-05 01:00:00,20.71
2007-02-05 02:00:00,22.02
2007-02-05 03:00:00,22.54
2007-02-05 04:00:00,20.91
2007-02-05 05:00:00,69.15
2007-02-05 06:00:00,36.66
2007-02-05 07:00:00,99.57
2007-02-05 08:00:00,179.12
2007-02-05 09:00:00,81.60
2007-02-05 10:00:00,81.52
2007-02-05 11:00:00,18.11
2007-02-05 12:00:00,45.64
2007-02-05 13:00:00,37.93
2007-02-05 14:00:00,65.25
2007-02-05 15:00:00,96.58
2007-02-05 16:00:00,49.98
2007-02-05 17:00:00,45.70
2007-02-05 18:00:00,59.90
2007-02-05 19:00:00,133.46
2007-02-05 20:00:00,206.55
2007-02-05 21:00:00,140.10
2007-02-05 22:00:00,62.63
2007-02-05 23:00:00,25.19
2007-02-06 00:00:00,24.10
2007-02-06 01:00:00,46.45
2007-02-06 02:00:00,19.50
2007-02-06 03:00:00,17.77
2007-02-06 04:00:00,16.27
2007-02-06 05:00:00,19.13
2007-02-06 06:00:00,35.80
2007-02-06 07:00:00,83.29
2007-02-06 08:00:00,111.37
2007-02-06 09:00:00,54.47
2007-02-06 10:00:00,41.08
2007-02-06 11:00:00,44.31
2007-02-06 12:00:00,32.90
2007-02-06 13:00:00,51.05
2007-02-06 14:00:00,69.40
2007-02-06 15:00:00,94.93
2007-02-06 16:00:00,41.40
2007-02-06 17:00:00,40.73
2007-02-06 18:00:00,40.16
2007-02-06 19:00:00,37.86
2007-02-06 20:00:00,113.80
2007-02-06 21:00:00,166.74
2007-02-06 22:00:00,53.33
2007-02-06 23:00:00,17.65
2007-02-07 00:00:00,18.61
2007-02-07 01:00:00,16.08
2007-02-07 02:00:00,19.61
2007-02-07 03:00:00,16.43
2007-02-07 04:00:00,16.77
2007-02-07 05:00:00,20.07
2007-02-07 06:00:00,133.91
2007-02-07 07:00:00,166.19
2007-02-07 08:00:00,131.43
2007-02-07 09:00:00,113.60
2007-02-07 10:00:00,81.02
2007-02-07 11:00:00,136.91
2007-02-07 12:00:00,124.72
2007-02-07 13:00:00,100.04
2007-02-07 14:00:00,98.77
2007-02-07 15:00:00,157.13
2007-02-07 16:00:00,117.40
2007-02-07 17:00:00,73.27
2007-02-07 18:00:00,106.32
2007-02-07 19:00:00,147.02
2007-02-07 20:00:00,107.11
2007-02-07 21:00:00,223.97
2007-02-07 22:00:00,150.13
2007-02-07 23:00:00,51.49
2007-02-08 00:00:00,18.22
2007-02-08 01:00:00,17.56
2007-02-08 02:00:00,16.03
2007-02-08 03:00:00,20.45
2007-02-08 04:00:00,19.68
2007-02-08 05:00:00,44.67
2007-02-08 06:00:00,70.19
2007-02-08 07:00:00,114.94
2007-02-08 08:00:00,104.33
2007-02-08 09:00:00,86.97
2007-02-08 10:00:00,80.33
2007-02-08 11:00:00,79.29
2007-02-08 12:00:00,83.29
2007-02-08 13:00:00,24.17
2007-02-08 14:00:00,20.13
2007-02-08 15:00:00,36.08
2007-02-08 16:00:00,39.00
2007-02-08 17:00:00,106.13
2007-02-08 18:00:00,106.33
2007-02-08 19:00:00,201.75
2007-02-08 20:00:00,178.72
2007-02-08 21:00:00,163.81
2007-02-08 22:00:00,121.57
2007-02-08 23:00:00,47.79
2007-02-09 00:00:00,19.23
2007-02-09 01:00:00,17.48
2007-02-09 02:00:00,20.56
2007-02-09 03:00:00,16.47
2007-02-09 04:00:00,16.78
2007-02-09 05:00:00,18.28
2007-02-09 06:00:00,65.18
2007-02-09 07:00:00,142.94
2007-02-09 08:00:00,99.49
2007-02-09 09:00:00,80.34
2007-02-09 10:00:00,79.81
2007-02-09 11:00:00,83.24
2007-02-09 12:00:00,59.35
2007-02-09 13:00:00,61.66
2007-02-09 14:00:00,85.08
2007-02-09 15:00:00,41.08
2007-02-09 16:00:00,21.08
2007-02-09 17:00:00,19.53
2007-02-09 18:00:00,32.75
2007-02-09 19:00:00,94.35
2007-02-09 20:00:00,143.07
2007-02-09 21:00:00,135.06
2007-02-09 22:00:00,230.15
2007-02-09 23:00:00,37.24
2007-02-10 00:00:00,22.34
2007-02-10 01:00:00,19.40
2007-02-10 02:00:00,22.55
2007-02-10 03:00:00,20.09
2007-02-10 04:00:00,20.26
2007-02-10 05:00:00,21.20
2007-02-10 06:00:00,53.28
2007-02-10 07:00:00,88.06
2007-02-10 08:00:00,100.03
2007-02-10 09:00:00,107.82
2007-02-10 10:00:00,136.12
2007-02-10 11:00:00,153.14
2007-02-10 12:00:00,167.40
2007-02-10 13:00:00,122.11
2007-02-10 14:00:00,124.18
2007-02-10 15:00:00,90.63
2007-02-10 16:00:00,90.02
2007-02-10 17:00:00,108.12
2007-02-10 18:00:00,210.96
2007-02-10 19:00:00,282.69
2007-02-10 20:00:00,244.18
2007-02-10 21:00:00,153.63
2007-02-10 22:00:00,281.43
2007-02-10 23:00:00,189.70
2007-02-11 00:00:00,139.48
2007-02-11 01:00:00,120.01
2007-02-11 02:00:00,118.11
2007-02-11 03:00:00,117.09
2007-02-11 04:00:00,124.56
2007-02-11 05:00:00,163.95
2007-02-11 06:00:00,150.81
2007-02-11 07:00:00,144.50
2007-02-11 08:00:00,159.25
2007-02-11 09:00:00,160.86
2007-02-11 10:00:00,126.05
2007-02-11 11:00:00,206.39
2007-02-11 12:00:00,227.48
2007-02-11 13:00:00,178.43
2007-02-11 14:00:00,205.87
2007-02-11 15:00:00,176.07
2007-02-11 16:00:00,26.31
2007-02-11 17:00:00,91.97
2007-02-11 18:00:00,181.61
2007-02-11 19:00:00,209.09
2007-02-11 20:00:00,189.72
2007-02-11 21:00:00,157.97
2007-02-11 22:00:00,110.57
2007-02-11 23:00:00,85.10
2007-02-12 00:00:00,86.16
2007-02-12 01:00:00,27.08
2007-02-12 02:00:00,19.94
2007-02-12 03:00:00,20.79
2007-02-12 04:00:00,18.09
2007-02-12 05:00:00,19.00
2007-02-12 06:00:00,108.81
2007-02-12 07:00:00,147.96
2007-02-12 08:00:00,130.32
2007-02-12 09:00:00,119.60
2007-02-12 10:00:00,80.50
2007-02-12 11:00:00,82.54
2007-02-12 12:00:00,55.29
2007-02-12 13:00:00,43.70
2007-02-12 14:00:00,78.54
2007-02-12 15:00:00,83.33
2007-02-12 16:00:00,46.23
2007-02-12 17:00:00,43.31
2007-02-12 18:00:00,61.40
2007-02-12 19:00:00,135.34
2007-02-12 20:00:00,216.33
2007-02-12 21:00:00,141.25
2007-02-12 22:00:00,56.90
2007-02-12 23:00:00,55.20
2007-02-13 00:00:00,16.55
2007-02-13 01:00:00,19.09
2007-02-13 02:00:00,17.33
2007-02-13 03:00:00,17.82
2007-02-13 04:00:00,16.77
2007-02-13 05:00:00,17.12
2007-02-13 06:00:00,56.66
2007-02-13 07:00:00,100.38
2007-02-13 08:00:00,61.23
2007-02-13 09:00:00,31.68
2007-02-13 10:00:00,29.74
2007-02-13 11:00:00,34.92
2007-02-13 12:00:00,31.84
2007-02-13 13:00:00,19.33
2007-02-13 14:00:00,46.07
2007-02-13 15:00:00,26.41
2007-02-13 16:00:00,74.57
2007-02-13 17:00:00,89.76
2007-02-13 18:00:00,134.79
2007-02-13 19:00:00,147.58
2007-02-13 20:00:00,86.40
2007-02-13 21:00:00,212.72
2007-02-13 22:00:00,52.01
2007-02-13 23:00:00,73.79
2007-02-14 00:00:00,20.85
2007-02-14 01:00:00,17.04
2007-02-14 02:00:00,17.40
2007-02-14 03:00:00,19.22
2007-02-14 04:00:00,17.20
2007-02-14 05:00:00,17.35
2007-02-14 06:00:00,98.11
2007-02-14 07:00:00,162.99
2007-02-14 08:00:00,152.92
2007-02-14 09:00:00,114.36
2007-02-14 10:00:00,79.54
2007-02-14 11:00:00,114.60
2007-02-14 12:00:00,207.08
2007-02-14 13:00:00,149.38
2007-02-14 14:00:00,145.81
2007-02-14 15:00:00,261.85
2007-02-14 16:00:00,130.86
2007-02-14 17:00:00,58.71
2007-02-14 18:00:00,144.99
2007-02-14 19:00:00,139.78
2007-02-14 20:00:00,109.19
2007-02-14 21:00:00,203.84
2007-02-14 22:00:00,95.20
2007-02-14 23:00:00,20.40
2007-02-15 00:00:00,25.20
2007-02-15 01:00:00,24.26
2007-02-15 02:00:00,21.88
2007-02-15 03:00:00,18.87
2007-02-15 04:00:00,17.55
2007-02-15 05:00:00,64.07
2007-02-15 06:00:00,101.19
2007-02-15 07:00:00,139.79
2007-02-15 08:00:00,87.02
2007-02-15 09:00:00,86.07
2007-02-15 10:00:00,82.18
2007-02-15 11:00:00,82.99
2007-02-15 12:00:00,85.42
2007-02-15 13:00:00,64.03
2007-02-15 14:00:00,19.61
2007-02-15 15:00:00,19.27
2007-02-15 16:00:00,27.63
2007-02-15 17:00:00,24.93
2007-02-15 18:00:00,106.65
2007-02-15 19:00:00,246.65
2007-02-15 20:00:00,217.07
2007-02-15 21:00:00,177.74
2007-02-15 22:00:00,145.45
2007-02-15 23:00:00,99.84
2007-02-16 00:00:00,93.73
2007-02-16 01:00:00,49.55
2007-02-16 02:00:00,31.86
2007-02-16 03:00:00,30.04
2007-02-16 04:00:00,29.42
2007-02-16 05:00:00,34.93
2007-02-16 06:00:00,199.59
2007-02-16 07:00:00,145.19
2007-02-16 08:00:00,20.10
2007-02-16 09:00:00,20.64
2007-02-16 10:00:00,21.32
2007-02-16 11:00:00,59.36
2007-02-16 12:00:00,19.96
2007-02-16 13:00:00,21.90
2007-02-16 14:00:00,19.75
2007-02-16 15:00:00,19.51
2007-02-16 16:00:00,20.56
2007-02-16 17:00:00,24.77
2007-02-16 18:00:00,84.61
2007-02-16 19:00:00,187.78
2007-02-16 20:00:00,169.58
2007-02-16 21:00:00,167.71
2007-02-16 22:00:00,122.20
2007-02-16 23:00:00,108.46
2007-02-17 00:00:00,90.82
2007-02-17 01:00:00,67.12
2007-02-17 02:00:00,17.23
2007-02-17 03:00:00,19.43
2007-02-17 04:00:00,18.86
2007-02-17 05:00:00,28.79
2007-02-17 06:00:00,29.23
2007-02-17 07:00:00,58.40
2007-02-17 08:00:00,156.62
2007-02-17 09:00:00,123.93
2007-02-17 10:00:00,48.81
2007-02-17 11:00:00,17.17
2007-02-17 12:00:00,26.84
2007-02-17 13:00:00,136.21
2007-02-17 14:00:00,97.01
2007-02-17 15:00:00,108.13
2007-02-17 16:00:00,34.14
2007-02-17 17:00:00,26.20
2007-02-17 18:00:00,65.82
2007-02-17 19:00:00,161.67
2007-02-17 20:00:00,112.44
2007-02-17 21:00:00,165.03
2007-02-17 22:00:00,230.90
2007-02-17 23:00:00,236.11
2007-02-18 00:00:00,267.90
2007-02-18 01:00:00,233.30
2007-02-18 02:00:00,144.84
2007-02-18 03:00:00,82.52
2007-02-18 04:00:00,18.29
2007-02-18 05:00:00,50.56
2007-02-18 06:00:00,215.42
2007-02-18 07:00:00,145.44
2007-02-18 08:00:00,203.76
2007-02-18 09:00:00,205.36
2007-02-18 10:00:00,252.03
2007-02-18 11:00:00,147.38
2007-02-18 12:00:00,219.66
2007-02-18 13:00:00,200.22
2007-02-18 14:00:00,212.76
2007-02-18 15:00:00,98.84
2007-02-18 16:00:00,129.68
2007-02-18 17:00:00,128.56
2007-02-18 18:00:00,204.08
2007-02-18 19:00:00,236.76
2007-02-18 20:00:00,204.05
2007-02-18 21:00:00,157.70
2007-02-18 22:00:00,47.45
2007-02-18 23:00:00,23.21
2007-02-19 00:00:00,22.00
2007-02-19 01:00:00,50.49
2007-02-19 02:00:00,18.23
2007-02-19 03:00:00,21.15
2007-02-19 04:00:00,19.99
2007-02-19 05:00:00,18.74
2007-02-19 06:00:00,83.51
2007-02-19 07:00:00,116.87
2007-02-19 08:00:00,97.43
2007-02-19 09:00:00,81.28
2007-02-19 10:00:00,85.55
2007-02-19 11:00:00,83.97
2007-02-19 12:00:00,108.43
2007-02-19 13:00:00,59.28
2007-02-19 14:00:00,20.74
2007-02-19 15:00:00,17.79
2007-02-19 16:00:00,19.70
2007-02-19 17:00:00,34.76
2007-02-19 18:00:00,204.64
2007-02-19 19:00:00,255.81
2007-02-19 20:00:00,238.40
2007-02-19 21:00:00,219.47
2007-02-19 22:00:00,158.30
2007-02-19 23:00:00,150.07
2007-02-20 00:00:00,149.32
2007-02-20 01:00:00,143.79
2007-02-20 02:00:00,146.67
2007-02-20 03:00:00,170.84
2007-02-20 04:00:00,159.98
2007-02-20 05:00:00,141.81
2007-02-20 06:00:00,171.52
2007-02-20 07:00:00,265.00
2007-02-20 08:00:00,208.94
2007-02-20 09:00:00,160.18
2007-02-20 10:00:00,106.01
2007-02-20 11:00:00,101.12
2007-02-20 12:00:00,98.29
2007-02-20 13:00:00,116.93
2007-02-20 14:00:00,93.84
2007-02-20 15:00:00,22.87
2007-02-20 16:00:00,25.58
2007-02-20 17:00:00,25.99
2007-02-20 18:00:00,60.08
2007-02-20 19:00:00,121.87
2007-02-20 20:00:00,264.28
2007-02-20 21:00:00,168.24
2007-02-20 22:00:00,119.63
2007-02-20 23:00:00,107.15
2007-02-21 00:00:00,19.17
2007-02-21 01:00:00,18.26
2007-02-21 02:00:00,56.11
2007-02-21 03:00:00,18.45
2007-02-21 04:00:00,18.51
2007-02-21 05:00:00,16.59
2007-02-21 06:00:00,36.92
2007-02-21 07:00:00,125.74
2007-02-21 08:00:00,85.94
2007-02-21 09:00:00,80.29
2007-02-21 10:00:00,85.33
2007-02-21 11:00:00,41.86
2007-02-21 12:00:00,48.26
2007-02-21 13:00:00,26.14
2007-02-21 14:00:00,20.19
2007-02-21 15:00:00,102.04
2007-02-21 16:00:00,109.70
2007-02-21 17:00:00,122.30
2007-02-21 18:00:00,171.55
2007-02-21 19:00:00,181.25
2007-02-21 20:00:00,240.97
2007-02-21 21:00:00,126.79
2007-02-21 22:00:00,159.69
2007-02-21 23:00:00,160.83
2007-02-22 00:00:00,119.27
2007-02-22 01:00:00,140.70
2007-02-22 02:00:00,140.90
2007-02-22 03:00:00,142.42
2007-02-22 04:00:00,137.93
2007-02-22 05:00:00,140.90
2007-02-22 06:00:00,213.05
2007-02-22 07:00:00,237.81
2007-02-22 08:00:00,210.68
2007-02-22 09:00:00,98.10
2007-02-22 10:00:00,87.76
2007-02-22 11:00:00,91.59
2007-02-22 12:00:00,100.51
2007-02-22 13:00:00,20.49
2007-02-22 14:00:00,36.50
2007-02-22 15:00:00,29.27
2007-02-22 16:00:00,42.46
2007-02-22 17:00:00,42.16
2007-02-22 18:00:00,96.84
2007-02-22 19:00:00,269.40
2007-02-22 20:00:00,207.65
2007-02-22 21:00:00,381.83
2007-02-22 22:00:00,209.99
2007-02-22 23:00:00,177.33
2007-02-23 00:00:00,61.02
2007-02-23 01:00:00,17.78
2007-02-23 02:00:00,18.70
2007-02-23 03:00:00,16.74
2007-02-23 04:00:00,19.46
2007-02-23 05:00:00,15.76
2007-02-23 06:00:00,17.21
2007-02-23 07:00:00,140.36
2007-02-23 08:00:00,120.35
2007-02-23 09:00:00,100.02
2007-02-23 10:00:00,91.49
2007-02-23 11:00:00,75.41
2007-02-23 12:00:00,87.22
2007-02-23 13:00:00,90.99
2007-02-23 14:00:00,84.19
2007-02-23 15:00:00,83.92
2007-02-23 16:00:00,83.37
2007-02-23 17:00:00,42.95
2007-02-23 18:00:00,20.25
2007-02-23 19:00:00,16.89
2007-02-23 20:00:00,18.60
2007-02-23 21:00:00,19.61
2007-02-23 22:00:00,20.64
2007-02-23 23:00:00,50.57
2007-02-24 00:00:00,22.92
2007-02-24 01:00:00,18.21
2007-02-24 02:00:00,17.08
2007-02-24 03:00:00,68.56
2007-02-24 04:00:00,23.60
2007-02-24 05:00:00,15.87
2007-02-24 06:00:00,18.41
2007-02-24 07:00:00,30.31
2007-02-24 08:00:00,121.40
2007-02-24 09:00:00,107.19
2007-02-24 10:00:00,17.62
2007-02-24 11:00:00,17.56
2007-02-24 12:00:00,15.85
2007-02-24 13:00:00,18.85
2007-02-24 14:00:00,15.86
2007-02-24 15:00:00,17.07
2007-02-24 16:00:00,17.13
2007-02-24 17:00:00,43.16
2007-02-24 18:00:00,26.14
2007-02-24 19:00:00,14.93
2007-02-24 20:00:00,16.89
2007-02-24 21:00:00,17.40
2007-02-24 22:00:00,14.96
2007-02-24 23:00:00,17.96
2007-02-25 00:00:00,16.78
2007-02-25 01:00:00,17.69
2007-02-25 02:00:00,16.04
2007-02-25 03:00:00,44.65
2007-02-25 04:00:00,35.02
2007-02-25 05:00:00,16.47
2007-02-25 06:00:00,18.13
2007-02-25 07:00:00,15.19
2007-02-25 08:00:00,17.11
2007-02-25 09:00:00,17.73
2007-02-25 10:00:00,15.28
2007-02-25 11:00:00,18.82
2007-02-25 12:00:00,15.80
2007-02-25 13:00:00,16.24
2007-02-25 14:00:00,72.17
2007-02-25 15:00:00,15.97
2007-02-25 16:00:00,17.35
2007-02-25 17:00:00,15.89
2007-02-25 18:00:00,16.39
2007-02-25 19:00:00,16.90
2007-02-25 20:00:00,16.09
2007-02-25 21:00:00,18.06
2007-02-25 22:00:00,15.24
2007-02-25 23:00:00,16.73
2007-02-26 00:00:00,32.31
2007-02-26 01:00:00,56.84
2007-02-26 02:00:00,17.79
2007-02-26 03:00:00,16.11
2007-02-26 04:00:00,15.71
2007-02-26 05:00:00,16.77
2007-02-26 06:00:00,17.06
2007-02-26 07:00:00,17.28
2007-02-26 08:00:00,14.93
2007-02-26 09:00:00,16.60
2007-02-26 10:00:00,16.63
2007-02-26 11:00:00,46.36
2007-02-26 12:00:00,45.41
2007-02-26 13:00:00,15.76
2007-02-26 14:00:00,15.80
2007-02-26 15:00:00,18.17
2007-02-26 16:00:00,16.44
2007-02-26 17:00:00,17.40
2007-02-26 18:00:00,15.89
2007-02-26 19:00:00,15.77
2007-02-26 20:00:00,16.86
2007-02-26 21:00:00,16.04
2007-02-26 22:00:00,54.40
2007-02-26 23:00:00,36.17
2007-02-27 00:00:00,15.54
2007-02-27 01:00:00,18.67
2007-02-27 02:00:00,15.65
2007-02-27 03:00:00,17.38
2007-02-27 04:00:00,16.60
2007-02-27 05:00:00,15.01
2007-02-27 06:00:00,17.54
2007-02-27 07:00:00,16.78
2007-02-27 08:00:00,17.06
2007-02-27 09:00:00,66.73
2007-02-27 10:00:00,22.50
2007-02-27 11:00:00,18.01
2007-02-27 12:00:00,16.22
2007-02-27 13:00:00,17.60
2007-02-27 14:00:00,17.11
2007-02-27 15:00:00,15.46
2007-02-27 16:00:00,18.42
2007-02-27 17:00:00,16.97
2007-02-27 18:00:00,16.07
2007-02-27 19:00:00,18.64
2007-02-27 20:00:00,72.95
2007-02-27 21:00:00,17.67
2007-02-27 22:00:00,16.05
2007-02-27 23:00:00,17.46
2007-02-28 00:00:00,17.46
2007-02-28 01:00:00,15.55
2007-02-28 02:00:00,19.19
2007-02-28 03:00:00,16.28
2007-02-28 04:00:00,15.70
2007-02-28 05:00:00,17.87
2007-02-28 06:00:00,20.81
2007-02-28 07:00:00,72.33
2007-02-28 08:00:00,15.80
2007-02-28 09:00:00,16.25
2007-02-28 10:00:00,17.40
2007-02-28 11:00:00,15.16
2007-02-28 12:00:00,19.01
2007-02-28 13:00:00,15.76
2007-02-28 14:00:00,15.15
2007-02-28 15:00:00,18.05
2007-02-28 16:00:00,16.12
2007-02-28 17:00:00,18.22
2007-02-28 18:00:00,75.00
2007-02-28 19:00:00,16.11
2007-02-28 20:00:00,17.16
2007-02-28 21:00:00,15.43
2007-02-28 22:00:00,18.90
2007-02-28 23:00:00,16.05
2007-03-01 00:00:00,15.43
2007-03-01 01:00:00,18.48
2007-03-01 02:00:00,16.62
2007-03-01 03:00:00,17.20
2007-03-01 04:00:00,16.34
2007-03-01 05:00:00,70.14
2007-03-01 06:00:00,21.91
2007-03-01 07:00:00,15.79
2007-03-01 08:00:00,17.47
2007-03-01 09:00:00,16.49
2007-03-01 10:00:00,15.10
2007-03-01 11:00:00,17.89
2007-03-01 12:00:00,16.52
2007-03-01 13:00:00,16.18
2007-03-01 14:00:00,16.77
2007-03-01 15:00:00,16.54
2007-03-01 16:00:00,74.62
2007-03-01 17:00:00,19.13
2007-03-01 18:00:00,16.71
2007-03-01 19:00:00,16.71
2007-03-01 20:00:00,15.01
2007-03-01 21:00:00,18.59
2007-03-01 22:00:00,16.07
2007-03-01 23:00:00,15.83
2007-03-02 00:00:00,17.17
2007-03-02 01:00:00,17.02
2007-03-02 02:00:00,17.46
2007-03-02 03:00:00,51.18
2007-03-02 04:00:00,38.86
2007-03-02 05:00:00,17.57
2007-03-02 06:00:00,15.73
2007-03-02 07:00:00,17.69
2007-03-02 08:00:00,16.16
2007-03-02 09:00:00,15.01
2007-03-02 10:00:00,17.84
2007-03-02 11:00:00,16.43
2007-03-02 12:00:00,16.42
2007-03-02 13:00:00,15.90
2007-03-02 14:00:00,55.98
2007-03-02 15:00:00,38.35
2007-03-02 16:00:00,15.12
2007-03-02 17:00:00,16.36
2007-03-02 18:00:00,16.94
2007-03-02 19:00:00,15.40
2007-03-02 20:00:00,17.49
2007-03-02 21:00:00,16.30
2007-03-02 22:00:00,15.54
2007-03-02 23:00:00,17.76
2007-03-03 00:00:00,17.51
2007-03-03 01:00:00,52.77
2007-03-03 02:00:00,40.14
2007-03-03 03:00:00,16.88
2007-03-03 04:00:00,18.77
2007-03-03 05:00:00,15.44
2007-03-03 06:00:00,18.68
2007-03-03 07:00:00,17.34
2007-03-03 08:00:00,15.75
2007-03-03 09:00:00,18.42
2007-03-03 10:00:00,16.95
2007-03-03 11:00:00,17.80
2007-03-03 12:00:00,38.62
2007-03-03 13:00:00,54.12
2007-03-03 14:00:00,18.41
2007-03-03 15:00:00,16.10
2007-03-03 16:00:00,18.95
2007-03-03 17:00:00,16.68
2007-03-03 18:00:00,22.25
2007-03-03 19:00:00,92.31
2007-03-03 20:00:00,108.81
2007-03-03 21:00:00,89.04
2007-03-03 22:00:00,58.09
2007-03-03 23:00:00,19.29
2007-03-04 00:00:00,15.60
2007-03-04 01:00:00,16.00
2007-03-04 02:00:00,19.15
2007-03-04 03:00:00,15.31
2007-03-04 04:00:00,18.16
2007-03-04 05:00:00,17.09
2007-03-04 06:00:00,40.68
2007-03-04 07:00:00,40.10
2007-03-04 08:00:00,17.02
2007-03-04 09:00:00,18.32
2007-03-04 10:00:00,16.06
2007-03-04 11:00:00,17.70
2007-03-04 12:00:00,17.65
2007-03-04 13:00:00,80.57
2007-03-04 14:00:00,27.43
2007-03-04 15:00:00,114.21
2007-03-04 16:00:00,200.68
2007-03-04 17:00:00,245.23
2007-03-04 18:00:00,246.37
2007-03-04 19:00:00,325.93
2007-03-04 20:00:00,245.77
2007-03-04 21:00:00,236.50
2007-03-04 22:00:00,80.10
2007-03-04 23:00:00,19.07
2007-03-05 00:00:00,20.80
2007-03-05 01:00:00,16.92
2007-03-05 02:00:00,18.26
2007-03-05 03:00:00,18.52
2007-03-05 04:00:00,16.80
2007-03-05 05:00:00,19.02
2007-03-05 06:00:00,92.20
2007-03-05 07:00:00,235.57
2007-03-05 08:00:00,114.26
2007-03-05 09:00:00,113.51
2007-03-05 10:00:00,83.05
2007-03-05 11:00:00,81.97
2007-03-05 12:00:00,43.29
2007-03-05 13:00:00,66.33
2007-03-05 14:00:00,155.84
2007-03-05 15:00:00,99.81
2007-03-05 16:00:00,150.48
2007-03-05 17:00:00,162.68
2007-03-05 18:00:00,201.39
2007-03-05 19:00:00,338.69
2007-03-05 20:00:00,252.33
2007-03-05 21:00:00,210.69
2007-03-05 22:00:00,130.77
2007-03-05 23:00:00,17.17
2007-03-06 00:00:00,17.37
2007-03-06 01:00:00,16.61
2007-03-06 02:00:00,17.18
2007-03-06 03:00:00,16.99
2007-03-06 04:00:00,16.20
2007-03-06 05:00:00,17.16
2007-03-06 06:00:00,96.26
2007-03-06 07:00:00,151.41
2007-03-06 08:00:00,74.20
2007-03-06 09:00:00,51.90
2007-03-06 10:00:00,51.38
2007-03-06 11:00:00,41.95
2007-03-06 12:00:00,27.57
2007-03-06 13:00:00,59.26
2007-03-06 14:00:00,24.02
2007-03-06 15:00:00,22.82
2007-03-06 16:00:00,24.62
2007-03-06 17:00:00,23.98
2007-03-06 18:00:00,43.22
2007-03-06 19:00:00,114.83
2007-03-06 20:00:00,160.59
2007-03-06 21:00:00,104.53
2007-03-06 22:00:00,29.38
2007-03-06 23:00:00,43.05
2007-03-07 00:00:00,40.02
2007-03-07 01:00:00,15.72
2007-03-07 02:00:00,18.41
2007-03-07 03:00:00,16.06
2007-03-07 04:00:00,16.19
2007-03-07 05:00:00,17.95
2007-03-07 06:00:00,106.88
2007-03-07 07:00:00,106.76
2007-03-07 08:00:00,130.09
2007-03-07 09:00:00,128.69
2007-03-07 10:00:00,84.83
2007-03-07 11:00:00,101.66
2007-03-07 12:00:00,106.40
2007-03-07 13:00:00,85.19
2007-03-07 14:00:00,85.35
2007-03-07 15:00:00,81.56
2007-03-07 16:00:00,84.32
2007-03-07 17:00:00,21.27
2007-03-07 18:00:00,152.54
2007-03-07 19:00:00,291.15
2007-03-07 20:00:00,261.91
2007-03-07 21:00:00,194.13
2007-03-07 22:00:00,167.51
2007-03-07 23:00:00,60.62
2007-03-08 00:00:00,21.73
2007-03-08 01:00:00,21.74
2007-03-08 02:00:00,42.44
2007-03-08 03:00:00,37.63
2007-03-08 04:00:00,22.87
2007-03-08 05:00:00,21.32
2007-03-08 06:00:00,38.84
2007-03-08 07:00:00,143.42
2007-03-08 08:00:00,132.75
2007-03-08 09:00:00,61.05
2007-03-08 10:00:00,22.79
2007-03-08 11:00:00,21.51
2007-03-08 12:00:00,22.41
2007-03-08 13:00:00,21.36
2007-03-08 14:00:00,21.48
2007-03-08 15:00:00,23.40
2007-03-08 16:00:00,27.63
2007-03-08 17:00:00,51.17
2007-03-08 18:00:00,36.46
2007-03-08 19:00:00,211.57
2007-03-08 20:00:00,200.92
2007-03-08 21:00:00,194.04
2007-03-08 22:00:00,138.15
2007-03-08 23:00:00,35.45
2007-03-09 00:00:00,16.63
2007-03-09 01:00:00,18.82
2007-03-09 02:00:00,17.82
2007-03-09 03:00:00,17.46
2007-03-09 04:00:00,18.11
2007-03-09 05:00:00,16.01
2007-03-09 06:00:00,48.73
2007-03-09 07:00:00,116.55
2007-03-09 08:00:00,121.01
2007-03-09 09:00:00,129.98
2007-03-09 10:00:00,112.58
2007-03-09 11:00:00,105.89
2007-03-09 12:00:00,84.41
2007-03-09 13:00:00,85.55
2007-03-09 14:00:00,51.69
2007-03-09 15:00:00,23.55
2007-03-09 16:00:00,21.97
2007-03-09 17:00:00,19.51
2007-03-09 18:00:00,20.10
2007-03-09 19:00:00,58.95
2007-03-09 20:00:00,22.01
2007-03-09 21:00:00,27.22
2007-03-09 22:00:00,61.40
2007-03-09 23:00:00,56.68
2007-03-10 00:00:00,20.01
2007-03-10 01:00:00,18.03
2007-03-10 02:00:00,17.68
2007-03-10 03:00:00,59.38
2007-03-10 04:00:00,16.64
2007-03-10 05:00:00,18.84
2007-03-10 06:00:00,16.94
2007-03-10 07:00:00,38.03
2007-03-10 08:00:00,72.26
2007-03-10 09:00:00,128.81
2007-03-10 10:00:00,186.74
2007-03-10 11:00:00,141.81
2007-03-10 12:00:00,108.97
2007-03-10 13:00:00,103.32
2007-03-10 14:00:00,130.50
2007-03-10 15:00:00,184.40
2007-03-10 16:00:00,133.35
2007-03-10 17:00:00,132.52
2007-03-10 18:00:00,59.84
2007-03-10 19:00:00,186.07
2007-03-10 20:00:00,130.29
2007-03-10 21:00:00,200.21
2007-03-10 22:00:00,205.05
2007-03-10 23:00:00,175.05
2007-03-11 00:00:00,146.88
2007-03-11 01:00:00,143.04
2007-03-11 02:00:00,144.34
2007-03-11 03:00:00,145.89
2007-03-11 04:00:00,144.98
2007-03-11 05:00:00,145.90
2007-03-11 06:00:00,182.05
2007-03-11 07:00:00,202.06
2007-03-11 08:00:00,144.51
2007-03-11 09:00:00,155.16
2007-03-11 10:00:00,82.19
2007-03-11 11:00:00,46.42
2007-03-11 12:00:00,104.49
2007-03-11 13:00:00,198.46
2007-03-11 14:00:00,92.99
2007-03-11 15:00:00,151.38
2007-03-11 16:00:00,98.18
2007-03-11 17:00:00,115.02
2007-03-11 18:00:00,170.36
2007-03-11 19:00:00,277.89
2007-03-11 20:00:00,207.08
2007-03-11 21:00:00,171.00
2007-03-11 22:00:00,151.24
2007-03-11 23:00:00,59.13
2007-03-12 00:00:00,18.46
2007-03-12 01:00:00,17.49
2007-03-12 02:00:00,18.49
2007-03-12 03:00:00,17.15
2007-03-12 04:00:00,17.39
2007-03-12 05:00:00,17.12
2007-03-12 06:00:00,50.40
2007-03-12 07:00:00,109.34
2007-03-12 08:00:00,132.96
2007-03-12 09:00:00,130.62
2007-03-12 10:00:00,113.21
2007-03-12 11:00:00,115.83
2007-03-12 12:00:00,98.81
2007-03-12 13:00:00,59.87
2007-03-12 14:00:00,70.41
2007-03-12 15:00:00,58.92
2007-03-12 16:00:00,75.69
2007-03-12 17:00:00,89.47
2007-03-12 18:00:00,83.79
2007-03-12 19:00:00,198.69
2007-03-12 20:00:00,139.89
2007-03-12 21:00:00,159.82
2007-03-12 22:00:00,132.71
2007-03-12 23:00:00,24.12
2007-03-13 00:00:00,18.49
2007-03-13 01:00:00,18.15
2007-03-13 02:00:00,17.81
2007-03-13 03:00:00,18.00
2007-03-13 04:00:00,17.32
2007-03-13 05:00:00,18.36
2007-03-13 06:00:00,71.17
2007-03-13 07:00:00,93.79
2007-03-13 08:00:00,80.63
2007-03-13 09:00:00,43.13
2007-03-13 10:00:00,16.94
2007-03-13 11:00:00,19.03
2007-03-13 12:00:00,17.50
2007-03-13 13:00:00,16.81
2007-03-13 14:00:00,19.97
2007-03-13 15:00:00,16.37
2007-03-13 16:00:00,20.05
2007-03-13 17:00:00,58.26
2007-03-13 18:00:00,104.30
2007-03-13 19:00:00,207.31
2007-03-13 20:00:00,126.95
2007-03-13 21:00:00,38.85
2007-03-13 22:00:00,119.26
2007-03-13 23:00:00,111.67
2007-03-14 00:00:00,25.12
2007-03-14 01:00:00,21.26
2007-03-14 02:00:00,22.97
2007-03-14 03:00:00,22.16
2007-03-14 04:00:00,22.36
2007-03-14 05:00:00,20.84
2007-03-14 06:00:00,110.89
2007-03-14 07:00:00,95.88
2007-03-14 08:00:00,83.63
2007-03-14 09:00:00,80.45
2007-03-14 10:00:00,54.29
2007-03-14 11:00:00,58.79
2007-03-14 12:00:00,114.90
2007-03-14 13:00:00,89.90
2007-03-14 14:00:00,56.09
2007-03-14 15:00:00,52.04
2007-03-14 16:00:00,18.10
2007-03-14 17:00:00,23.89
2007-03-14 18:00:00,36.81
2007-03-14 19:00:00,222.39
2007-03-14 20:00:00,169.88
2007-03-14 21:00:00,217.47
2007-03-14 22:00:00,98.71
2007-03-14 23:00:00,74.54
2007-03-15 00:00:00,34.97
2007-03-15 01:00:00,16.35
2007-03-15 02:00:00,18.23
2007-03-15 03:00:00,17.16
2007-03-15 04:00:00,46.11
2007-03-15 05:00:00,20.83
2007-03-15 06:00:00,103.89
2007-03-15 07:00:00,126.15
2007-03-15 08:00:00,80.95
2007-03-15 09:00:00,73.45
2007-03-15 10:00:00,107.44
2007-03-15 11:00:00,88.34
2007-03-15 12:00:00,27.94
2007-03-15 13:00:00,24.54
2007-03-15 14:00:00,47.90
2007-03-15 15:00:00,159.96
2007-03-15 16:00:00,53.06
2007-03-15 17:00:00,33.96
2007-03-15 18:00:00,125.82
2007-03-15 19:00:00,214.58
2007-03-15 20:00:00,200.90
2007-03-15 21:00:00,144.68
2007-03-15 22:00:00,72.58
2007-03-15 23:00:00,45.03
2007-03-16 00:00:00,47.22
2007-03-16 01:00:00,43.80
2007-03-16 02:00:00,46.33
2007-03-16 03:00:00,46.32
2007-03-16 04:00:00,44.91
2007-03-16 05:00:00,46.30
2007-03-16 06:00:00,78.26
2007-03-16 07:00:00,58.20
2007-03-16 08:00:00,117.28
2007-03-16 09:00:00,120.91
2007-03-16 10:00:00,83.37
2007-03-16 11:00:00,16.73
2007-03-16 12:00:00,19.39
2007-03-16 13:00:00,16.85
2007-03-16 14:00:00,19.66
2007-03-16 15:00:00,16.83
2007-03-16 16:00:00,19.50
2007-03-16 17:00:00,51.19
2007-03-16 18:00:00,206.08
2007-03-16 19:00:00,226.89
2007-03-16 20:00:00,104.32
2007-03-16 21:00:00,91.64
2007-03-16 22:00:00,113.99
2007-03-16 23:00:00,66.08
2007-03-17 00:00:00,30.84
2007-03-17 01:00:00,18.01
2007-03-17 02:00:00,16.57
2007-03-17 03:00:00,17.36
2007-03-17 04:00:00,16.25
2007-03-17 05:00:00,16.96
2007-03-17 06:00:00,38.04
2007-03-17 07:00:00,76.20
2007-03-17 08:00:00,106.98
2007-03-17 09:00:00,83.84
2007-03-17 10:00:00,102.19
2007-03-17 11:00:00,82.96
2007-03-17 12:00:00,91.64
2007-03-17 13:00:00,105.02
2007-03-17 14:00:00,89.51
2007-03-17 15:00:00,115.66
2007-03-17 16:00:00,51.09
2007-03-17 17:00:00,158.23
2007-03-17 18:00:00,126.46
2007-03-17 19:00:00,149.03
2007-03-17 20:00:00,247.79
2007-03-17 21:00:00,202.86
2007-03-17 22:00:00,66.88
2007-03-17 23:00:00,17.73
2007-03-18 00:00:00,18.92
2007-03-18 01:00:00,16.56
2007-03-18 02:00:00,19.87
2007-03-18 03:00:00,17.97
2007-03-18 04:00:00,19.05
2007-03-18 05:00:00,30.58
2007-03-18 06:00:00,101.93
2007-03-18 07:00:00,180.17
2007-03-18 08:00:00,185.90
2007-03-18 09:00:00,197.55
2007-03-18 10:00:00,214.90
2007-03-18 11:00:00,140.16
2007-03-18 12:00:00,115.48
2007-03-18 13:00:00,71.47
2007-03-18 14:00:00,58.59
2007-03-18 15:00:00,25.79
2007-03-18 16:00:00,24.48
2007-03-18 17:00:00,27.60
2007-03-18 18:00:00,147.26
2007-03-18 19:00:00,247.49
2007-03-18 20:00:00,193.06
2007-03-18 21:00:00,168.55
2007-03-18 22:00:00,80.96
2007-03-18 23:00:00,66.75
2007-03-19 00:00:00,53.35
2007-03-19 01:00:00,47.70
2007-03-19 02:00:00,20.65
2007-03-19 03:00:00,16.51
2007-03-19 04:00:00,17.40
2007-03-19 05:00:00,17.42
2007-03-19 06:00:00,70.75
2007-03-19 07:00:00,118.77
2007-03-19 08:00:00,113.36
2007-03-19 09:00:00,104.49
2007-03-19 10:00:00,97.41
2007-03-19 11:00:00,68.08
2007-03-19 12:00:00,28.61
2007-03-19 13:00:00,28.62
2007-03-19 14:00:00,110.55
2007-03-19 15:00:00,93.11
2007-03-19 16:00:00,91.87
2007-03-19 17:00:00,84.03
2007-03-19 18:00:00,87.82
2007-03-19 19:00:00,204.39
2007-03-19 20:00:00,246.12
2007-03-19 21:00:00,237.24
2007-03-19 22:00:00,125.28
2007-03-19 23:00:00,68.96
2007-03-20 00:00:00,18.74
2007-03-20 01:00:00,38.30
2007-03-20 02:00:00,36.48
2007-03-20 03:00:00,17.23
2007-03-20 04:00:00,17.80
2007-03-20 05:00:00,16.40
2007-03-20 06:00:00,62.09
2007-03-20 07:00:00,118.42
2007-03-20 08:00:00,151.27
2007-03-20 09:00:00,121.97
2007-03-20 10:00:00,140.05
2007-03-20 11:00:00,122.72
2007-03-20 12:00:00,98.48
2007-03-20 13:00:00,50.28
2007-03-20 14:00:00,19.49
2007-03-20 15:00:00,16.99
2007-03-20 16:00:00,23.85
2007-03-20 17:00:00,18.40
2007-03-20 18:00:00,60.28
2007-03-20 19:00:00,191.11
2007-03-20 20:00:00,137.57
2007-03-20 21:00:00,317.56
2007-03-20 22:00:00,205.29
2007-03-20 23:00:00,85.45
2007-03-21 00:00:00,83.78
2007-03-21 01:00:00,81.64
2007-03-21 02:00:00,28.15
2007-03-21 03:00:00,18.90
2007-03-21 04:00:00,17.04
2007-03-21 05:00:00,18.94
2007-03-21 06:00:00,37.50
2007-03-21 07:00:00,76.48
2007-03-21 08:00:00,93.61
2007-03-21 09:00:00,79.96
2007-03-21 10:00:00,85.19
2007-03-21 11:00:00,112.10
2007-03-21 12:00:00,145.64
2007-03-21 13:00:00,104.77
2007-03-21 14:00:00,84.45
2007-03-21 15:00:00,72.48
2007-03-21 16:00:00,51.66
2007-03-21 17:00:00,112.78
2007-03-21 18:00:00,61.59
2007-03-21 19:00:00,182.55
2007-03-21 20:00:00,151.89
2007-03-21 21:00:00,114.56
2007-03-21 22:00:00,174.73
2007-03-21 23:00:00,151.68
2007-03-22 00:00:00,124.26
2007-03-22 01:00:00,34.34
2007-03-22 02:00:00,18.17
2007-03-22 03:00:00,17.18
2007-03-22 04:00:00,17.07
2007-03-22 05:00:00,17.86
2007-03-22 06:00:00,78.28
2007-03-22 07:00:00,137.01
2007-03-22 08:00:00,96.54
2007-03-22 09:00:00,82.48
2007-03-22 10:00:00,79.83
2007-03-22 11:00:00,76.14
2007-03-22 12:00:00,17.56
2007-03-22 13:00:00,17.57
2007-03-22 14:00:00,27.22
2007-03-22 15:00:00,20.90
2007-03-22 16:00:00,27.52
2007-03-22 17:00:00,55.02
2007-03-22 18:00:00,34.35
2007-03-22 19:00:00,92.96
2007-03-22 20:00:00,22.93
2007-03-22 21:00:00,155.48
2007-03-22 22:00:00,120.23
2007-03-22 23:00:00,84.12
2007-03-23 00:00:00,83.55
2007-03-23 01:00:00,58.70
2007-03-23 02:00:00,17.41
2007-03-23 03:00:00,15.97
2007-03-23 04:00:00,16.06
2007-03-23 05:00:00,16.59
2007-03-23 06:00:00,73.34
2007-03-23 07:00:00,118.16
2007-03-23 08:00:00,78.35
2007-03-23 09:00:00,80.22
2007-03-23 10:00:00,34.75
2007-03-23 11:00:00,16.30
2007-03-23 12:00:00,18.98
2007-03-23 13:00:00,15.53
2007-03-23 14:00:00,18.65
2007-03-23 15:00:00,17.41
2007-03-23 16:00:00,32.57
2007-03-23 17:00:00,44.87
2007-03-23 18:00:00,84.04
2007-03-23 19:00:00,96.56
2007-03-23 20:00:00,130.42
2007-03-23 21:00:00,91.39
2007-03-23 22:00:00,104.46
2007-03-23 23:00:00,44.75
2007-03-24 00:00:00,16.70
2007-03-24 01:00:00,45.32
2007-03-24 02:00:00,24.37
2007-03-24 03:00:00,16.91
2007-03-24 04:00:00,16.19
2007-03-24 05:00:00,17.65
2007-03-24 06:00:00,14.71
2007-03-24 07:00:00,58.52
2007-03-24 08:00:00,92.42
2007-03-24 09:00:00,151.05
2007-03-24 10:00:00,118.92
2007-03-24 11:00:00,99.12
2007-03-24 12:00:00,127.71
2007-03-24 13:00:00,117.77
2007-03-24 14:00:00,157.54
2007-03-24 15:00:00,194.71
2007-03-24 16:00:00,148.90
2007-03-24 17:00:00,144.56
2007-03-24 18:00:00,181.39
2007-03-24 19:00:00,300.95
2007-03-24 20:00:00,233.27
2007-03-24 21:00:00,194.42
2007-03-24 22:00:00,247.07
2007-03-24 23:00:00,248.24
2007-03-25 00:00:00,142.59
2007-03-25 01:00:00,139.36
2007-03-25 02:00:00,141.58
2007-03-25 03:00:00,141.50
2007-03-25 04:00:00,143.53
2007-03-25 05:00:00,150.08
2007-03-25 06:00:00,174.07
2007-03-25 07:00:00,139.33
2007-03-25 08:00:00,172.67
2007-03-25 09:00:00,160.91
2007-03-25 10:00:00,123.41
2007-03-25 11:00:00,40.59
2007-03-25 12:00:00,112.06
2007-03-25 13:00:00,106.69
2007-03-25 14:00:00,149.73
2007-03-25 15:00:00,109.31
2007-03-25 16:00:00,135.08
2007-03-25 17:00:00,21.06
2007-03-25 18:00:00,75.18
2007-03-25 19:00:00,224.70
2007-03-25 20:00:00,266.81
2007-03-25 21:00:00,211.23
2007-03-25 22:00:00,169.08
2007-03-25 23:00:00,85.96
2007-03-26 00:00:00,75.86
2007-03-26 01:00:00,17.86
2007-03-26 02:00:00,19.63
2007-03-26 03:00:00,16.42
2007-03-26 04:00:00,16.71
2007-03-26 05:00:00,19.41
2007-03-26 06:00:00,35.07
2007-03-26 07:00:00,153.46
2007-03-26 08:00:00,94.58
2007-03-26 09:00:00,111.91
2007-03-26 10:00:00,95.95
2007-03-26 11:00:00,93.93
2007-03-26 12:00:00,60.23
2007-03-26 13:00:00,76.19
2007-03-26 14:00:00,53.05
2007-03-26 15:00:00,17.62
2007-03-26 16:00:00,18.51
2007-03-26 17:00:00,19.26
2007-03-26 18:00:00,22.53
2007-03-26 19:00:00,55.35
2007-03-26 20:00:00,129.94
2007-03-26 21:00:00,106.23
2007-03-26 22:00:00,83.07
2007-03-26 23:00:00,23.30
2007-03-27 00:00:00,18.53
2007-03-27 01:00:00,15.86
2007-03-27 02:00:00,28.11
2007-03-27 03:00:00,44.04
2007-03-27 04:00:00,17.53
2007-03-27 05:00:00,17.09
2007-03-27 06:00:00,35.67
2007-03-27 07:00:00,77.10
2007-03-27 08:00:00,79.75
2007-03-27 09:00:00,29.36
2007-03-27 10:00:00,16.77
2007-03-27 11:00:00,17.03
2007-03-27 12:00:00,17.93
2007-03-27 13:00:00,16.34
2007-03-27 14:00:00,19.81
2007-03-27 15:00:00,17.58
2007-03-27 16:00:00,24.33
2007-03-27 17:00:00,48.62
2007-03-27 18:00:00,28.84
2007-03-27 19:00:00,94.90
2007-03-27 20:00:00,172.48
2007-03-27 21:00:00,174.20
2007-03-27 22:00:00,73.10
2007-03-27 23:00:00,20.16
2007-03-28 00:00:00,17.57
2007-03-28 01:00:00,55.44
2007-03-28 02:00:00,20.70
2007-03-28 03:00:00,17.06
2007-03-28 04:00:00,18.72
2007-03-28 05:00:00,17.07
2007-03-28 06:00:00,72.92
2007-03-28 07:00:00,144.52
2007-03-28 08:00:00,126.49
2007-03-28 09:00:00,116.05
2007-03-28 10:00:00,81.43
2007-03-28 11:00:00,114.21
2007-03-28 12:00:00,84.67
2007-03-28 13:00:00,142.56
2007-03-28 14:00:00,199.69
2007-03-28 15:00:00,132.21
2007-03-28 16:00:00,187.59
2007-03-28 17:00:00,51.66
2007-03-28 18:00:00,23.14
2007-03-28 19:00:00,160.69
2007-03-28 20:00:00,165.18
2007-03-28 21:00:00,245.38
2007-03-28 22:00:00,115.37
2007-03-28 23:00:00,23.57
2007-03-29 00:00:00,18.82
2007-03-29 01:00:00,20.54
2007-03-29 02:00:00,18.50
2007-03-29 03:00:00,20.60
2007-03-29 04:00:00,18.37
2007-03-29 05:00:00,53.58
2007-03-29 06:00:00,93.58
2007-03-29 07:00:00,132.66
2007-03-29 08:00:00,83.11
2007-03-29 09:00:00,80.37
2007-03-29 10:00:00,43.46
2007-03-29 11:00:00,17.38
2007-03-29 12:00:00,19.56
2007-03-29 13:00:00,17.71
2007-03-29 14:00:00,19.52
2007-03-29 15:00:00,18.01
2007-03-29 16:00:00,18.16
2007-03-29 17:00:00,39.34
2007-03-29 18:00:00,107.88
2007-03-29 19:00:00,156.40
2007-03-29 20:00:00,181.16
2007-03-29 21:00:00,202.32
2007-03-29 22:00:00,157.90
2007-03-29 23:00:00,51.47
2007-03-30 00:00:00,20.90
2007-03-30 01:00:00,18.70
2007-03-30 02:00:00,18.15
2007-03-30 03:00:00,20.99
2007-03-30 04:00:00,17.82
2007-03-30 05:00:00,17.75
2007-03-30 06:00:00,67.68
2007-03-30 07:00:00,150.80
2007-03-30 08:00:00,120.43
2007-03-30 09:00:00,84.29
2007-03-30 10:00:00,88.81
2007-03-30 11:00:00,33.25
2007-03-30 12:00:00,55.79
2007-03-30 13:00:00,92.16
2007-03-30 14:00:00,56.35
2007-03-30 15:00:00,17.77
2007-03-30 16:00:00,18.93
2007-03-30 17:00:00,27.96
2007-03-30 18:00:00,20.87
2007-03-30 19:00:00,60.56
2007-03-30 20:00:00,132.82
2007-03-30 21:00:00,130.99
2007-03-30 22:00:00,95.17
2007-03-30 23:00:00,33.43
2007-03-31 00:00:00,22.48
2007-03-31 01:00:00,21.89
2007-03-31 02:00:00,96.44
2007-03-31 03:00:00,147.38
2007-03-31 04:00:00,144.55
2007-03-31 05:00:00,145.02
2007-03-31 06:00:00,148.89
2007-03-31 07:00:00,179.67
2007-03-31 08:00:00,140.84
2007-03-31 09:00:00,121.92
2007-03-31 10:00:00,309.66
2007-03-31 11:00:00,111.37
2007-03-31 12:00:00,90.66
2007-03-31 13:00:00,103.20
2007-03-31 14:00:00,137.17
2007-03-31 15:00:00,154.07
2007-03-31 16:00:00,132.63
2007-03-31 17:00:00,122.84
2007-03-31 18:00:00,243.67
2007-03-31 19:00:00,208.40
2007-03-31 20:00:00,285.96
2007-03-31 21:00:00,153.58
2007-03-31 22:00:00,138.60
2007-03-31 23:00:00,148.60
2007-04-01 00:00:00,139.47
2007-04-01 01:00:00,118.39
2007-04-01 02:00:00,106.39
2007-04-01 03:00:00,69.57
2007-04-01 04:00:00,17.58
2007-04-01 05:00:00,18.21
2007-04-01 06:00:00,19.37
2007-04-01 07:00:00,55.17
2007-04-01 08:00:00,142.74
2007-04-01 09:00:00,99.00
2007-04-01 10:00:00,113.53
2007-04-01 11:00:00,109.32
2007-04-01 12:00:00,93.99
2007-04-01 13:00:00,83.52
2007-04-01 14:00:00,87.35
2007-04-01 15:00:00,87.93
2007-04-01 16:00:00,20.99
2007-04-01 17:00:00,231.61
2007-04-01 18:00:00,215.86
2007-04-01 19:00:00,198.78
2007-04-01 20:00:00,132.59
2007-04-01 21:00:00,236.84
2007-04-01 22:00:00,254.46
2007-04-01 23:00:00,133.30
2007-04-02 00:00:00,82.66
2007-04-02 01:00:00,81.91
2007-04-02 02:00:00,47.11
2007-04-02 03:00:00,17.61
2007-04-02 04:00:00,16.92
2007-04-02 05:00:00,20.14
2007-04-02 06:00:00,38.72
2007-04-02 07:00:00,123.71
2007-04-02 08:00:00,111.09
2007-04-02 09:00:00,88.96
2007-04-02 10:00:00,78.60
2007-04-02 11:00:00,82.46
2007-04-02 12:00:00,79.43
2007-04-02 13:00:00,85.93
2007-04-02 14:00:00,84.95
2007-04-02 15:00:00,34.45
2007-04-02 16:00:00,17.36
2007-04-02 17:00:00,19.58
2007-04-02 18:00:00,39.00
2007-04-02 19:00:00,145.13
2007-04-02 20:00:00,154.21
2007-04-02 21:00:00,188.58
2007-04-02 22:00:00,201.79
2007-04-02 23:00:00,120.49
2007-04-03 00:00:00,19.83
2007-04-03 01:00:00,17.62
2007-04-03 02:00:00,18.93
2007-04-03 03:00:00,17.81
2007-04-03 04:00:00,17.31
2007-04-03 05:00:00,18.00
2007-04-03 06:00:00,40.39
2007-04-03 07:00:00,188.77
2007-04-03 08:00:00,84.66
2007-04-03 09:00:00,82.90
2007-04-03 10:00:00,82.60
2007-04-03 11:00:00,74.03
2007-04-03 12:00:00,21.15
2007-04-03 13:00:00,16.94
2007-04-03 14:00:00,16.94
2007-04-03 15:00:00,21.30
2007-04-03 16:00:00,17.03
2007-04-03 17:00:00,17.81
2007-04-03 18:00:00,88.78
2007-04-03 19:00:00,273.94
2007-04-03 20:00:00,110.04
2007-04-03 21:00:00,138.44
2007-04-03 22:00:00,190.13
2007-04-03 23:00:00,67.45
2007-04-04 00:00:00,17.62
2007-04-04 01:00:00,20.02
2007-04-04 02:00:00,17.56
2007-04-04 03:00:00,16.14
2007-04-04 04:00:00,19.25
2007-04-04 05:00:00,16.96
2007-04-04 06:00:00,81.02
2007-04-04 07:00:00,114.12
2007-04-04 08:00:00,118.16
2007-04-04 09:00:00,88.22
2007-04-04 10:00:00,78.68
2007-04-04 11:00:00,87.47
2007-04-04 12:00:00,98.00
2007-04-04 13:00:00,86.07
2007-04-04 14:00:00,125.27
2007-04-04 15:00:00,164.67
2007-04-04 16:00:00,131.38
2007-04-04 17:00:00,21.18
2007-04-04 18:00:00,87.57
2007-04-04 19:00:00,117.78
2007-04-04 20:00:00,89.82
2007-04-04 21:00:00,227.75
2007-04-04 22:00:00,145.76
2007-04-04 23:00:00,81.40
2007-04-05 00:00:00,19.18
2007-04-05 01:00:00,18.29
2007-04-05 02:00:00,16.58
2007-04-05 03:00:00,16.01
2007-04-05 04:00:00,19.53
2007-04-05 05:00:00,16.52
2007-04-05 06:00:00,35.52
2007-04-05 07:00:00,170.24
2007-04-05 08:00:00,114.60
2007-04-05 09:00:00,92.89
2007-04-05 10:00:00,102.98
2007-04-05 11:00:00,89.12
2007-04-05 12:00:00,28.60
2007-04-05 13:00:00,22.40
2007-04-05 14:00:00,27.23
2007-04-05 15:00:00,30.91
2007-04-05 16:00:00,27.56
2007-04-05 17:00:00,30.75
2007-04-05 18:00:00,27.97
2007-04-05 19:00:00,161.33
2007-04-05 20:00:00,243.33
2007-04-05 21:00:00,285.16
2007-04-05 22:00:00,161.13
2007-04-05 23:00:00,86.25
2007-04-06 00:00:00,78.65
2007-04-06 01:00:00,21.71
2007-04-06 02:00:00,19.01
2007-04-06 03:00:00,20.61
2007-04-06 04:00:00,21.70
2007-04-06 05:00:00,18.88
2007-04-06 06:00:00,35.06
2007-04-06 07:00:00,114.83
2007-04-06 08:00:00,114.29
2007-04-06 09:00:00,82.44
2007-04-06 10:00:00,81.40
2007-04-06 11:00:00,80.41
2007-04-06 12:00:00,18.85
2007-04-06 13:00:00,18.37
2007-04-06 14:00:00,18.22
2007-04-06 15:00:00,18.22
2007-04-06 16:00:00,28.51
2007-04-06 17:00:00,85.52
2007-04-06 18:00:00,191.67
2007-04-06 19:00:00,133.25
2007-04-06 20:00:00,38.20
2007-04-06 21:00:00,140.09
2007-04-06 22:00:00,144.44
2007-04-06 23:00:00,76.80
2007-04-07 00:00:00,59.48
2007-04-07 01:00:00,27.21
2007-04-07 02:00:00,17.63
2007-04-07 03:00:00,18.02
2007-04-07 04:00:00,21.35
2007-04-07 05:00:00,53.89
2007-04-07 06:00:00,17.57
2007-04-07 07:00:00,42.97
2007-04-07 08:00:00,41.46
2007-04-07 09:00:00,106.16
2007-04-07 10:00:00,125.93
2007-04-07 11:00:00,163.75
2007-04-07 12:00:00,30.15
2007-04-07 13:00:00,19.68
2007-04-07 14:00:00,17.83
2007-04-07 15:00:00,29.38
2007-04-07 16:00:00,34.53
2007-04-07 17:00:00,22.14
2007-04-07 18:00:00,58.15
2007-04-07 19:00:00,25.22
2007-04-07 20:00:00,20.65
2007-04-07 21:00:00,197.82
2007-04-07 22:00:00,200.28
2007-04-07 23:00:00,202.67
2007-04-08 00:00:00,167.45
2007-04-08 01:00:00,137.94
2007-04-08 02:00:00,140.69
2007-04-08 03:00:00,143.75
2007-04-08 04:00:00,139.75
2007-04-08 05:00:00,136.72
2007-04-08 06:00:00,109.82
2007-04-08 07:00:00,54.29
2007-04-08 08:00:00,35.07
2007-04-08 09:00:00,77.32
2007-04-08 10:00:00,42.16
2007-04-08 11:00:00,37.40
2007-04-08 12:00:00,34.11
2007-04-08 13:00:00,49.74
2007-04-08 14:00:00,80.92
2007-04-08 15:00:00,43.20
2007-04-08 16:00:00,15.77
2007-04-08 17:00:00,17.78
2007-04-08 18:00:00,19.64
2007-04-08 19:00:00,15.57
2007-04-08 20:00:00,18.01
2007-04-08 21:00:00,19.14
2007-04-08 22:00:00,15.74
2007-04-08 23:00:00,56.86
2007-04-09 00:00:00,19.53
2007-04-09 01:00:00,16.77
2007-04-09 02:00:00,16.69
2007-04-09 03:00:00,19.39
2007-04-09 04:00:00,16.96
2007-04-09 05:00:00,16.26
2007-04-09 06:00:00,19.96
2007-04-09 07:00:00,16.57
2007-04-09 08:00:00,16.43
2007-04-09 09:00:00,26.68
2007-04-09 10:00:00,55.55
2007-04-09 11:00:00,16.97
2007-04-09 12:00:00,19.12
2007-04-09 13:00:00,16.22
2007-04-09 14:00:00,18.36
2007-04-09 15:00:00,70.92
2007-04-09 16:00:00,66.06
2007-04-09 17:00:00,86.18
2007-04-09 18:00:00,59.39
2007-04-09 19:00:00,144.88
2007-04-09 20:00:00,97.58
2007-04-09 21:00:00,96.40
2007-04-09 22:00:00,49.60
2007-04-09 23:00:00,18.44
2007-04-10 00:00:00,18.50
2007-04-10 01:00:00,17.02
2007-04-10 02:00:00,18.67
2007-04-10 03:00:00,18.91
2007-04-10 04:00:00,16.09
2007-04-10 05:00:00,48.92
2007-04-10 06:00:00,23.47
2007-04-10 07:00:00,15.84
2007-04-10 08:00:00,19.90
2007-04-10 09:00:00,17.18
2007-04-10 10:00:00,16.38
2007-04-10 11:00:00,19.53
2007-04-10 12:00:00,16.89
2007-04-10 13:00:00,17.32
2007-04-10 14:00:00,19.29
2007-04-10 15:00:00,17.10
2007-04-10 16:00:00,62.15
2007-04-10 17:00:00,23.99
2007-04-10 18:00:00,33.75
2007-04-10 19:00:00,32.21
2007-04-10 20:00:00,62.40
2007-04-10 21:00:00,61.81
2007-04-10 22:00:00,70.96
2007-04-10 23:00:00,109.09
2007-04-11 00:00:00,89.73
2007-04-11 01:00:00,65.73
2007-04-11 02:00:00,23.24
2007-04-11 03:00:00,20.80
2007-04-11 04:00:00,21.35
2007-04-11 05:00:00,21.79
2007-04-11 06:00:00,21.40
2007-04-11 07:00:00,21.73
2007-04-11 08:00:00,20.95
2007-04-11 09:00:00,87.86
2007-04-11 10:00:00,94.65
2007-04-11 11:00:00,82.03
2007-04-11 12:00:00,79.03
2007-04-11 13:00:00,16.98
2007-04-11 14:00:00,17.11
2007-04-11 15:00:00,20.23
2007-04-11 16:00:00,17.25
2007-04-11 17:00:00,17.42
2007-04-11 18:00:00,19.87
2007-04-11 19:00:00,16.94
2007-04-11 20:00:00,17.13
2007-04-11 21:00:00,19.58
2007-04-11 22:00:00,58.44
2007-04-11 23:00:00,16.25
2007-04-12 00:00:00,20.33
2007-04-12 01:00:00,16.39
2007-04-12 02:00:00,16.11
2007-04-12 03:00:00,21.19
2007-04-12 04:00:00,16.06
2007-04-12 05:00:00,16.58
2007-04-12 06:00:00,20.12
2007-04-12 07:00:00,16.37
2007-04-12 08:00:00,17.59
2007-04-12 09:00:00,51.98
2007-04-12 10:00:00,35.17
2007-04-12 11:00:00,18.51
2007-04-12 12:00:00,18.59
2007-04-12 13:00:00,16.31
2007-04-12 14:00:00,18.02
2007-04-12 15:00:00,18.72
2007-04-12 16:00:00,17.15
2007-04-12 17:00:00,17.43
2007-04-12 18:00:00,19.50
2007-04-12 19:00:00,16.80
2007-04-12 20:00:00,17.38
2007-04-12 21:00:00,60.93
2007-04-12 22:00:00,33.32
2007-04-12 23:00:00,17.16
2007-04-13 00:00:00,19.81
2007-04-13 01:00:00,15.97
2007-04-13 02:00:00,18.33
2007-04-13 03:00:00,19.12
2007-04-13 04:00:00,15.61
2007-04-13 05:00:00,19.21
2007-04-13 06:00:00,18.68
2007-04-13 07:00:00,15.91
2007-04-13 08:00:00,18.59
2007-04-13 09:00:00,47.64
2007-04-13 10:00:00,46.43
2007-04-13 11:00:00,18.27
2007-04-13 12:00:00,18.75
2007-04-13 13:00:00,17.45
2007-04-13 14:00:00,17.73
2007-04-13 15:00:00,18.45
2007-04-13 16:00:00,18.02
2007-04-13 17:00:00,17.44
2007-04-13 18:00:00,18.90
2007-04-13 19:00:00,16.76
2007-04-13 20:00:00,18.28
2007-04-13 21:00:00,32.44
2007-04-13 22:00:00,63.73
2007-04-13 23:00:00,19.50
2007-04-14 00:00:00,18.69
2007-04-14 01:00:00,15.55
2007-04-14 02:00:00,19.75
2007-04-14 03:00:00,18.53
2007-04-14 04:00:00,15.89
2007-04-14 05:00:00,19.95
2007-04-14 06:00:00,18.40
2007-04-14 07:00:00,16.11
2007-04-14 08:00:00,19.57
2007-04-14 09:00:00,17.51
2007-04-14 10:00:00,56.67
2007-04-14 11:00:00,38.78
2007-04-14 12:00:00,17.20
2007-04-14 13:00:00,18.21
2007-04-14 14:00:00,18.67
2007-04-14 15:00:00,17.58
2007-04-14 16:00:00,17.08
2007-04-14 17:00:00,19.21
2007-04-14 18:00:00,18.09
2007-04-14 19:00:00,16.17
2007-04-14 20:00:00,20.52
2007-04-14 21:00:00,18.32
2007-04-14 22:00:00,28.51
2007-04-14 23:00:00,69.31
2007-04-15 00:00:00,18.22
2007-04-15 01:00:00,15.76
2007-04-15 02:00:00,20.55
2007-04-15 03:00:00,18.12
2007-04-15 04:00:00,16.27
2007-04-15 05:00:00,20.82
2007-04-15 06:00:00,17.14
2007-04-15 07:00:00,17.26
2007-04-15 08:00:00,20.11
2007-04-15 09:00:00,16.54
2007-04-15 10:00:00,17.84
2007-04-15 11:00:00,50.45
2007-04-15 12:00:00,44.80
2007-04-15 13:00:00,17.75
2007-04-15 14:00:00,36.41
2007-04-15 15:00:00,101.34
2007-04-15 16:00:00,48.54
2007-04-15 17:00:00,14.20
2007-04-15 18:00:00,14.64
2007-04-15 19:00:00,12.93
2007-04-15 20:00:00,12.27
2007-04-15 21:00:00,19.84
2007-04-15 22:00:00,107.27
2007-04-15 23:00:00,47.09
2007-04-16 00:00:00,13.47
2007-04-16 01:00:00,13.37
2007-04-16 02:00:00,11.83
2007-04-16 03:00:00,13.35
2007-04-16 04:00:00,12.96
2007-04-16 05:00:00,11.57
2007-04-16 06:00:00,13.62
2007-04-16 07:00:00,48.67
2007-04-16 08:00:00,75.13
2007-04-16 09:00:00,27.86
2007-04-16 10:00:00,12.21
2007-04-16 11:00:00,13.62
2007-04-16 12:00:00,35.37
2007-04-16 13:00:00,16.00
2007-04-16 14:00:00,18.23
2007-04-16 15:00:00,21.63
2007-04-16 16:00:00,21.55
2007-04-16 17:00:00,76.84
2007-04-16 18:00:00,60.35
2007-04-16 19:00:00,15.18
2007-04-16 20:00:00,78.28
2007-04-16 21:00:00,174.21
2007-04-16 22:00:00,95.71
2007-04-16 23:00:00,71.36
2007-04-17 00:00:00,16.97
2007-04-17 01:00:00,14.83
2007-04-17 02:00:00,15.97
2007-04-17 03:00:00,16.56
2007-04-17 04:00:00,15.57
2007-04-17 05:00:00,15.71
2007-04-17 06:00:00,42.07
2007-04-17 07:00:00,109.29
2007-04-17 08:00:00,79.95
2007-04-17 09:00:00,77.86
2007-04-17 10:00:00,77.45
2007-04-17 11:00:00,53.57
2007-04-17 12:00:00,16.19
2007-04-17 13:00:00,23.83
2007-04-17 14:00:00,15.49
2007-04-17 15:00:00,15.48
2007-04-17 16:00:00,19.86
2007-04-17 17:00:00,40.11
2007-04-17 18:00:00,20.41
2007-04-17 19:00:00,56.03
2007-04-17 20:00:00,163.24
2007-04-17 21:00:00,119.69
2007-04-17 22:00:00,122.36
2007-04-17 23:00:00,75.24
2007-04-18 00:00:00,64.91
2007-04-18 01:00:00,12.87
2007-04-18 02:00:00,12.12
2007-04-18 03:00:00,12.58
2007-04-18 04:00:00,12.71
2007-04-18 05:00:00,12.16
2007-04-18 06:00:00,56.31
2007-04-18 07:00:00,95.05
2007-04-18 08:00:00,70.02
2007-04-18 09:00:00,39.89
2007-04-18 10:00:00,88.03
2007-04-18 11:00:00,32.70
2007-04-18 12:00:00,60.91
2007-04-18 13:00:00,14.54
2007-04-18 14:00:00,26.70
2007-04-18 15:00:00,14.46
2007-04-18 16:00:00,13.31
2007-04-18 17:00:00,14.99
2007-04-18 18:00:00,36.95
2007-04-18 19:00:00,35.06
2007-04-18 20:00:00,26.59
2007-04-18 21:00:00,108.69
2007-04-18 22:00:00,94.88
2007-04-18 23:00:00,41.81
2007-04-19 00:00:00,34.23
2007-04-19 01:00:00,36.85
2007-04-19 02:00:00,60.91
2007-04-19 03:00:00,22.02
2007-04-19 04:00:00,21.82
2007-04-19 05:00:00,22.52
2007-04-19 06:00:00,21.48
2007-04-19 07:00:00,89.70
2007-04-19 08:00:00,75.88
2007-04-19 09:00:00,62.45
2007-04-19 10:00:00,15.09
2007-04-19 11:00:00,37.43
2007-04-19 12:00:00,75.61
2007-04-19 13:00:00,62.14
2007-04-19 14:00:00,44.49
2007-04-19 15:00:00,11.60
2007-04-19 16:00:00,12.08
2007-04-19 17:00:00,14.97
2007-04-19 18:00:00,64.56
2007-04-19 19:00:00,49.77
2007-04-19 20:00:00,84.63
2007-04-19 21:00:00,60.63
2007-04-19 22:00:00,36.41
2007-04-19 23:00:00,11.37
2007-04-20 00:00:00,12.87
2007-04-20 01:00:00,12.54
2007-04-20 02:00:00,11.80
2007-04-20 03:00:00,11.99
2007-04-20 04:00:00,48.14
2007-04-20 05:00:00,13.10
2007-04-20 06:00:00,18.01
2007-04-20 07:00:00,107.28
2007-04-20 08:00:00,31.88
2007-04-20 09:00:00,11.73
2007-04-20 10:00:00,10.54
2007-04-20 11:00:00,13.05
2007-04-20 12:00:00,13.60
2007-04-20 13:00:00,17.17
2007-04-20 14:00:00,24.68
2007-04-20 15:00:00,17.80
2007-04-20 16:00:00,52.44
2007-04-20 17:00:00,19.19
2007-04-20 18:00:00,19.07
2007-04-20 19:00:00,23.44
2007-04-20 20:00:00,47.88
2007-04-20 21:00:00,173.06
2007-04-20 22:00:00,96.00
2007-04-20 23:00:00,15.33
2007-04-21 00:00:00,11.41
2007-04-21 01:00:00,11.38
2007-04-21 02:00:00,11.70
2007-04-21 03:00:00,10.75
2007-04-21 04:00:00,12.12
2007-04-21 05:00:00,34.54
2007-04-21 06:00:00,26.78
2007-04-21 07:00:00,46.38
2007-04-21 08:00:00,12.18
2007-04-21 09:00:00,70.89
2007-04-21 10:00:00,53.14
2007-04-21 11:00:00,59.66
2007-04-21 12:00:00,84.91
2007-04-21 13:00:00,119.40
2007-04-21 14:00:00,106.99
2007-04-21 15:00:00,76.01
2007-04-21 16:00:00,77.23
2007-04-21 17:00:00,36.11
2007-04-21 18:00:00,147.02
2007-04-21 19:00:00,177.55
2007-04-21 20:00:00,108.71
2007-04-21 21:00:00,212.41
2007-04-21 22:00:00,125.53
2007-04-21 23:00:00,40.83
2007-04-22 00:00:00,21.76
2007-04-22 01:00:00,14.60
2007-04-22 02:00:00,16.91
2007-04-22 03:00:00,13.46
2007-04-22 04:00:00,15.59
2007-04-22 05:00:00,19.69
2007-04-22 06:00:00,92.54
2007-04-22 07:00:00,160.08
2007-04-22 08:00:00,135.13
2007-04-22 09:00:00,200.81
2007-04-22 10:00:00,175.32
2007-04-22 11:00:00,182.46
2007-04-22 12:00:00,134.13
2007-04-22 13:00:00,51.64
2007-04-22 14:00:00,126.03
2007-04-22 15:00:00,35.40
2007-04-22 16:00:00,94.83
2007-04-22 17:00:00,70.85
2007-04-22 18:00:00,63.32
2007-04-22 19:00:00,134.63
2007-04-22 20:00:00,114.92
2007-04-22 21:00:00,182.86
2007-04-22 22:00:00,106.33
2007-04-22 23:00:00,70.43
2007-04-23 00:00:00,22.71
2007-04-23 01:00:00,21.57
2007-04-23 02:00:00,34.84
2007-04-23 03:00:00,39.59
2007-04-23 04:00:00,23.83
2007-04-23 05:00:00,21.87
2007-04-23 06:00:00,35.20
2007-04-23 07:00:00,118.89
2007-04-23 08:00:00,115.17
2007-04-23 09:00:00,81.04
2007-04-23 10:00:00,100.17
2007-04-23 11:00:00,17.89
2007-04-23 12:00:00,25.97
2007-04-23 13:00:00,14.30
2007-04-23 14:00:00,49.81
2007-04-23 15:00:00,11.31
2007-04-23 16:00:00,9.80
2007-04-23 17:00:00,14.57
2007-04-23 18:00:00,21.97
2007-04-23 19:00:00,29.37
2007-04-23 20:00:00,67.28
2007-04-23 21:00:00,120.93
2007-04-23 22:00:00,41.84
2007-04-23 23:00:00,14.65
2007-04-24 00:00:00,15.14
2007-04-24 01:00:00,52.66
2007-04-24 02:00:00,13.11
2007-04-24 03:00:00,18.35
2007-04-24 04:00:00,13.24
2007-04-24 05:00:00,14.23
2007-04-24 06:00:00,29.82
2007-04-24 07:00:00,87.37
2007-04-24 08:00:00,26.46
2007-04-24 09:00:00,13.66
2007-04-24 10:00:00,32.67
2007-04-24 11:00:00,88.45
2007-04-24 12:00:00,20.86
2007-04-24 13:00:00,14.64
2007-04-24 14:00:00,23.19
2007-04-24 15:00:00,18.32
2007-04-24 16:00:00,23.66
2007-04-24 17:00:00,35.76
2007-04-24 18:00:00,75.19
2007-04-24 19:00:00,76.32
2007-04-24 20:00:00,113.85
2007-04-24 21:00:00,125.85
2007-04-24 22:00:00,81.51
2007-04-24 23:00:00,17.80
2007-04-25 00:00:00,14.30
2007-04-25 01:00:00,11.66
2007-04-25 02:00:00,11.83
2007-04-25 03:00:00,47.16
2007-04-25 04:00:00,13.06
2007-04-25 05:00:00,10.74
2007-04-25 06:00:00,45.36
2007-04-25 07:00:00,71.21
2007-04-25 08:00:00,82.07
2007-04-25 09:00:00,84.35
2007-04-25 10:00:00,84.05
2007-04-25 11:00:00,116.48
2007-04-25 12:00:00,99.08
2007-04-25 13:00:00,19.26
2007-04-25 14:00:00,13.70
2007-04-25 15:00:00,11.92
2007-04-25 16:00:00,12.44
2007-04-25 17:00:00,14.03
2007-04-25 18:00:00,12.65
2007-04-25 19:00:00,51.44
2007-04-25 20:00:00,93.43
2007-04-25 21:00:00,134.58
2007-04-25 22:00:00,168.03
2007-04-25 23:00:00,41.33
2007-04-26 00:00:00,14.14
2007-04-26 01:00:00,10.46
2007-04-26 02:00:00,13.51
2007-04-26 03:00:00,11.40
2007-04-26 04:00:00,10.36
2007-04-26 05:00:00,14.16
2007-04-26 06:00:00,29.12
2007-04-26 07:00:00,84.49
2007-04-26 08:00:00,177.62
2007-04-26 09:00:00,112.76
2007-04-26 10:00:00,90.07
2007-04-26 11:00:00,43.76
2007-04-26 12:00:00,27.29
2007-04-26 13:00:00,30.35
2007-04-26 14:00:00,22.32
2007-04-26 15:00:00,15.21
2007-04-26 16:00:00,10.26
2007-04-26 17:00:00,54.03
2007-04-26 18:00:00,75.31
2007-04-26 19:00:00,77.66
2007-04-26 20:00:00,127.95
2007-04-26 21:00:00,63.47
2007-04-26 22:00:00,112.46
2007-04-26 23:00:00,47.31
2007-04-27 00:00:00,27.68
2007-04-27 01:00:00,36.50
2007-04-27 02:00:00,10.15
2007-04-27 03:00:00,11.98
2007-04-27 04:00:00,12.14
2007-04-27 05:00:00,10.32
2007-04-27 06:00:00,27.24
2007-04-27 07:00:00,40.20
2007-04-27 08:00:00,47.18
2007-04-27 09:00:00,16.85
2007-04-27 10:00:00,24.77
2007-04-27 11:00:00,51.92
2007-04-27 12:00:00,23.40
2007-04-27 13:00:00,24.94
2007-04-27 14:00:00,23.51
2007-04-27 15:00:00,23.33
2007-04-27 16:00:00,26.62
2007-04-27 17:00:00,23.25
2007-04-27 18:00:00,38.88
2007-04-27 19:00:00,102.00
2007-04-27 20:00:00,76.95
2007-04-27 21:00:00,186.20
2007-04-27 22:00:00,152.36
2007-04-27 23:00:00,75.95
2007-04-28 00:00:00,41.93
2007-04-28 01:00:00,29.52
2007-04-28 02:00:00,29.52
2007-04-28 03:00:00,29.52
2007-04-28 04:00:00,29.52
2007-04-28 05:00:00,29.52
2007-04-28 06:00:00,29.52
2007-04-28 07:00:00,29.52
2007-04-28 08:00:00,29.52
2007-04-28 09:00:00,29.52
2007-04-28 10:00:00,29.52
2007-04-28 11:00:00,29.52
2007-04-28 12:00:00,29.52
2007-04-28 13:00:00,29.52
2007-04-28 14:00:00,29.52
2007-04-28 15:00:00,29.52
2007-04-28 16:00:00,29.52
2007-04-28 17:00:00,29.52
2007-04-28 18:00:00,29.52
2007-04-28 19:00:00,29.52
2007-04-28 20:00:00,29.52
2007-04-28 21:00:00,29.52
2007-04-28 22:00:00,29.52
2007-04-28 23:00:00,29.52
2007-04-29 00:00:00,29.52
2007-04-29 01:00:00,29.52
2007-04-29 02:00:00,29.52
2007-04-29 03:00:00,29.52
2007-04-29 04:00:00,29.52
2007-04-29 05:00:00,29.52
2007-04-29 06:00:00,29.52
2007-04-29 07:00:00,29.52
2007-04-29 08:00:00,29.52
2007-04-29 09:00:00,29.52
2007-04-29 10:00:00,29.52
2007-04-29 11:00:00,29.52
2007-04-29 12:00:00,29.52
2007-04-29 13:00:00,29.52
2007-04-29 14:00:00,29.52
2007-04-29 15:00:00,29.52
2007-04-29 16:00:00,29.52
2007-04-29 17:00:00,29.52
2007-04-29 18:00:00,29.52
2007-04-29 19:00:00,29.52
2007-04-29 20:00:00,29.52
2007-04-29 21:00:00,29.52
2007-04-29 22:00:00,29.52
2007-04-29 23:00:00,29.52
2007-04-30 00:00:00,29.52
2007-04-30 01:00:00,29.52
2007-04-30 02:00:00,29.52
2007-04-30 03:00:00,29.52
2007-04-30 04:00:00,29.52
2007-04-30 05:00:00,29.52
2007-04-30 06:00:00,29.52
2007-04-30 07:00:00,29.52
2007-04-30 08:00:00,29.52
2007-04-30 09:00:00,29.52
2007-04-30 10:00:00,29.52
2007-04-30 11:00:00,29.52
2007-04-30 12:00:00,29.52
2007-04-30 13:00:00,29.52
2007-04-30 14:00:00,19.56
2007-04-30 15:00:00,45.88
2007-04-30 16:00:00,11.97
2007-04-30 17:00:00,16.83
2007-04-30 18:00:00,16.11
2007-04-30 19:00:00,36.28
2007-04-30 20:00:00,73.80
2007-04-30 21:00:00,116.68
2007-04-30 22:00:00,67.14
2007-04-30 23:00:00,28.37
2007-05-01 00:00:00,18.23
2007-05-01 01:00:00,15.40
2007-05-01 02:00:00,11.92
2007-05-01 03:00:00,15.41
2007-05-01 04:00:00,11.37
2007-05-01 05:00:00,20.10
2007-05-01 06:00:00,41.88
2007-05-01 07:00:00,39.19
2007-05-01 08:00:00,34.48
2007-05-01 09:00:00,83.24
2007-05-01 10:00:00,94.66
2007-05-01 11:00:00,133.66
2007-05-01 12:00:00,69.26
2007-05-01 13:00:00,111.04
2007-05-01 14:00:00,55.18
2007-05-01 15:00:00,94.53
2007-05-01 16:00:00,19.00
2007-05-01 17:00:00,17.08
2007-05-01 18:00:00,111.31
2007-05-01 19:00:00,119.75
2007-05-01 20:00:00,148.04
2007-05-01 21:00:00,207.13
2007-05-01 22:00:00,129.89
2007-05-01 23:00:00,62.11
2007-05-02 00:00:00,23.42
2007-05-02 01:00:00,24.42
2007-05-02 02:00:00,24.61
2007-05-02 03:00:00,22.96
2007-05-02 04:00:00,26.15
2007-05-02 05:00:00,20.76
2007-05-02 06:00:00,83.11
2007-05-02 07:00:00,105.45
2007-05-02 08:00:00,73.82
2007-05-02 09:00:00,16.59
2007-05-02 10:00:00,10.83
2007-05-02 11:00:00,17.07
2007-05-02 12:00:00,38.82
2007-05-02 13:00:00,16.93
2007-05-02 14:00:00,16.85
2007-05-02 15:00:00,33.63
2007-05-02 16:00:00,40.31
2007-05-02 17:00:00,13.12
2007-05-02 18:00:00,14.80
2007-05-02 19:00:00,36.71
2007-05-02 20:00:00,60.61
2007-05-02 21:00:00,108.55
2007-05-02 22:00:00,77.68
2007-05-02 23:00:00,96.28
2007-05-03 00:00:00,133.90
2007-05-03 01:00:00,31.79
2007-05-03 02:00:00,15.08
2007-05-03 03:00:00,14.81
2007-05-03 04:00:00,52.89
2007-05-03 05:00:00,14.76
2007-05-03 06:00:00,37.99
2007-05-03 07:00:00,57.55
2007-05-03 08:00:00,71.45
2007-05-03 09:00:00,71.16
2007-05-03 10:00:00,12.80
2007-05-03 11:00:00,10.13
2007-05-03 12:00:00,13.54
2007-05-03 13:00:00,11.10
2007-05-03 14:00:00,13.82
2007-05-03 15:00:00,19.15
2007-05-03 16:00:00,14.61
2007-05-03 17:00:00,15.06
2007-05-03 18:00:00,42.52
2007-05-03 19:00:00,39.65
2007-05-03 20:00:00,77.85
2007-05-03 21:00:00,141.41
2007-05-03 22:00:00,105.35
2007-05-03 23:00:00,71.86
2007-05-04 00:00:00,11.06
2007-05-04 01:00:00,13.65
2007-05-04 02:00:00,10.69
2007-05-04 03:00:00,12.56
2007-05-04 04:00:00,11.77
2007-05-04 05:00:00,10.68
2007-05-04 06:00:00,73.26
2007-05-04 07:00:00,82.42
2007-05-04 08:00:00,35.13
2007-05-04 09:00:00,12.61
2007-05-04 10:00:00,10.01
2007-05-04 11:00:00,14.83
2007-05-04 12:00:00,10.33
2007-05-04 13:00:00,22.23
2007-05-04 14:00:00,20.32
2007-05-04 15:00:00,16.37
2007-05-04 16:00:00,41.91
2007-05-04 17:00:00,22.99
2007-05-04 18:00:00,17.79
2007-05-04 19:00:00,67.56
2007-05-04 20:00:00,189.36
2007-05-04 21:00:00,137.68
2007-05-04 22:00:00,89.81
2007-05-04 23:00:00,63.10
2007-05-05 00:00:00,39.70
2007-05-05 01:00:00,11.69
2007-05-05 02:00:00,13.56
2007-05-05 03:00:00,10.06
2007-05-05 04:00:00,12.72
2007-05-05 05:00:00,11.80
2007-05-05 06:00:00,10.89
2007-05-05 07:00:00,64.45
2007-05-05 08:00:00,95.00
2007-05-05 09:00:00,106.66
2007-05-05 10:00:00,34.79
2007-05-05 11:00:00,22.08
2007-05-05 12:00:00,25.40
2007-05-05 13:00:00,27.82
2007-05-05 14:00:00,194.10
2007-05-05 15:00:00,66.00
2007-05-05 16:00:00,115.77
2007-05-05 17:00:00,89.22
2007-05-05 18:00:00,104.08
2007-05-05 19:00:00,86.31
2007-05-05 20:00:00,83.47
2007-05-05 21:00:00,113.47
2007-05-05 22:00:00,124.03
2007-05-05 23:00:00,99.98
2007-05-06 00:00:00,65.15
2007-05-06 01:00:00,41.61
2007-05-06 02:00:00,39.57
2007-05-06 03:00:00,75.89
2007-05-06 04:00:00,43.79
2007-05-06 05:00:00,45.66
2007-05-06 06:00:00,91.26
2007-05-06 07:00:00,52.86
2007-05-06 08:00:00,174.81
2007-05-06 09:00:00,169.35
2007-05-06 10:00:00,22.66
2007-05-06 11:00:00,26.37
2007-05-06 12:00:00,66.52
2007-05-06 13:00:00,94.17
2007-05-06 14:00:00,84.17
2007-05-06 15:00:00,89.45
2007-05-06 16:00:00,58.32
2007-05-06 17:00:00,31.74
2007-05-06 18:00:00,75.04
2007-05-06 19:00:00,147.28
2007-05-06 20:00:00,148.78
2007-05-06 21:00:00,172.95
2007-05-06 22:00:00,181.35
2007-05-06 23:00:00,103.39
2007-05-07 00:00:00,62.46
2007-05-07 01:00:00,13.67
2007-05-07 02:00:00,11.38
2007-05-07 03:00:00,12.24
2007-05-07 04:00:00,13.38
2007-05-07 05:00:00,10.60
2007-05-07 06:00:00,13.95
2007-05-07 07:00:00,75.10
2007-05-07 08:00:00,204.07
2007-05-07 09:00:00,193.19
2007-05-07 10:00:00,153.81
2007-05-07 11:00:00,61.43
2007-05-07 12:00:00,90.20
2007-05-07 13:00:00,113.33
2007-05-07 14:00:00,53.11
2007-05-07 15:00:00,13.14
2007-05-07 16:00:00,29.65
2007-05-07 17:00:00,33.23
2007-05-07 18:00:00,102.43
2007-05-07 19:00:00,69.04
2007-05-07 20:00:00,13.88
2007-05-07 21:00:00,137.74
2007-05-07 22:00:00,108.00
2007-05-07 23:00:00,54.62
2007-05-08 00:00:00,54.43
2007-05-08 01:00:00,34.73
2007-05-08 02:00:00,21.05
2007-05-08 03:00:00,27.95
2007-05-08 04:00:00,32.05
2007-05-08 05:00:00,31.32
2007-05-08 06:00:00,27.71
2007-05-08 07:00:00,15.35
2007-05-08 08:00:00,38.35
2007-05-08 09:00:00,61.81
2007-05-08 10:00:00,53.72
2007-05-08 11:00:00,113.12
2007-05-08 12:00:00,283.15
2007-05-08 13:00:00,119.79
2007-05-08 14:00:00,133.87
2007-05-08 15:00:00,118.39
2007-05-08 16:00:00,34.90
2007-05-08 17:00:00,42.51
2007-05-08 18:00:00,53.40
2007-05-08 19:00:00,55.06
2007-05-08 20:00:00,106.55
2007-05-08 21:00:00,122.78
2007-05-08 22:00:00,127.21
2007-05-08 23:00:00,80.09
2007-05-09 00:00:00,11.41
2007-05-09 01:00:00,13.25
2007-05-09 02:00:00,10.88
2007-05-09 03:00:00,12.60
2007-05-09 04:00:00,11.98
2007-05-09 05:00:00,11.31
2007-05-09 06:00:00,96.55
2007-05-09 07:00:00,95.51
2007-05-09 08:00:00,75.21
2007-05-09 09:00:00,71.97
2007-05-09 10:00:00,70.46
2007-05-09 11:00:00,62.69
2007-05-09 12:00:00,24.45
2007-05-09 13:00:00,109.72
2007-05-09 14:00:00,77.99
2007-05-09 15:00:00,95.99
2007-05-09 16:00:00,73.45
2007-05-09 17:00:00,13.46
2007-05-09 18:00:00,48.83
2007-05-09 19:00:00,168.33
2007-05-09 20:00:00,173.60
2007-05-09 21:00:00,173.12
2007-05-09 22:00:00,139.69
2007-05-09 23:00:00,23.30
2007-05-10 00:00:00,12.18
2007-05-10 01:00:00,41.42
2007-05-10 02:00:00,21.77
2007-05-10 03:00:00,10.23
2007-05-10 04:00:00,12.62
2007-05-10 05:00:00,11.67
2007-05-10 06:00:00,24.06
2007-05-10 07:00:00,59.25
2007-05-10 08:00:00,37.97
2007-05-10 09:00:00,10.93
2007-05-10 10:00:00,12.69
2007-05-10 11:00:00,11.19
2007-05-10 12:00:00,13.79
2007-05-10 13:00:00,11.64
2007-05-10 14:00:00,10.36
2007-05-10 15:00:00,14.52
2007-05-10 16:00:00,18.80
2007-05-10 17:00:00,45.11
2007-05-10 18:00:00,15.98
2007-05-10 19:00:00,35.65
2007-05-10 20:00:00,117.82
2007-05-10 21:00:00,108.48
2007-05-10 22:00:00,34.43
2007-05-10 23:00:00,15.34
2007-05-11 00:00:00,11.54
2007-05-11 01:00:00,12.94
2007-05-11 02:00:00,11.46
2007-05-11 03:00:00,10.74
2007-05-11 04:00:00,12.14
2007-05-11 05:00:00,48.93
2007-05-11 06:00:00,13.23
2007-05-11 07:00:00,66.42
2007-05-11 08:00:00,82.51
2007-05-11 09:00:00,84.46
2007-05-11 10:00:00,35.24
2007-05-11 11:00:00,31.09
2007-05-11 12:00:00,15.13
2007-05-11 13:00:00,16.83
2007-05-11 14:00:00,25.62
2007-05-11 15:00:00,25.45
2007-05-11 16:00:00,47.52
2007-05-11 17:00:00,74.94
2007-05-11 18:00:00,38.14
2007-05-11 19:00:00,19.62
2007-05-11 20:00:00,28.61
2007-05-11 21:00:00,130.51
2007-05-11 22:00:00,79.26
2007-05-11 23:00:00,56.83
2007-05-12 00:00:00,22.20
2007-05-12 01:00:00,11.80
2007-05-12 02:00:00,13.27
2007-05-12 03:00:00,16.27
2007-05-12 04:00:00,11.88
2007-05-12 05:00:00,14.13
2007-05-12 06:00:00,12.69
2007-05-12 07:00:00,57.88
2007-05-12 08:00:00,79.84
2007-05-12 09:00:00,76.64
2007-05-12 10:00:00,80.07
2007-05-12 11:00:00,30.91
2007-05-12 12:00:00,23.10
2007-05-12 13:00:00,59.78
2007-05-12 14:00:00,156.65
2007-05-12 15:00:00,117.51
2007-05-12 16:00:00,78.14
2007-05-12 17:00:00,54.01
2007-05-12 18:00:00,53.01
2007-05-12 19:00:00,127.65
2007-05-12 20:00:00,84.87
2007-05-12 21:00:00,174.68
2007-05-12 22:00:00,54.65
2007-05-12 23:00:00,29.92
2007-05-13 00:00:00,25.99
2007-05-13 01:00:00,48.86
2007-05-13 02:00:00,16.65
2007-05-13 03:00:00,15.61
2007-05-13 04:00:00,13.22
2007-05-13 05:00:00,24.51
2007-05-13 06:00:00,45.88
2007-05-13 07:00:00,15.84
2007-05-13 08:00:00,62.55
2007-05-13 09:00:00,20.96
2007-05-13 10:00:00,24.21
2007-05-13 11:00:00,59.68
2007-05-13 12:00:00,160.77
2007-05-13 13:00:00,127.96
2007-05-13 14:00:00,153.57
2007-05-13 15:00:00,115.31
2007-05-13 16:00:00,137.80
2007-05-13 17:00:00,118.88
2007-05-13 18:00:00,67.57
2007-05-13 19:00:00,104.32
2007-05-13 20:00:00,118.06
2007-05-13 21:00:00,81.39
2007-05-13 22:00:00,49.61
2007-05-13 23:00:00,25.54
2007-05-14 00:00:00,16.78
2007-05-14 01:00:00,47.95
2007-05-14 02:00:00,16.65
2007-05-14 03:00:00,16.23
2007-05-14 04:00:00,17.03
2007-05-14 05:00:00,16.94
2007-05-14 06:00:00,17.94
2007-05-14 07:00:00,130.12
2007-05-14 08:00:00,87.28
2007-05-14 09:00:00,78.73
2007-05-14 10:00:00,24.13
2007-05-14 11:00:00,20.68
2007-05-14 12:00:00,22.65
2007-05-14 13:00:00,23.95
2007-05-14 14:00:00,22.65
2007-05-14 15:00:00,25.99
2007-05-14 16:00:00,32.66
2007-05-14 17:00:00,41.67
2007-05-14 18:00:00,170.24
2007-05-14 19:00:00,124.14
2007-05-14 20:00:00,121.14
2007-05-14 21:00:00,213.67
2007-05-14 22:00:00,112.63
2007-05-14 23:00:00,65.93
2007-05-15 00:00:00,20.98
2007-05-15 01:00:00,20.44
2007-05-15 02:00:00,18.99
2007-05-15 03:00:00,21.57
2007-05-15 04:00:00,20.10
2007-05-15 05:00:00,20.89
2007-05-15 06:00:00,31.51
2007-05-15 07:00:00,73.39
2007-05-15 08:00:00,81.40
2007-05-15 09:00:00,81.93
2007-05-15 10:00:00,79.68
2007-05-15 11:00:00,40.11
2007-05-15 12:00:00,20.00
2007-05-15 13:00:00,22.50
2007-05-15 14:00:00,19.96
2007-05-15 15:00:00,21.82
2007-05-15 16:00:00,19.93
2007-05-15 17:00:00,22.24
2007-05-15 18:00:00,46.79
2007-05-15 19:00:00,47.74
2007-05-15 20:00:00,29.25
2007-05-15 21:00:00,31.63
2007-05-15 22:00:00,44.60
2007-05-15 23:00:00,66.94
2007-05-16 00:00:00,34.89
2007-05-16 01:00:00,15.76
2007-05-16 02:00:00,18.10
2007-05-16 03:00:00,16.15
2007-05-16 04:00:00,17.33
2007-05-16 05:00:00,15.85
2007-05-16 06:00:00,66.86
2007-05-16 07:00:00,102.12
2007-05-16 08:00:00,130.88
2007-05-16 09:00:00,106.26
2007-05-16 10:00:00,112.29
2007-05-16 11:00:00,81.61
2007-05-16 12:00:00,168.85
2007-05-16 13:00:00,151.35
2007-05-16 14:00:00,46.57
2007-05-16 15:00:00,26.97
2007-05-16 16:00:00,28.90
2007-05-16 17:00:00,70.22
2007-05-16 18:00:00,76.69
2007-05-16 19:00:00,60.08
2007-05-16 20:00:00,94.69
2007-05-16 21:00:00,127.08
2007-05-16 22:00:00,84.54
2007-05-16 23:00:00,38.88
2007-05-17 00:00:00,18.90
2007-05-17 01:00:00,16.33
2007-05-17 02:00:00,18.83
2007-05-17 03:00:00,18.08
2007-05-17 04:00:00,18.85
2007-05-17 05:00:00,16.11
2007-05-17 06:00:00,18.43
2007-05-17 07:00:00,59.85
2007-05-17 08:00:00,46.22
2007-05-17 09:00:00,49.27
2007-05-17 10:00:00,23.63
2007-05-17 11:00:00,135.36
2007-05-17 12:00:00,20.10
2007-05-17 13:00:00,26.13
2007-05-17 14:00:00,50.24
2007-05-17 15:00:00,78.47
2007-05-17 16:00:00,50.16
2007-05-17 17:00:00,35.24
2007-05-17 18:00:00,49.28
2007-05-17 19:00:00,101.81
2007-05-17 20:00:00,87.56
2007-05-17 21:00:00,105.27
2007-05-17 22:00:00,92.81
2007-05-17 23:00:00,94.88
2007-05-18 00:00:00,41.85
2007-05-18 01:00:00,18.04
2007-05-18 02:00:00,17.58
2007-05-18 03:00:00,15.86
2007-05-18 04:00:00,18.21
2007-05-18 05:00:00,16.35
2007-05-18 06:00:00,18.73
2007-05-18 07:00:00,81.18
2007-05-18 08:00:00,83.84
2007-05-18 09:00:00,78.14
2007-05-18 10:00:00,80.81
2007-05-18 11:00:00,21.73
2007-05-18 12:00:00,22.13
2007-05-18 13:00:00,50.05
2007-05-18 14:00:00,129.26
2007-05-18 15:00:00,91.41
2007-05-18 16:00:00,19.06
2007-05-18 17:00:00,81.70
2007-05-18 18:00:00,67.87
2007-05-18 19:00:00,110.94
2007-05-18 20:00:00,239.14
2007-05-18 21:00:00,107.89
2007-05-18 22:00:00,189.34
2007-05-18 23:00:00,30.41
2007-05-19 00:00:00,19.89
2007-05-19 01:00:00,16.57
2007-05-19 02:00:00,18.68
2007-05-19 03:00:00,17.80
2007-05-19 04:00:00,19.05
2007-05-19 05:00:00,16.64
2007-05-19 06:00:00,18.33
2007-05-19 07:00:00,86.01
2007-05-19 08:00:00,70.17
2007-05-19 09:00:00,77.20
2007-05-19 10:00:00,102.82
2007-05-19 11:00:00,55.99
2007-05-19 12:00:00,77.99
2007-05-19 13:00:00,157.69
2007-05-19 14:00:00,120.21
2007-05-19 15:00:00,97.14
2007-05-19 16:00:00,89.55
2007-05-19 17:00:00,66.11
2007-05-19 18:00:00,94.67
2007-05-19 19:00:00,77.77
2007-05-19 20:00:00,22.83
2007-05-19 21:00:00,24.13
2007-05-19 22:00:00,48.38
2007-05-19 23:00:00,33.83
2007-05-20 00:00:00,38.68
2007-05-20 01:00:00,17.21
2007-05-20 02:00:00,18.13
2007-05-20 03:00:00,17.29
2007-05-20 04:00:00,18.89
2007-05-20 05:00:00,18.74
2007-05-20 06:00:00,56.69
2007-05-20 07:00:00,28.73
2007-05-20 08:00:00,76.24
2007-05-20 09:00:00,73.41
2007-05-20 10:00:00,74.95
2007-05-20 11:00:00,106.27
2007-05-20 12:00:00,56.22
2007-05-20 13:00:00,82.66
2007-05-20 14:00:00,25.09
2007-05-20 15:00:00,46.19
2007-05-20 16:00:00,87.25
2007-05-20 17:00:00,103.32
2007-05-20 18:00:00,146.87
2007-05-20 19:00:00,189.57
2007-05-20 20:00:00,172.63
2007-05-20 21:00:00,245.84
2007-05-20 22:00:00,151.97
2007-05-20 23:00:00,115.47
2007-05-21 00:00:00,59.46
2007-05-21 01:00:00,18.03
2007-05-21 02:00:00,19.86
2007-05-21 03:00:00,18.68
2007-05-21 04:00:00,18.38
2007-05-21 05:00:00,20.03
2007-05-21 06:00:00,26.10
2007-05-21 07:00:00,95.25
2007-05-21 08:00:00,78.01
2007-05-21 09:00:00,78.16
2007-05-21 10:00:00,77.03
2007-05-21 11:00:00,77.68
2007-05-21 12:00:00,24.84
2007-05-21 13:00:00,18.01
2007-05-21 14:00:00,18.77
2007-05-21 15:00:00,16.63
2007-05-21 16:00:00,18.53
2007-05-21 17:00:00,17.67
2007-05-21 18:00:00,21.14
2007-05-21 19:00:00,29.04
2007-05-21 20:00:00,85.04
2007-05-21 21:00:00,107.22
2007-05-21 22:00:00,101.23
2007-05-21 23:00:00,75.26
2007-05-22 00:00:00,18.19
2007-05-22 01:00:00,16.34
2007-05-22 02:00:00,29.83
2007-05-22 03:00:00,40.48
2007-05-22 04:00:00,17.00
2007-05-22 05:00:00,17.24
2007-05-22 06:00:00,46.54
2007-05-22 07:00:00,104.01
2007-05-22 08:00:00,75.72
2007-05-22 09:00:00,42.89
2007-05-22 10:00:00,57.90
2007-05-22 11:00:00,17.31
2007-05-22 12:00:00,15.86
2007-05-22 13:00:00,18.27
2007-05-22 14:00:00,16.18
2007-05-22 15:00:00,17.91
2007-05-22 16:00:00,15.83
2007-05-22 17:00:00,18.42
2007-05-22 18:00:00,37.80
2007-05-22 19:00:00,80.18
2007-05-22 20:00:00,173.86
2007-05-22 21:00:00,86.52
2007-05-22 22:00:00,149.43
2007-05-22 23:00:00,19.13
2007-05-23 00:00:00,20.32
2007-05-23 01:00:00,16.08
2007-05-23 02:00:00,19.93
2007-05-23 03:00:00,17.32
2007-05-23 04:00:00,18.15
2007-05-23 05:00:00,17.71
2007-05-23 06:00:00,73.83
2007-05-23 07:00:00,87.64
2007-05-23 08:00:00,147.24
2007-05-23 09:00:00,86.62
2007-05-23 10:00:00,78.84
2007-05-23 11:00:00,95.01
2007-05-23 12:00:00,70.69
2007-05-23 13:00:00,64.05
2007-05-23 14:00:00,129.49
2007-05-23 15:00:00,50.27
2007-05-23 16:00:00,20.66
2007-05-23 17:00:00,17.24
2007-05-23 18:00:00,39.82
2007-05-23 19:00:00,64.69
2007-05-23 20:00:00,77.07
2007-05-23 21:00:00,115.22
2007-05-23 22:00:00,73.78
2007-05-23 23:00:00,63.27
2007-05-24 00:00:00,17.78
2007-05-24 01:00:00,18.88
2007-05-24 02:00:00,15.28
2007-05-24 03:00:00,17.52
2007-05-24 04:00:00,16.81
2007-05-24 05:00:00,18.76
2007-05-24 06:00:00,29.97
2007-05-24 07:00:00,94.81
2007-05-24 08:00:00,116.73
2007-05-24 09:00:00,98.82
2007-05-24 10:00:00,40.28
2007-05-24 11:00:00,16.01
2007-05-24 12:00:00,18.68
2007-05-24 13:00:00,17.13
2007-05-24 14:00:00,19.28
2007-05-24 15:00:00,16.54
2007-05-24 16:00:00,18.44
2007-05-24 17:00:00,17.64
2007-05-24 18:00:00,20.43
2007-05-24 19:00:00,88.39
2007-05-24 20:00:00,94.69
2007-05-24 21:00:00,154.19
2007-05-24 22:00:00,145.62
2007-05-24 23:00:00,41.71
2007-05-25 00:00:00,20.45
2007-05-25 01:00:00,18.23
2007-05-25 02:00:00,48.42
2007-05-25 03:00:00,24.56
2007-05-25 04:00:00,19.31
2007-05-25 05:00:00,17.31
2007-05-25 06:00:00,81.52
2007-05-25 07:00:00,113.27
2007-05-25 08:00:00,109.30
2007-05-25 09:00:00,77.91
2007-05-25 10:00:00,51.18
2007-05-25 11:00:00,18.60
2007-05-25 12:00:00,16.89
2007-05-25 13:00:00,19.43
2007-05-25 14:00:00,17.73
2007-05-25 15:00:00,20.13
2007-05-25 16:00:00,17.36
2007-05-25 17:00:00,24.28
2007-05-25 18:00:00,105.84
2007-05-25 19:00:00,172.36
2007-05-25 20:00:00,214.40
2007-05-25 21:00:00,268.48
2007-05-25 22:00:00,118.86
2007-05-25 23:00:00,18.41
2007-05-26 00:00:00,19.34
2007-05-26 01:00:00,41.35
2007-05-26 02:00:00,29.59
2007-05-26 03:00:00,18.02
2007-05-26 04:00:00,18.91
2007-05-26 05:00:00,17.72
2007-05-26 06:00:00,17.57
2007-05-26 07:00:00,18.55
2007-05-26 08:00:00,39.28
2007-05-26 09:00:00,127.56
2007-05-26 10:00:00,26.27
2007-05-26 11:00:00,62.88
2007-05-26 12:00:00,98.39
2007-05-26 13:00:00,108.77
2007-05-26 14:00:00,97.90
2007-05-26 15:00:00,113.83
2007-05-26 16:00:00,56.85
2007-05-26 17:00:00,56.18
2007-05-26 18:00:00,23.24
2007-05-26 19:00:00,127.89
2007-05-26 20:00:00,84.91
2007-05-26 21:00:00,97.79
2007-05-26 22:00:00,121.74
2007-05-26 23:00:00,87.71
2007-05-27 00:00:00,25.06
2007-05-27 01:00:00,19.15
2007-05-27 02:00:00,18.81
2007-05-27 03:00:00,17.17
2007-05-27 04:00:00,19.87
2007-05-27 05:00:00,21.64
2007-05-27 06:00:00,35.05
2007-05-27 07:00:00,27.28
2007-05-27 08:00:00,69.64
2007-05-27 09:00:00,66.94
2007-05-27 10:00:00,30.26
2007-05-27 11:00:00,57.04
2007-05-27 12:00:00,133.62
2007-05-27 13:00:00,76.89
2007-05-27 14:00:00,231.41
2007-05-27 15:00:00,224.85
2007-05-27 16:00:00,147.02
2007-05-27 17:00:00,246.85
2007-05-27 18:00:00,169.11
2007-05-27 19:00:00,119.05
2007-05-27 20:00:00,117.59
2007-05-27 21:00:00,155.55
2007-05-27 22:00:00,94.86
2007-05-27 23:00:00,29.12
2007-05-28 00:00:00,24.87
2007-05-28 01:00:00,28.30
2007-05-28 02:00:00,54.39
2007-05-28 03:00:00,19.87
2007-05-28 04:00:00,19.33
2007-05-28 05:00:00,19.52
2007-05-28 06:00:00,17.69
2007-05-28 07:00:00,32.84
2007-05-28 08:00:00,20.02
2007-05-28 09:00:00,81.96
2007-05-28 10:00:00,79.28
2007-05-28 11:00:00,79.32
2007-05-28 12:00:00,79.84
2007-05-28 13:00:00,111.91
2007-05-28 14:00:00,61.44
2007-05-28 15:00:00,55.14
2007-05-28 16:00:00,67.27
2007-05-28 17:00:00,65.59
2007-05-28 18:00:00,167.71
2007-05-28 19:00:00,166.62
2007-05-28 20:00:00,144.10
2007-05-28 21:00:00,140.94
2007-05-28 22:00:00,53.77
2007-05-28 23:00:00,45.76
2007-05-29 00:00:00,24.38
2007-05-29 01:00:00,45.94
2007-05-29 02:00:00,19.30
2007-05-29 03:00:00,18.25
2007-05-29 04:00:00,19.01
2007-05-29 05:00:00,17.72
2007-05-29 06:00:00,75.57
2007-05-29 07:00:00,67.44
2007-05-29 08:00:00,92.63
2007-05-29 09:00:00,53.63
2007-05-29 10:00:00,47.48
2007-05-29 11:00:00,51.70
2007-05-29 12:00:00,40.12
2007-05-29 13:00:00,18.31
2007-05-29 14:00:00,16.58
2007-05-29 15:00:00,18.04
2007-05-29 16:00:00,16.50
2007-05-29 17:00:00,53.44
2007-05-29 18:00:00,17.97
2007-05-29 19:00:00,41.17
2007-05-29 20:00:00,41.04
2007-05-29 21:00:00,148.81
2007-05-29 22:00:00,97.68
2007-05-29 23:00:00,18.63
2007-05-30 00:00:00,16.22
2007-05-30 01:00:00,17.82
2007-05-30 02:00:00,15.79
2007-05-30 03:00:00,16.46
2007-05-30 04:00:00,16.85
2007-05-30 05:00:00,16.74
2007-05-30 06:00:00,82.07
2007-05-30 07:00:00,117.07
2007-05-30 08:00:00,110.62
2007-05-30 09:00:00,75.88
2007-05-30 10:00:00,77.60
2007-05-30 11:00:00,88.03
2007-05-30 12:00:00,89.61
2007-05-30 13:00:00,42.42
2007-05-30 14:00:00,18.25
2007-05-30 15:00:00,44.55
2007-05-30 16:00:00,95.76
2007-05-30 17:00:00,155.90
2007-05-30 18:00:00,40.75
2007-05-30 19:00:00,94.10
2007-05-30 20:00:00,133.23
2007-05-30 21:00:00,133.74
2007-05-30 22:00:00,66.84
2007-05-30 23:00:00,43.56
2007-05-31 00:00:00,55.98
2007-05-31 01:00:00,15.55
2007-05-31 02:00:00,18.25
2007-05-31 03:00:00,15.89
2007-05-31 04:00:00,17.25
2007-05-31 05:00:00,15.57
2007-05-31 06:00:00,42.08
2007-05-31 07:00:00,52.24
2007-05-31 08:00:00,68.25
2007-05-31 09:00:00,15.58
2007-05-31 10:00:00,16.47
2007-05-31 11:00:00,16.51
2007-05-31 12:00:00,17.36
2007-05-31 13:00:00,17.41
2007-05-31 14:00:00,15.40
2007-05-31 15:00:00,18.00
2007-05-31 16:00:00,15.11
2007-05-31 17:00:00,32.91
2007-05-31 18:00:00,63.50
2007-05-31 19:00:00,78.02
2007-05-31 20:00:00,101.00
2007-05-31 21:00:00,119.98
2007-05-31 22:00:00,88.98
2007-05-31 23:00:00,21.26
2007-06-01 00:00:00,20.35
2007-06-01 01:00:00,19.51
2007-06-01 02:00:00,17.58
2007-06-01 03:00:00,19.62
2007-06-01 04:00:00,16.15
2007-06-01 05:00:00,19.22
2007-06-01 06:00:00,90.29
2007-06-01 07:00:00,105.15
2007-06-01 08:00:00,79.92
2007-06-01 09:00:00,77.08
2007-06-01 10:00:00,79.68
2007-06-01 11:00:00,76.62
2007-06-01 12:00:00,71.28
2007-06-01 13:00:00,17.94
2007-06-01 14:00:00,18.83
2007-06-01 15:00:00,17.05
2007-06-01 16:00:00,19.20
2007-06-01 17:00:00,19.42
2007-06-01 18:00:00,20.67
2007-06-01 19:00:00,33.41
2007-06-01 20:00:00,81.42
2007-06-01 21:00:00,59.27
2007-06-01 22:00:00,46.61
2007-06-01 23:00:00,19.11
2007-06-02 00:00:00,29.35
2007-06-02 01:00:00,18.44
2007-06-02 02:00:00,16.29
2007-06-02 03:00:00,18.78
2007-06-02 04:00:00,38.44
2007-06-02 05:00:00,41.04
2007-06-02 06:00:00,16.60
2007-06-02 07:00:00,38.65
2007-06-02 08:00:00,28.37
2007-06-02 09:00:00,144.04
2007-06-02 10:00:00,71.36
2007-06-02 11:00:00,119.38
2007-06-02 12:00:00,23.84
2007-06-02 13:00:00,53.42
2007-06-02 14:00:00,73.23
2007-06-02 15:00:00,87.21
2007-06-02 16:00:00,84.71
2007-06-02 17:00:00,159.69
2007-06-02 18:00:00,118.33
2007-06-02 19:00:00,189.13
2007-06-02 20:00:00,44.13
2007-06-02 21:00:00,23.50
2007-06-02 22:00:00,21.58
2007-06-02 23:00:00,24.85
2007-06-03 00:00:00,35.65
2007-06-03 01:00:00,53.56
2007-06-03 02:00:00,25.09
2007-06-03 03:00:00,17.09
2007-06-03 04:00:00,19.23
2007-06-03 05:00:00,16.35
2007-06-03 06:00:00,18.55
2007-06-03 07:00:00,16.25
2007-06-03 08:00:00,40.34
2007-06-03 09:00:00,60.69
2007-06-03 10:00:00,124.22
2007-06-03 11:00:00,191.39
2007-06-03 12:00:00,154.75
2007-06-03 13:00:00,227.55
2007-06-03 14:00:00,99.55
2007-06-03 15:00:00,68.19
2007-06-03 16:00:00,82.85
2007-06-03 17:00:00,59.15
2007-06-03 18:00:00,78.70
2007-06-03 19:00:00,94.46
2007-06-03 20:00:00,95.72
2007-06-03 21:00:00,216.38
2007-06-03 22:00:00,203.00
2007-06-03 23:00:00,109.33
2007-06-04 00:00:00,21.21
2007-06-04 01:00:00,20.89
2007-06-04 02:00:00,15.87
2007-06-04 03:00:00,47.10
2007-06-04 04:00:00,19.69
2007-06-04 05:00:00,18.31
2007-06-04 06:00:00,32.43
2007-06-04 07:00:00,89.48
2007-06-04 08:00:00,79.25
2007-06-04 09:00:00,76.08
2007-06-04 10:00:00,57.85
2007-06-04 11:00:00,15.96
2007-06-04 12:00:00,18.60
2007-06-04 13:00:00,16.07
2007-06-04 14:00:00,14.63
2007-06-04 15:00:00,17.18
2007-06-04 16:00:00,18.87
2007-06-04 17:00:00,15.58
2007-06-04 18:00:00,98.84
2007-06-04 19:00:00,90.79
2007-06-04 20:00:00,34.21
2007-06-04 21:00:00,30.39
2007-06-04 22:00:00,29.11
2007-06-04 23:00:00,33.24
2007-06-05 00:00:00,94.52
2007-06-05 01:00:00,28.15
2007-06-05 02:00:00,15.26
2007-06-05 03:00:00,18.65
2007-06-05 04:00:00,19.52
2007-06-05 05:00:00,14.79
2007-06-05 06:00:00,68.22
2007-06-05 07:00:00,85.05
2007-06-05 08:00:00,78.79
2007-06-05 09:00:00,41.09
2007-06-05 10:00:00,87.82
2007-06-05 11:00:00,95.87
2007-06-05 12:00:00,25.01
2007-06-05 13:00:00,19.96
2007-06-05 14:00:00,46.30
2007-06-05 15:00:00,53.82
2007-06-05 16:00:00,40.97
2007-06-05 17:00:00,52.94
2007-06-05 18:00:00,25.45
2007-06-05 19:00:00,120.97
2007-06-05 20:00:00,110.63
2007-06-05 21:00:00,38.78
2007-06-05 22:00:00,137.81
2007-06-05 23:00:00,138.52
2007-06-06 00:00:00,105.22
2007-06-06 01:00:00,68.28
2007-06-06 02:00:00,19.43
2007-06-06 03:00:00,17.55
2007-06-06 04:00:00,14.44
2007-06-06 05:00:00,16.33
2007-06-06 06:00:00,104.58
2007-06-06 07:00:00,92.00
2007-06-06 08:00:00,92.54
2007-06-06 09:00:00,87.01
2007-06-06 10:00:00,81.72
2007-06-06 11:00:00,82.39
2007-06-06 12:00:00,45.25
2007-06-06 13:00:00,31.08
2007-06-06 14:00:00,78.12
2007-06-06 15:00:00,41.71
2007-06-06 16:00:00,60.23
2007-06-06 17:00:00,26.24
2007-06-06 18:00:00,30.85
2007-06-06 19:00:00,152.64
2007-06-06 20:00:00,121.96
2007-06-06 21:00:00,132.23
2007-06-06 22:00:00,126.95
2007-06-06 23:00:00,66.80
2007-06-07 00:00:00,18.77
2007-06-07 01:00:00,14.57
2007-06-07 02:00:00,14.56
2007-06-07 03:00:00,18.71
2007-06-07 04:00:00,15.65
2007-06-07 05:00:00,13.81
2007-06-07 06:00:00,37.51
2007-06-07 07:00:00,74.95
2007-06-07 08:00:00,78.98
2007-06-07 09:00:00,75.04
2007-06-07 10:00:00,19.81
2007-06-07 11:00:00,16.19
2007-06-07 12:00:00,14.48
2007-06-07 13:00:00,18.28
2007-06-07 14:00:00,34.17
2007-06-07 15:00:00,45.13
2007-06-07 16:00:00,46.90
2007-06-07 17:00:00,49.67
2007-06-07 18:00:00,60.14
2007-06-07 19:00:00,78.53
2007-06-07 20:00:00,76.09
2007-06-07 21:00:00,77.07
2007-06-07 22:00:00,64.22
2007-06-07 23:00:00,21.79
2007-06-08 00:00:00,18.49
2007-06-08 01:00:00,14.42
2007-06-08 02:00:00,15.75
2007-06-08 03:00:00,19.09
2007-06-08 04:00:00,14.48
2007-06-08 05:00:00,13.82
2007-06-08 06:00:00,17.84
2007-06-08 07:00:00,57.22
2007-06-08 08:00:00,81.99
2007-06-08 09:00:00,117.30
2007-06-08 10:00:00,187.28
2007-06-08 11:00:00,149.28
2007-06-08 12:00:00,156.30
2007-06-08 13:00:00,175.45
2007-06-08 14:00:00,166.09
2007-06-08 15:00:00,92.31
2007-06-08 16:00:00,23.50
2007-06-08 17:00:00,129.44
2007-06-08 18:00:00,128.68
2007-06-08 19:00:00,182.39
2007-06-08 20:00:00,252.03
2007-06-08 21:00:00,71.81
2007-06-08 22:00:00,32.52
2007-06-08 23:00:00,30.55
2007-06-09 00:00:00,28.49
2007-06-09 01:00:00,50.92
2007-06-09 02:00:00,17.76
2007-06-09 03:00:00,16.62
2007-06-09 04:00:00,16.48
2007-06-09 05:00:00,18.67
2007-06-09 06:00:00,16.42
2007-06-09 07:00:00,36.18
2007-06-09 08:00:00,57.75
2007-06-09 09:00:00,49.70
2007-06-09 10:00:00,73.17
2007-06-09 11:00:00,31.34
2007-06-09 12:00:00,26.99
2007-06-09 13:00:00,48.17
2007-06-09 14:00:00,62.62
2007-06-09 15:00:00,24.53
2007-06-09 16:00:00,41.04
2007-06-09 17:00:00,35.67
2007-06-09 18:00:00,81.50
2007-06-09 19:00:00,71.71
2007-06-09 20:00:00,82.37
2007-06-09 21:00:00,81.75
2007-06-09 22:00:00,70.82
2007-06-09 23:00:00,52.36
2007-06-10 00:00:00,38.55
2007-06-10 01:00:00,16.81
2007-06-10 02:00:00,19.99
2007-06-10 03:00:00,16.98
2007-06-10 04:00:00,14.26
2007-06-10 05:00:00,48.31
2007-06-10 06:00:00,12.59
2007-06-10 07:00:00,11.70
2007-06-10 08:00:00,27.41
2007-06-10 09:00:00,19.95
2007-06-10 10:00:00,120.81
2007-06-10 11:00:00,130.84
2007-06-10 12:00:00,96.07
2007-06-10 13:00:00,133.53
2007-06-10 14:00:00,130.15
2007-06-10 15:00:00,49.18
2007-06-10 16:00:00,64.53
2007-06-10 17:00:00,73.71
2007-06-10 18:00:00,10.87
2007-06-10 19:00:00,43.81
2007-06-10 20:00:00,39.15
2007-06-10 21:00:00,50.71
2007-06-10 22:00:00,125.86
2007-06-10 23:00:00,45.05
2007-06-11 00:00:00,23.75
2007-06-11 01:00:00,14.39
2007-06-11 02:00:00,13.55
2007-06-11 03:00:00,13.94
2007-06-11 04:00:00,12.52
2007-06-11 05:00:00,13.84
2007-06-11 06:00:00,66.06
2007-06-11 07:00:00,96.45
2007-06-11 08:00:00,91.16
2007-06-11 09:00:00,72.65
2007-06-11 10:00:00,68.96
2007-06-11 11:00:00,11.92
2007-06-11 12:00:00,13.47
2007-06-11 13:00:00,12.75
2007-06-11 14:00:00,11.02
2007-06-11 15:00:00,13.19
2007-06-11 16:00:00,11.41
2007-06-11 17:00:00,13.15
2007-06-11 18:00:00,15.88
2007-06-11 19:00:00,52.97
2007-06-11 20:00:00,13.07
2007-06-11 21:00:00,56.38
2007-06-11 22:00:00,46.25
2007-06-11 23:00:00,35.94
2007-06-12 00:00:00,57.51
2007-06-12 01:00:00,11.78
2007-06-12 02:00:00,9.36
2007-06-12 03:00:00,12.27
2007-06-12 04:00:00,11.31
2007-06-12 05:00:00,10.02
2007-06-12 06:00:00,24.70
2007-06-12 07:00:00,19.97
2007-06-12 08:00:00,25.82
2007-06-12 09:00:00,26.22
2007-06-12 10:00:00,67.84
2007-06-12 11:00:00,23.77
2007-06-12 12:00:00,26.58
2007-06-12 13:00:00,11.23
2007-06-12 14:00:00,12.89
2007-06-12 15:00:00,13.12
2007-06-12 16:00:00,54.07
2007-06-12 17:00:00,19.40
2007-06-12 18:00:00,124.64
2007-06-12 19:00:00,111.93
2007-06-12 20:00:00,33.64
2007-06-12 21:00:00,108.37
2007-06-12 22:00:00,62.02
2007-06-12 23:00:00,40.31
2007-06-13 00:00:00,12.74
2007-06-13 01:00:00,47.85
2007-06-13 02:00:00,11.51
2007-06-13 03:00:00,13.89
2007-06-13 04:00:00,10.72
2007-06-13 05:00:00,12.08
2007-06-13 06:00:00,21.49
2007-06-13 07:00:00,78.26
2007-06-13 08:00:00,85.46
2007-06-13 09:00:00,46.21
2007-06-13 10:00:00,13.98
2007-06-13 11:00:00,22.12
2007-06-13 12:00:00,27.70
2007-06-13 13:00:00,22.05
2007-06-13 14:00:00,80.18
2007-06-13 15:00:00,40.95
2007-06-13 16:00:00,15.31
2007-06-13 17:00:00,10.09
2007-06-13 18:00:00,30.95
2007-06-13 19:00:00,67.64
2007-06-13 20:00:00,84.39
2007-06-13 21:00:00,71.49
2007-06-13 22:00:00,76.54
2007-06-13 23:00:00,23.67
2007-06-14 00:00:00,12.01
2007-06-14 01:00:00,10.16
2007-06-14 02:00:00,13.32
2007-06-14 03:00:00,11.40
2007-06-14 04:00:00,10.04
2007-06-14 05:00:00,11.60
2007-06-14 06:00:00,29.16
2007-06-14 07:00:00,99.12
2007-06-14 08:00:00,76.42
2007-06-14 09:00:00,74.03
2007-06-14 10:00:00,37.08
2007-06-14 11:00:00,10.76
2007-06-14 12:00:00,12.24
2007-06-14 13:00:00,12.07
2007-06-14 14:00:00,10.52
2007-06-14 15:00:00,12.53
2007-06-14 16:00:00,11.21
2007-06-14 17:00:00,12.88
2007-06-14 18:00:00,110.97
2007-06-14 19:00:00,193.98
2007-06-14 20:00:00,134.83
2007-06-14 21:00:00,82.89
2007-06-14 22:00:00,80.78
2007-06-14 23:00:00,189.09
2007-06-15 00:00:00,93.99
2007-06-15 01:00:00,15.49
2007-06-15 02:00:00,13.82
2007-06-15 03:00:00,13.50
2007-06-15 04:00:00,12.44
2007-06-15 05:00:00,9.98
2007-06-15 06:00:00,57.23
2007-06-15 07:00:00,61.79
2007-06-15 08:00:00,119.84
2007-06-15 09:00:00,40.97
2007-06-15 10:00:00,15.40
2007-06-15 11:00:00,50.07
2007-06-15 12:00:00,12.43
2007-06-15 13:00:00,10.54
2007-06-15 14:00:00,10.12
2007-06-15 15:00:00,11.18
2007-06-15 16:00:00,16.74
2007-06-15 17:00:00,27.45
2007-06-15 18:00:00,114.33
2007-06-15 19:00:00,41.62
2007-06-15 20:00:00,92.12
2007-06-15 21:00:00,78.65
2007-06-15 22:00:00,44.91
2007-06-15 23:00:00,24.98
2007-06-16 00:00:00,17.63
2007-06-16 01:00:00,16.04
2007-06-16 02:00:00,12.87
2007-06-16 03:00:00,13.11
2007-06-16 04:00:00,13.18
2007-06-16 05:00:00,46.68
2007-06-16 06:00:00,26.68
2007-06-16 07:00:00,16.48
2007-06-16 08:00:00,39.54
2007-06-16 09:00:00,71.24
2007-06-16 10:00:00,131.71
2007-06-16 11:00:00,95.81
2007-06-16 12:00:00,96.85
2007-06-16 13:00:00,116.02
2007-06-16 14:00:00,107.42
2007-06-16 15:00:00,114.74
2007-06-16 16:00:00,109.15
2007-06-16 17:00:00,132.56
2007-06-16 18:00:00,170.37
2007-06-16 19:00:00,150.16
2007-06-16 20:00:00,200.45
2007-06-16 21:00:00,126.35
2007-06-16 22:00:00,88.03
2007-06-16 23:00:00,104.70
2007-06-17 00:00:00,58.48
2007-06-17 01:00:00,86.37
2007-06-17 02:00:00,76.49
2007-06-17 03:00:00,46.32
2007-06-17 04:00:00,12.46
2007-06-17 05:00:00,10.87
2007-06-17 06:00:00,14.05
2007-06-17 07:00:00,9.23
2007-06-17 08:00:00,12.32
2007-06-17 09:00:00,70.31
2007-06-17 10:00:00,80.73
2007-06-17 11:00:00,104.42
2007-06-17 12:00:00,48.25
2007-06-17 13:00:00,157.81
2007-06-17 14:00:00,140.63
2007-06-17 15:00:00,45.96
2007-06-17 16:00:00,132.55
2007-06-17 17:00:00,68.12
2007-06-17 18:00:00,239.33
2007-06-17 19:00:00,183.81
2007-06-17 20:00:00,136.81
2007-06-17 21:00:00,154.50
2007-06-17 22:00:00,44.17
2007-06-17 23:00:00,13.09
2007-06-18 00:00:00,14.63
2007-06-18 01:00:00,13.79
2007-06-18 02:00:00,11.46
2007-06-18 03:00:00,8.32
2007-06-18 04:00:00,10.30
2007-06-18 05:00:00,10.22
2007-06-18 06:00:00,43.06
2007-06-18 07:00:00,77.33
2007-06-18 08:00:00,84.81
2007-06-18 09:00:00,74.25
2007-06-18 10:00:00,29.18
2007-06-18 11:00:00,12.03
2007-06-18 12:00:00,10.42
2007-06-18 13:00:00,9.62
2007-06-18 14:00:00,11.55
2007-06-18 15:00:00,10.27
2007-06-18 16:00:00,12.26
2007-06-18 17:00:00,9.45
2007-06-18 18:00:00,12.16
2007-06-18 19:00:00,50.05
2007-06-18 20:00:00,64.86
2007-06-18 21:00:00,32.84
2007-06-18 22:00:00,43.82
2007-06-18 23:00:00,21.78
2007-06-19 00:00:00,33.79
2007-06-19 01:00:00,44.21
2007-06-19 02:00:00,8.52
2007-06-19 03:00:00,11.72
2007-06-19 04:00:00,9.54
2007-06-19 05:00:00,11.46
2007-06-19 06:00:00,80.86
2007-06-19 07:00:00,105.32
2007-06-19 08:00:00,49.63
2007-06-19 09:00:00,39.83
2007-06-19 10:00:00,22.50
2007-06-19 11:00:00,19.83
2007-06-19 12:00:00,59.70
2007-06-19 13:00:00,10.26
2007-06-19 14:00:00,13.23
2007-06-19 15:00:00,11.90
2007-06-19 16:00:00,15.28
2007-06-19 17:00:00,15.92
2007-06-19 18:00:00,29.07
2007-06-19 19:00:00,45.56
2007-06-19 20:00:00,44.04
2007-06-19 21:00:00,94.26
2007-06-19 22:00:00,35.50
2007-06-19 23:00:00,33.26
2007-06-20 00:00:00,9.63
2007-06-20 01:00:00,12.50
2007-06-20 02:00:00,9.40
2007-06-20 03:00:00,10.73
2007-06-20 04:00:00,9.72
2007-06-20 05:00:00,9.67
2007-06-20 06:00:00,34.70
2007-06-20 07:00:00,100.23
2007-06-20 08:00:00,87.78
2007-06-20 09:00:00,51.01
2007-06-20 10:00:00,14.86
2007-06-20 11:00:00,21.60
2007-06-20 12:00:00,25.87
2007-06-20 13:00:00,23.02
2007-06-20 14:00:00,35.99
2007-06-20 15:00:00,71.64
2007-06-20 16:00:00,25.47
2007-06-20 17:00:00,12.93
2007-06-20 18:00:00,12.82
2007-06-20 19:00:00,95.42
2007-06-20 20:00:00,122.63
2007-06-20 21:00:00,194.35
2007-06-20 22:00:00,66.73
2007-06-20 23:00:00,15.59
2007-06-21 00:00:00,12.24
2007-06-21 01:00:00,10.97
2007-06-21 02:00:00,11.48
2007-06-21 03:00:00,14.76
2007-06-21 04:00:00,15.13
2007-06-21 05:00:00,25.43
2007-06-21 06:00:00,120.08
2007-06-21 07:00:00,81.55
2007-06-21 08:00:00,67.45
2007-06-21 09:00:00,15.85
2007-06-21 10:00:00,12.79
2007-06-21 11:00:00,10.85
2007-06-21 12:00:00,11.14
2007-06-21 13:00:00,16.23
2007-06-21 14:00:00,15.87
2007-06-21 15:00:00,13.66
2007-06-21 16:00:00,11.10
2007-06-21 17:00:00,16.35
2007-06-21 18:00:00,42.13
2007-06-21 19:00:00,19.01
2007-06-21 20:00:00,24.55
2007-06-21 21:00:00,78.52
2007-06-21 22:00:00,130.01
2007-06-21 23:00:00,29.79
2007-06-22 00:00:00,17.49
2007-06-22 01:00:00,15.90
2007-06-22 02:00:00,13.53
2007-06-22 03:00:00,11.79
2007-06-22 04:00:00,25.63
2007-06-22 05:00:00,41.62
2007-06-22 06:00:00,38.17
2007-06-22 07:00:00,49.20
2007-06-22 08:00:00,73.11
2007-06-22 09:00:00,55.73
2007-06-22 10:00:00,15.78
2007-06-22 11:00:00,14.77
2007-06-22 12:00:00,12.79
2007-06-22 13:00:00,11.56
2007-06-22 14:00:00,11.05
2007-06-22 15:00:00,15.07
2007-06-22 16:00:00,14.97
2007-06-22 17:00:00,13.28
2007-06-22 18:00:00,33.57
2007-06-22 19:00:00,26.55
2007-06-22 20:00:00,15.28
2007-06-22 21:00:00,15.31
2007-06-22 22:00:00,13.33
2007-06-22 23:00:00,10.82
2007-06-23 00:00:00,10.58
2007-06-23 01:00:00,15.31
2007-06-23 02:00:00,14.77
2007-06-23 03:00:00,11.82
2007-06-23 04:00:00,10.53
2007-06-23 05:00:00,14.10
2007-06-23 06:00:00,61.67
2007-06-23 07:00:00,14.47
2007-06-23 08:00:00,11.04
2007-06-23 09:00:00,10.74
2007-06-23 10:00:00,12.48
2007-06-23 11:00:00,24.65
2007-06-23 12:00:00,15.68
2007-06-23 13:00:00,10.67
2007-06-23 14:00:00,10.63
2007-06-23 15:00:00,14.27
2007-06-23 16:00:00,15.31
2007-06-23 17:00:00,73.00
2007-06-23 18:00:00,54.80
2007-06-23 19:00:00,12.91
2007-06-23 20:00:00,15.73
2007-06-23 21:00:00,15.86
2007-06-23 22:00:00,14.28
2007-06-23 23:00:00,12.25
2007-06-24 00:00:00,11.72
2007-06-24 01:00:00,16.79
2007-06-24 02:00:00,22.29
2007-06-24 03:00:00,12.76
2007-06-24 04:00:00,59.71
2007-06-24 05:00:00,13.02
2007-06-24 06:00:00,16.06
2007-06-24 07:00:00,15.49
2007-06-24 08:00:00,12.26
2007-06-24 09:00:00,11.97
2007-06-24 10:00:00,13.21
2007-06-24 11:00:00,15.85
2007-06-24 12:00:00,18.65
2007-06-24 13:00:00,11.82
2007-06-24 14:00:00,21.76
2007-06-24 15:00:00,72.64
2007-06-24 16:00:00,67.37
2007-06-24 17:00:00,76.34
2007-06-24 18:00:00,36.32
2007-06-24 19:00:00,24.15
2007-06-24 20:00:00,26.34
2007-06-24 21:00:00,35.00
2007-06-24 22:00:00,47.24
2007-06-24 23:00:00,55.88
2007-06-25 00:00:00,25.58
2007-06-25 01:00:00,14.05
2007-06-25 02:00:00,15.19
2007-06-25 03:00:00,12.71
2007-06-25 04:00:00,10.38
2007-06-25 05:00:00,10.63
2007-06-25 06:00:00,39.89
2007-06-25 07:00:00,93.43
2007-06-25 08:00:00,74.02
2007-06-25 09:00:00,72.23
2007-06-25 10:00:00,17.93
2007-06-25 11:00:00,14.63
2007-06-25 12:00:00,14.36
2007-06-25 13:00:00,11.98
2007-06-25 14:00:00,10.51
2007-06-25 15:00:00,12.27
2007-06-25 16:00:00,18.06
2007-06-25 17:00:00,19.47
2007-06-25 18:00:00,49.95
2007-06-25 19:00:00,12.58
2007-06-25 20:00:00,57.20
2007-06-25 21:00:00,214.10
2007-06-25 22:00:00,162.73
2007-06-25 23:00:00,88.34
2007-06-26 00:00:00,40.76
2007-06-26 01:00:00,36.41
2007-06-26 02:00:00,13.06
2007-06-26 03:00:00,16.24
2007-06-26 04:00:00,14.59
2007-06-26 05:00:00,11.15
2007-06-26 06:00:00,30.39
2007-06-26 07:00:00,85.59
2007-06-26 08:00:00,78.44
2007-06-26 09:00:00,58.94
2007-06-26 10:00:00,10.93
2007-06-26 11:00:00,12.25
2007-06-26 12:00:00,15.34
2007-06-26 13:00:00,13.43
2007-06-26 14:00:00,10.68
2007-06-26 15:00:00,11.48
2007-06-26 16:00:00,14.84
2007-06-26 17:00:00,14.91
2007-06-26 18:00:00,49.64
2007-06-26 19:00:00,25.94
2007-06-26 20:00:00,27.46
2007-06-26 21:00:00,46.14
2007-06-26 22:00:00,213.71
2007-06-26 23:00:00,92.60
2007-06-27 00:00:00,13.31
2007-06-27 01:00:00,16.36
2007-06-27 02:00:00,14.68
2007-06-27 03:00:00,12.52
2007-06-27 04:00:00,12.48
2007-06-27 05:00:00,16.47
2007-06-27 06:00:00,76.12
2007-06-27 07:00:00,139.93
2007-06-27 08:00:00,123.01
2007-06-27 09:00:00,78.72
2007-06-27 10:00:00,76.37
2007-06-27 11:00:00,16.08
2007-06-27 12:00:00,11.24
2007-06-27 13:00:00,22.50
2007-06-27 14:00:00,29.08
2007-06-27 15:00:00,13.95
2007-06-27 16:00:00,11.39
2007-06-27 17:00:00,13.05
2007-06-27 18:00:00,19.60
2007-06-27 19:00:00,166.32
2007-06-27 20:00:00,183.28
2007-06-27 21:00:00,275.88
2007-06-27 22:00:00,113.59
2007-06-27 23:00:00,24.93
2007-06-28 00:00:00,20.11
2007-06-28 01:00:00,17.14
2007-06-28 02:00:00,13.56
2007-06-28 03:00:00,14.02
2007-06-28 04:00:00,17.60
2007-06-28 05:00:00,23.30
2007-06-28 06:00:00,40.48
2007-06-28 07:00:00,34.66
2007-06-28 08:00:00,31.03
2007-06-28 09:00:00,87.08
2007-06-28 10:00:00,101.27
2007-06-28 11:00:00,74.77
2007-06-28 12:00:00,74.93
2007-06-28 13:00:00,54.78
2007-06-28 14:00:00,14.96
2007-06-28 15:00:00,13.30
2007-06-28 16:00:00,13.20
2007-06-28 17:00:00,17.16
2007-06-28 18:00:00,109.19
2007-06-28 19:00:00,167.42
2007-06-28 20:00:00,155.44
2007-06-28 21:00:00,82.57
2007-06-28 22:00:00,86.49
2007-06-28 23:00:00,30.97
2007-06-29 00:00:00,40.31
2007-06-29 01:00:00,11.68
2007-06-29 02:00:00,12.21
2007-06-29 03:00:00,15.53
2007-06-29 04:00:00,14.59
2007-06-29 05:00:00,11.24
2007-06-29 06:00:00,10.60
2007-06-29 07:00:00,15.13
2007-06-29 08:00:00,81.49
2007-06-29 09:00:00,12.40
2007-06-29 10:00:00,28.90
2007-06-29 11:00:00,118.90
2007-06-29 12:00:00,106.17
2007-06-29 13:00:00,92.59
2007-06-29 14:00:00,29.26
2007-06-29 15:00:00,21.04
2007-06-29 16:00:00,22.50
2007-06-29 17:00:00,30.88
2007-06-29 18:00:00,91.15
2007-06-29 19:00:00,126.85
2007-06-29 20:00:00,76.89
2007-06-29 21:00:00,187.20
2007-06-29 22:00:00,90.86
2007-06-29 23:00:00,56.08
2007-06-30 00:00:00,15.57
2007-06-30 01:00:00,15.15
2007-06-30 02:00:00,11.92
2007-06-30 03:00:00,11.06
2007-06-30 04:00:00,16.15
2007-06-30 05:00:00,18.55
2007-06-30 06:00:00,111.64
2007-06-30 07:00:00,75.52
2007-06-30 08:00:00,53.76
2007-06-30 09:00:00,13.62
2007-06-30 10:00:00,12.45
2007-06-30 11:00:00,13.61
2007-06-30 12:00:00,21.23
2007-06-30 13:00:00,16.05
2007-06-30 14:00:00,17.68
2007-06-30 15:00:00,24.58
2007-06-30 16:00:00,86.73
2007-06-30 17:00:00,121.96
2007-06-30 18:00:00,88.06
2007-06-30 19:00:00,173.23
2007-06-30 20:00:00,141.78
2007-06-30 21:00:00,103.25
2007-06-30 22:00:00,74.15
2007-06-30 23:00:00,97.62
2007-07-01 00:00:00,149.62
2007-07-01 01:00:00,59.45
2007-07-01 02:00:00,47.39
2007-07-01 03:00:00,17.25
2007-07-01 04:00:00,30.93
2007-07-01 05:00:00,29.50
2007-07-01 06:00:00,26.14
2007-07-01 07:00:00,26.56
2007-07-01 08:00:00,31.40
2007-07-01 09:00:00,54.59
2007-07-01 10:00:00,78.63
2007-07-01 11:00:00,77.89
2007-07-01 12:00:00,30.64
2007-07-01 13:00:00,14.59
2007-07-01 14:00:00,21.54
2007-07-01 15:00:00,21.84
2007-07-01 16:00:00,18.79
2007-07-01 17:00:00,16.43
2007-07-01 18:00:00,57.06
2007-07-01 19:00:00,37.20
2007-07-01 20:00:00,36.43
2007-07-01 21:00:00,54.22
2007-07-01 22:00:00,63.19
2007-07-01 23:00:00,25.35
2007-07-02 00:00:00,15.21
2007-07-02 01:00:00,13.09
2007-07-02 02:00:00,10.30
2007-07-02 03:00:00,11.23
2007-07-02 04:00:00,15.12
2007-07-02 05:00:00,13.92
2007-07-02 06:00:00,33.47
2007-07-02 07:00:00,81.80
2007-07-02 08:00:00,27.24
2007-07-02 09:00:00,12.83
2007-07-02 10:00:00,10.57
2007-07-02 11:00:00,11.65
2007-07-02 12:00:00,14.60
2007-07-02 13:00:00,12.64
2007-07-02 14:00:00,9.83
2007-07-02 15:00:00,11.55
2007-07-02 16:00:00,45.37
2007-07-02 17:00:00,22.33
2007-07-02 18:00:00,11.77
2007-07-02 19:00:00,40.92
2007-07-02 20:00:00,124.93
2007-07-02 21:00:00,160.00
2007-07-02 22:00:00,186.34
2007-07-02 23:00:00,70.30
2007-07-03 00:00:00,30.34
2007-07-03 01:00:00,20.17
2007-07-03 02:00:00,18.34
2007-07-03 03:00:00,16.87
2007-07-03 04:00:00,15.01
2007-07-03 05:00:00,16.33
2007-07-03 06:00:00,18.61
2007-07-03 07:00:00,124.61
2007-07-03 08:00:00,78.53
2007-07-03 09:00:00,75.21
2007-07-03 10:00:00,18.16
2007-07-03 11:00:00,16.03
2007-07-03 12:00:00,14.04
2007-07-03 13:00:00,14.46
2007-07-03 14:00:00,17.42
2007-07-03 15:00:00,15.48
2007-07-03 16:00:00,13.78
2007-07-03 17:00:00,15.77
2007-07-03 18:00:00,51.05
2007-07-03 19:00:00,35.94
2007-07-03 20:00:00,40.13
2007-07-03 21:00:00,81.53
2007-07-03 22:00:00,236.92
2007-07-03 23:00:00,75.18
2007-07-04 00:00:00,49.35
2007-07-04 01:00:00,13.74
2007-07-04 02:00:00,15.90
2007-07-04 03:00:00,18.36
2007-07-04 04:00:00,14.87
2007-07-04 05:00:00,13.89
2007-07-04 06:00:00,40.18
2007-07-04 07:00:00,167.27
2007-07-04 08:00:00,79.16
2007-07-04 09:00:00,75.71
2007-07-04 10:00:00,24.47
2007-07-04 11:00:00,16.67
2007-07-04 12:00:00,14.71
2007-07-04 13:00:00,12.62
2007-07-04 14:00:00,14.70
2007-07-04 15:00:00,17.11
2007-07-04 16:00:00,13.03
2007-07-04 17:00:00,12.14
2007-07-04 18:00:00,49.70
2007-07-04 19:00:00,151.51
2007-07-04 20:00:00,60.64
2007-07-04 21:00:00,24.13
2007-07-04 22:00:00,23.33
2007-07-04 23:00:00,80.24
2007-07-05 00:00:00,20.43
2007-07-05 01:00:00,19.03
2007-07-05 02:00:00,16.58
2007-07-05 03:00:00,14.08
2007-07-05 04:00:00,14.39
2007-07-05 05:00:00,13.93
2007-07-05 06:00:00,13.21
2007-07-05 07:00:00,64.36
2007-07-05 08:00:00,79.90
2007-07-05 09:00:00,77.79
2007-07-05 10:00:00,17.25
2007-07-05 11:00:00,10.71
2007-07-05 12:00:00,11.97
2007-07-05 13:00:00,16.86
2007-07-05 14:00:00,15.89
2007-07-05 15:00:00,18.37
2007-07-05 16:00:00,15.42
2007-07-05 17:00:00,15.45
2007-07-05 18:00:00,36.18
2007-07-05 19:00:00,112.92
2007-07-05 20:00:00,120.38
2007-07-05 21:00:00,99.16
2007-07-05 22:00:00,162.22
2007-07-05 23:00:00,70.81
2007-07-06 00:00:00,30.89
2007-07-06 01:00:00,16.63
2007-07-06 02:00:00,13.90
2007-07-06 03:00:00,10.76
2007-07-06 04:00:00,11.40
2007-07-06 05:00:00,33.80
2007-07-06 06:00:00,28.31
2007-07-06 07:00:00,41.77
2007-07-06 08:00:00,55.50
2007-07-06 09:00:00,33.90
2007-07-06 10:00:00,11.79
2007-07-06 11:00:00,10.58
2007-07-06 12:00:00,10.81
2007-07-06 13:00:00,11.39
2007-07-06 14:00:00,13.70
2007-07-06 15:00:00,15.67
2007-07-06 16:00:00,15.56
2007-07-06 17:00:00,15.38
2007-07-06 18:00:00,68.06
2007-07-06 19:00:00,87.07
2007-07-06 20:00:00,153.40
2007-07-06 21:00:00,256.33
2007-07-06 22:00:00,92.80
2007-07-06 23:00:00,30.11
2007-07-07 00:00:00,151.41
2007-07-07 01:00:00,151.55
2007-07-07 02:00:00,36.76
2007-07-07 03:00:00,12.04
2007-07-07 04:00:00,14.05
2007-07-07 05:00:00,14.62
2007-07-07 06:00:00,11.25
2007-07-07 07:00:00,81.27
2007-07-07 08:00:00,90.78
2007-07-07 09:00:00,68.82
2007-07-07 10:00:00,12.27
2007-07-07 11:00:00,18.50
2007-07-07 12:00:00,18.87
2007-07-07 13:00:00,70.78
2007-07-07 14:00:00,88.16
2007-07-07 15:00:00,31.44
2007-07-07 16:00:00,14.42
2007-07-07 17:00:00,50.06
2007-07-07 18:00:00,52.43
2007-07-07 19:00:00,33.91
2007-07-07 20:00:00,108.68
2007-07-07 21:00:00,87.37
2007-07-07 22:00:00,93.65
2007-07-07 23:00:00,45.13
2007-07-08 00:00:00,22.41
2007-07-08 01:00:00,20.67
2007-07-08 02:00:00,63.53
2007-07-08 03:00:00,81.53
2007-07-08 04:00:00,43.50
2007-07-08 05:00:00,16.50
2007-07-08 06:00:00,12.74
2007-07-08 07:00:00,12.95
2007-07-08 08:00:00,17.05
2007-07-08 09:00:00,13.25
2007-07-08 10:00:00,45.23
2007-07-08 11:00:00,95.35
2007-07-08 12:00:00,50.07
2007-07-08 13:00:00,47.43
2007-07-08 14:00:00,54.90
2007-07-08 15:00:00,16.58
2007-07-08 16:00:00,12.68
2007-07-08 17:00:00,125.88
2007-07-08 18:00:00,80.23
2007-07-08 19:00:00,41.18
2007-07-08 20:00:00,39.76
2007-07-08 21:00:00,15.47
2007-07-08 22:00:00,49.87
2007-07-08 23:00:00,110.33
2007-07-09 00:00:00,94.93
2007-07-09 01:00:00,16.49
2007-07-09 02:00:00,13.47
2007-07-09 03:00:00,11.47
2007-07-09 04:00:00,15.51
2007-07-09 05:00:00,13.30
2007-07-09 06:00:00,13.00
2007-07-09 07:00:00,85.40
2007-07-09 08:00:00,72.98
2007-07-09 09:00:00,77.50
2007-07-09 10:00:00,76.92
2007-07-09 11:00:00,81.36
2007-07-09 12:00:00,39.63
2007-07-09 13:00:00,19.24
2007-07-09 14:00:00,15.94
2007-07-09 15:00:00,16.24
2007-07-09 16:00:00,65.16
2007-07-09 17:00:00,14.55
2007-07-09 18:00:00,22.84
2007-07-09 19:00:00,28.79
2007-07-09 20:00:00,42.82
2007-07-09 21:00:00,70.86
2007-07-09 22:00:00,157.21
2007-07-09 23:00:00,114.56
2007-07-10 00:00:00,78.24
2007-07-10 01:00:00,18.53
2007-07-10 02:00:00,12.86
2007-07-10 03:00:00,13.42
2007-07-10 04:00:00,16.03
2007-07-10 05:00:00,12.60
2007-07-10 06:00:00,12.91
2007-07-10 07:00:00,116.69
2007-07-10 08:00:00,76.24
2007-07-10 09:00:00,24.58
2007-07-10 10:00:00,15.52
2007-07-10 11:00:00,12.44
2007-07-10 12:00:00,12.02
2007-07-10 13:00:00,13.65
2007-07-10 14:00:00,14.00
2007-07-10 15:00:00,40.87
2007-07-10 16:00:00,19.99
2007-07-10 17:00:00,15.40
2007-07-10 18:00:00,12.21
2007-07-10 19:00:00,41.31
2007-07-10 20:00:00,36.15
2007-07-10 21:00:00,74.57
2007-07-10 22:00:00,195.17
2007-07-10 23:00:00,22.90
2007-07-11 00:00:00,13.87
2007-07-11 01:00:00,12.41
2007-07-11 02:00:00,15.55
2007-07-11 03:00:00,12.33
2007-07-11 04:00:00,11.58
2007-07-11 05:00:00,35.33
2007-07-11 06:00:00,45.52
2007-07-11 07:00:00,54.88
2007-07-11 08:00:00,108.06
2007-07-11 09:00:00,107.54
2007-07-11 10:00:00,73.56
2007-07-11 11:00:00,26.23
2007-07-11 12:00:00,13.23
2007-07-11 13:00:00,11.18
2007-07-11 14:00:00,14.45
2007-07-11 15:00:00,13.47
2007-07-11 16:00:00,11.51
2007-07-11 17:00:00,15.91
2007-07-11 18:00:00,34.14
2007-07-11 19:00:00,37.65
2007-07-11 20:00:00,13.69
2007-07-11 21:00:00,14.46
2007-07-11 22:00:00,12.26
2007-07-11 23:00:00,13.54
2007-07-12 00:00:00,30.71
2007-07-12 01:00:00,47.38
2007-07-12 02:00:00,13.64
2007-07-12 03:00:00,13.80
2007-07-12 04:00:00,11.73
2007-07-12 05:00:00,13.24
2007-07-12 06:00:00,14.32
2007-07-12 07:00:00,23.39
2007-07-12 08:00:00,70.00
2007-07-12 09:00:00,45.39
2007-07-12 10:00:00,10.97
2007-07-12 11:00:00,13.08
2007-07-12 12:00:00,14.21
2007-07-12 13:00:00,17.72
2007-07-12 14:00:00,12.56
2007-07-12 15:00:00,14.86
2007-07-12 16:00:00,11.65
2007-07-12 17:00:00,62.87
2007-07-12 18:00:00,52.69
2007-07-12 19:00:00,129.15
2007-07-12 20:00:00,122.99
2007-07-12 21:00:00,171.53
2007-07-12 22:00:00,124.39
2007-07-12 23:00:00,27.33
2007-07-13 00:00:00,18.85
2007-07-13 01:00:00,13.01
2007-07-13 02:00:00,13.36
2007-07-13 03:00:00,18.38
2007-07-13 04:00:00,12.77
2007-07-13 05:00:00,13.17
2007-07-13 06:00:00,17.79
2007-07-13 07:00:00,104.22
2007-07-13 08:00:00,89.55
2007-07-13 09:00:00,79.56
2007-07-13 10:00:00,46.74
2007-07-13 11:00:00,12.68
2007-07-13 12:00:00,17.04
2007-07-13 13:00:00,12.28
2007-07-13 14:00:00,13.65
2007-07-13 15:00:00,16.45
2007-07-13 16:00:00,15.05
2007-07-13 17:00:00,12.56
2007-07-13 18:00:00,25.77
2007-07-13 19:00:00,72.06
2007-07-13 20:00:00,49.04
2007-07-13 21:00:00,29.73
2007-07-13 22:00:00,54.95
2007-07-13 23:00:00,35.73
2007-07-14 00:00:00,66.58
2007-07-14 01:00:00,16.39
2007-07-14 02:00:00,11.38
2007-07-14 03:00:00,13.36
2007-07-14 04:00:00,13.87
2007-07-14 05:00:00,11.00
2007-07-14 06:00:00,13.25
2007-07-14 07:00:00,28.66
2007-07-14 08:00:00,37.24
2007-07-14 09:00:00,47.18
2007-07-14 10:00:00,107.48
2007-07-14 11:00:00,108.72
2007-07-14 12:00:00,28.15
2007-07-14 13:00:00,23.12
2007-07-14 14:00:00,98.52
2007-07-14 15:00:00,47.43
2007-07-14 16:00:00,79.78
2007-07-14 17:00:00,35.00
2007-07-14 18:00:00,55.23
2007-07-14 19:00:00,225.11
2007-07-14 20:00:00,55.96
2007-07-14 21:00:00,42.45
2007-07-14 22:00:00,98.72
2007-07-14 23:00:00,23.59
2007-07-15 00:00:00,15.09
2007-07-15 01:00:00,18.24
2007-07-15 02:00:00,16.46
2007-07-15 03:00:00,14.28
2007-07-15 04:00:00,17.34
2007-07-15 05:00:00,16.11
2007-07-15 06:00:00,14.53
2007-07-15 07:00:00,47.30
2007-07-15 08:00:00,35.73
2007-07-15 09:00:00,17.43
2007-07-15 10:00:00,21.68
2007-07-15 11:00:00,19.51
2007-07-15 12:00:00,28.94
2007-07-15 13:00:00,57.64
2007-07-15 14:00:00,89.67
2007-07-15 15:00:00,65.83
2007-07-15 16:00:00,36.96
2007-07-15 17:00:00,69.60
2007-07-15 18:00:00,41.27
2007-07-15 19:00:00,36.61
2007-07-15 20:00:00,57.02
2007-07-15 21:00:00,109.15
2007-07-15 22:00:00,109.23
2007-07-15 23:00:00,81.57
2007-07-16 00:00:00,29.73
2007-07-16 01:00:00,14.50
2007-07-16 02:00:00,15.89
2007-07-16 03:00:00,16.89
2007-07-16 04:00:00,13.04
2007-07-16 05:00:00,16.04
2007-07-16 06:00:00,27.10
2007-07-16 07:00:00,82.50
2007-07-16 08:00:00,75.52
2007-07-16 09:00:00,21.59
2007-07-16 10:00:00,13.97
2007-07-16 11:00:00,14.80
2007-07-16 12:00:00,19.73
2007-07-16 13:00:00,42.97
2007-07-16 14:00:00,41.66
2007-07-16 15:00:00,48.22
2007-07-16 16:00:00,12.33
2007-07-16 17:00:00,23.91
2007-07-16 18:00:00,42.01
2007-07-16 19:00:00,54.61
2007-07-16 20:00:00,74.33
2007-07-16 21:00:00,45.99
2007-07-16 22:00:00,78.62
2007-07-16 23:00:00,27.72
2007-07-17 00:00:00,15.45
2007-07-17 01:00:00,14.58
2007-07-17 02:00:00,11.89
2007-07-17 03:00:00,15.55
2007-07-17 04:00:00,14.02
2007-07-17 05:00:00,12.33
2007-07-17 06:00:00,27.48
2007-07-17 07:00:00,57.41
2007-07-17 08:00:00,120.89
2007-07-17 09:00:00,44.88
2007-07-17 10:00:00,13.82
2007-07-17 11:00:00,12.06
2007-07-17 12:00:00,14.02
2007-07-17 13:00:00,14.51
2007-07-17 14:00:00,11.69
2007-07-17 15:00:00,14.08
2007-07-17 16:00:00,15.02
2007-07-17 17:00:00,11.72
2007-07-17 18:00:00,55.95
2007-07-17 19:00:00,32.06
2007-07-17 20:00:00,39.75
2007-07-17 21:00:00,58.39
2007-07-17 22:00:00,77.85
2007-07-17 23:00:00,14.22
2007-07-18 00:00:00,13.39
2007-07-18 01:00:00,14.79
2007-07-18 02:00:00,11.73
2007-07-18 03:00:00,12.23
2007-07-18 04:00:00,15.16
2007-07-18 05:00:00,10.74
2007-07-18 06:00:00,37.48
2007-07-18 07:00:00,115.90
2007-07-18 08:00:00,126.71
2007-07-18 09:00:00,97.56
2007-07-18 10:00:00,70.78
2007-07-18 11:00:00,12.34
2007-07-18 12:00:00,12.97
2007-07-18 13:00:00,14.57
2007-07-18 14:00:00,11.43
2007-07-18 15:00:00,12.87
2007-07-18 16:00:00,15.08
2007-07-18 17:00:00,14.01
2007-07-18 18:00:00,23.15
2007-07-18 19:00:00,52.85
2007-07-18 20:00:00,11.98
2007-07-18 21:00:00,13.85
2007-07-18 22:00:00,23.33
2007-07-18 23:00:00,12.18
2007-07-19 00:00:00,12.99
2007-07-19 01:00:00,15.39
2007-07-19 02:00:00,11.78
2007-07-19 03:00:00,12.71
2007-07-19 04:00:00,15.66
2007-07-19 05:00:00,36.26
2007-07-19 06:00:00,65.60
2007-07-19 07:00:00,41.13
2007-07-19 08:00:00,53.75
2007-07-19 09:00:00,12.88
2007-07-19 10:00:00,15.44
2007-07-19 11:00:00,11.94
2007-07-19 12:00:00,11.97
2007-07-19 13:00:00,16.22
2007-07-19 14:00:00,11.29
2007-07-19 15:00:00,12.87
2007-07-19 16:00:00,15.65
2007-07-19 17:00:00,22.76
2007-07-19 18:00:00,50.44
2007-07-19 19:00:00,41.46
2007-07-19 20:00:00,90.30
2007-07-19 21:00:00,47.86
2007-07-19 22:00:00,20.36
2007-07-19 23:00:00,31.17
2007-07-20 00:00:00,12.62
2007-07-20 01:00:00,16.85
2007-07-20 02:00:00,12.88
2007-07-20 03:00:00,11.92
2007-07-20 04:00:00,15.76
2007-07-20 05:00:00,52.32
2007-07-20 06:00:00,11.80
2007-07-20 07:00:00,32.73
2007-07-20 08:00:00,16.49
2007-07-20 09:00:00,80.26
2007-07-20 10:00:00,54.63
2007-07-20 11:00:00,20.92
2007-07-20 12:00:00,34.34
2007-07-20 13:00:00,50.38
2007-07-20 14:00:00,24.15
2007-07-20 15:00:00,37.68
2007-07-20 16:00:00,20.10
2007-07-20 17:00:00,62.14
2007-07-20 18:00:00,168.77
2007-07-20 19:00:00,116.38
2007-07-20 20:00:00,65.04
2007-07-20 21:00:00,84.22
2007-07-20 22:00:00,91.06
2007-07-20 23:00:00,16.98
2007-07-21 00:00:00,11.28
2007-07-21 01:00:00,13.31
2007-07-21 02:00:00,13.22
2007-07-21 03:00:00,11.10
2007-07-21 04:00:00,13.21
2007-07-21 05:00:00,13.45
2007-07-21 06:00:00,25.08
2007-07-21 07:00:00,101.70
2007-07-21 08:00:00,83.38
2007-07-21 09:00:00,42.13
2007-07-21 10:00:00,24.90
2007-07-21 11:00:00,77.63
2007-07-21 12:00:00,50.20
2007-07-21 13:00:00,63.48
2007-07-21 14:00:00,66.98
2007-07-21 15:00:00,16.70
2007-07-21 16:00:00,22.13
2007-07-21 17:00:00,30.70
2007-07-21 18:00:00,90.33
2007-07-21 19:00:00,85.96
2007-07-21 20:00:00,52.87
2007-07-21 21:00:00,20.27
2007-07-21 22:00:00,19.29
2007-07-21 23:00:00,110.98
2007-07-22 00:00:00,31.63
2007-07-22 01:00:00,39.26
2007-07-22 02:00:00,11.86
2007-07-22 03:00:00,11.21
2007-07-22 04:00:00,11.76
2007-07-22 05:00:00,10.94
2007-07-22 06:00:00,11.14
2007-07-22 07:00:00,59.99
2007-07-22 08:00:00,14.63
2007-07-22 09:00:00,22.55
2007-07-22 10:00:00,153.93
2007-07-22 11:00:00,181.99
2007-07-22 12:00:00,113.76
2007-07-22 13:00:00,82.33
2007-07-22 14:00:00,88.74
2007-07-22 15:00:00,17.02
2007-07-22 16:00:00,15.72
2007-07-22 17:00:00,36.76
2007-07-22 18:00:00,33.11
2007-07-22 19:00:00,115.26
2007-07-22 20:00:00,20.73
2007-07-22 21:00:00,110.18
2007-07-22 22:00:00,126.30
2007-07-22 23:00:00,56.44
2007-07-23 00:00:00,13.57
2007-07-23 01:00:00,11.79
2007-07-23 02:00:00,13.22
2007-07-23 03:00:00,12.22
2007-07-23 04:00:00,11.73
2007-07-23 05:00:00,12.44
2007-07-23 06:00:00,39.25
2007-07-23 07:00:00,12.78
2007-07-23 08:00:00,27.50
2007-07-23 09:00:00,32.03
2007-07-23 10:00:00,86.26
2007-07-23 11:00:00,72.12
2007-07-23 12:00:00,162.11
2007-07-23 13:00:00,24.67
2007-07-23 14:00:00,44.41
2007-07-23 15:00:00,30.78
2007-07-23 16:00:00,62.30
2007-07-23 17:00:00,16.94
2007-07-23 18:00:00,25.90
2007-07-23 19:00:00,49.35
2007-07-23 20:00:00,87.70
2007-07-23 21:00:00,69.98
2007-07-23 22:00:00,60.95
2007-07-23 23:00:00,11.02
2007-07-24 00:00:00,11.03
2007-07-24 01:00:00,10.04
2007-07-24 02:00:00,40.64
2007-07-24 03:00:00,11.35
2007-07-24 04:00:00,10.42
2007-07-24 05:00:00,10.11
2007-07-24 06:00:00,10.76
2007-07-24 07:00:00,85.50
2007-07-24 08:00:00,87.34
2007-07-24 09:00:00,71.80
2007-07-24 10:00:00,70.76
2007-07-24 11:00:00,44.47
2007-07-24 12:00:00,11.58
2007-07-24 13:00:00,11.17
2007-07-24 14:00:00,11.21
2007-07-24 15:00:00,11.84
2007-07-24 16:00:00,10.63
2007-07-24 17:00:00,13.84
2007-07-24 18:00:00,21.20
2007-07-24 19:00:00,86.40
2007-07-24 20:00:00,24.16
2007-07-24 21:00:00,43.41
2007-07-24 22:00:00,40.35
2007-07-24 23:00:00,75.27
2007-07-25 00:00:00,15.54
2007-07-25 01:00:00,13.43
2007-07-25 02:00:00,51.07
2007-07-25 03:00:00,13.92
2007-07-25 04:00:00,11.95
2007-07-25 05:00:00,12.00
2007-07-25 06:00:00,25.87
2007-07-25 07:00:00,46.76
2007-07-25 08:00:00,56.44
2007-07-25 09:00:00,11.16
2007-07-25 10:00:00,11.06
2007-07-25 11:00:00,11.06
2007-07-25 12:00:00,10.61
2007-07-25 13:00:00,11.64
2007-07-25 14:00:00,11.55
2007-07-25 15:00:00,10.92
2007-07-25 16:00:00,11.17
2007-07-25 17:00:00,29.63
2007-07-25 18:00:00,36.15
2007-07-25 19:00:00,12.12
2007-07-25 20:00:00,11.27
2007-07-25 21:00:00,10.73
2007-07-25 22:00:00,21.59
2007-07-25 23:00:00,14.92
2007-07-26 00:00:00,11.20
2007-07-26 01:00:00,21.57
2007-07-26 02:00:00,45.35
2007-07-26 03:00:00,11.21
2007-07-26 04:00:00,11.70
2007-07-26 05:00:00,11.40
2007-07-26 06:00:00,23.10
2007-07-26 07:00:00,40.58
2007-07-26 08:00:00,100.06
2007-07-26 09:00:00,95.68
2007-07-26 10:00:00,11.08
2007-07-26 11:00:00,11.51
2007-07-26 12:00:00,10.77
2007-07-26 13:00:00,10.80
2007-07-26 14:00:00,11.28
2007-07-26 15:00:00,11.52
2007-07-26 16:00:00,11.34
2007-07-26 17:00:00,12.72
2007-07-26 18:00:00,58.39
2007-07-26 19:00:00,148.38
2007-07-26 20:00:00,105.42
2007-07-26 21:00:00,115.84
2007-07-26 22:00:00,21.05
2007-07-26 23:00:00,12.56
2007-07-27 00:00:00,11.61
2007-07-27 01:00:00,47.79
2007-07-27 02:00:00,10.96
2007-07-27 03:00:00,11.71
2007-07-27 04:00:00,11.17
2007-07-27 05:00:00,10.23
2007-07-27 06:00:00,10.78
2007-07-27 07:00:00,117.41
2007-07-27 08:00:00,96.91
2007-07-27 09:00:00,98.43
2007-07-27 10:00:00,10.73
2007-07-27 11:00:00,11.58
2007-07-27 12:00:00,10.92
2007-07-27 13:00:00,10.80
2007-07-27 14:00:00,28.12
2007-07-27 15:00:00,82.59
2007-07-27 16:00:00,79.29
2007-07-27 17:00:00,79.07
2007-07-27 18:00:00,42.12
2007-07-27 19:00:00,45.45
2007-07-27 20:00:00,82.25
2007-07-27 21:00:00,108.50
2007-07-27 22:00:00,134.95
2007-07-27 23:00:00,49.14
2007-07-28 00:00:00,26.80
2007-07-28 01:00:00,11.88
2007-07-28 02:00:00,12.20
2007-07-28 03:00:00,11.84
2007-07-28 04:00:00,12.88
2007-07-28 05:00:00,10.60
2007-07-28 06:00:00,12.10
2007-07-28 07:00:00,24.91
2007-07-28 08:00:00,49.00
2007-07-28 09:00:00,39.31
2007-07-28 10:00:00,75.05
2007-07-28 11:00:00,100.62
2007-07-28 12:00:00,130.34
2007-07-28 13:00:00,162.12
2007-07-28 14:00:00,97.02
2007-07-28 15:00:00,115.60
2007-07-28 16:00:00,89.54
2007-07-28 17:00:00,122.84
2007-07-28 18:00:00,65.71
2007-07-28 19:00:00,179.34
2007-07-28 20:00:00,135.19
2007-07-28 21:00:00,82.74
2007-07-28 22:00:00,42.84
2007-07-28 23:00:00,11.36
2007-07-29 00:00:00,10.17
2007-07-29 01:00:00,10.37
2007-07-29 02:00:00,10.91
2007-07-29 03:00:00,9.59
2007-07-29 04:00:00,11.04
2007-07-29 05:00:00,9.94
2007-07-29 06:00:00,10.44
2007-07-29 07:00:00,43.98
2007-07-29 08:00:00,9.81
2007-07-29 09:00:00,10.32
2007-07-29 10:00:00,10.27
2007-07-29 11:00:00,9.88
2007-07-29 12:00:00,9.88
2007-07-29 13:00:00,10.01
2007-07-29 14:00:00,9.85
2007-07-29 15:00:00,10.33
2007-07-29 16:00:00,10.25
2007-07-29 17:00:00,9.73
2007-07-29 18:00:00,35.17
2007-07-29 19:00:00,29.22
2007-07-29 20:00:00,9.70
2007-07-29 21:00:00,10.25
2007-07-29 22:00:00,10.04
2007-07-29 23:00:00,9.94
2007-07-30 00:00:00,10.31
2007-07-30 01:00:00,9.97
2007-07-30 02:00:00,9.85
2007-07-30 03:00:00,10.37
2007-07-30 04:00:00,9.89
2007-07-30 05:00:00,9.67
2007-07-30 06:00:00,55.50
2007-07-30 07:00:00,18.26
2007-07-30 08:00:00,9.35
2007-07-30 09:00:00,10.43
2007-07-30 10:00:00,10.07
2007-07-30 11:00:00,15.63
2007-07-30 12:00:00,9.94
2007-07-30 13:00:00,10.26
2007-07-30 14:00:00,8.89
2007-07-30 15:00:00,10.04
2007-07-30 16:00:00,10.51
2007-07-30 17:00:00,11.58
2007-07-30 18:00:00,71.49
2007-07-30 19:00:00,44.93
2007-07-30 20:00:00,17.20
2007-07-30 21:00:00,14.20
2007-07-30 22:00:00,25.55
2007-07-30 23:00:00,52.94
2007-07-31 00:00:00,16.15
2007-07-31 01:00:00,9.92
2007-07-31 02:00:00,10.05
2007-07-31 03:00:00,9.79
2007-07-31 04:00:00,10.11
2007-07-31 05:00:00,10.14
2007-07-31 06:00:00,9.38
2007-07-31 07:00:00,9.99
2007-07-31 08:00:00,10.23
2007-07-31 09:00:00,9.13
2007-07-31 10:00:00,56.27
2007-07-31 11:00:00,14.64
2007-07-31 12:00:00,125.48
2007-07-31 13:00:00,71.06
2007-07-31 14:00:00,16.01
2007-07-31 15:00:00,21.42
2007-07-31 16:00:00,51.77
2007-07-31 17:00:00,19.63
2007-07-31 18:00:00,24.74
2007-07-31 19:00:00,54.42
2007-07-31 20:00:00,115.26
2007-07-31 21:00:00,73.66
2007-07-31 22:00:00,49.84
2007-07-31 23:00:00,13.21
2007-08-01 00:00:00,9.89
2007-08-01 01:00:00,10.55
2007-08-01 02:00:00,13.64
2007-08-01 03:00:00,10.54
2007-08-01 04:00:00,73.10
2007-08-01 05:00:00,48.14
2007-08-01 06:00:00,29.70
2007-08-01 07:00:00,9.74
2007-08-01 08:00:00,45.64
2007-08-01 09:00:00,128.88
2007-08-01 10:00:00,88.69
2007-08-01 11:00:00,86.78
2007-08-01 12:00:00,74.89
2007-08-01 13:00:00,70.52
2007-08-01 14:00:00,104.12
2007-08-01 15:00:00,76.44
2007-08-01 16:00:00,97.76
2007-08-01 17:00:00,20.43
2007-08-01 18:00:00,11.12
2007-08-01 19:00:00,11.89
2007-08-01 20:00:00,9.91
2007-08-01 21:00:00,11.42
2007-08-01 22:00:00,10.64
2007-08-01 23:00:00,10.06
2007-08-02 00:00:00,11.61
2007-08-02 01:00:00,117.46
2007-08-02 02:00:00,57.29
2007-08-02 03:00:00,10.93
2007-08-02 04:00:00,10.87
2007-08-02 05:00:00,10.61
2007-08-02 06:00:00,9.94
2007-08-02 07:00:00,11.24
2007-08-02 08:00:00,10.50
2007-08-02 09:00:00,37.33
2007-08-02 10:00:00,86.84
2007-08-02 11:00:00,97.11
2007-08-02 12:00:00,77.47
2007-08-02 13:00:00,70.11
2007-08-02 14:00:00,69.39
2007-08-02 15:00:00,71.48
2007-08-02 16:00:00,10.93
2007-08-02 17:00:00,10.75
2007-08-02 18:00:00,10.61
2007-08-02 19:00:00,10.40
2007-08-02 20:00:00,10.58
2007-08-02 21:00:00,9.85
2007-08-02 22:00:00,76.26
2007-08-02 23:00:00,119.85
2007-08-03 00:00:00,64.25
2007-08-03 01:00:00,29.82
2007-08-03 02:00:00,36.20
2007-08-03 03:00:00,29.21
2007-08-03 04:00:00,17.14
2007-08-03 05:00:00,9.64
2007-08-03 06:00:00,10.60
2007-08-03 07:00:00,53.55
2007-08-03 08:00:00,70.68
2007-08-03 09:00:00,88.37
2007-08-03 10:00:00,80.59
2007-08-03 11:00:00,102.65
2007-08-03 12:00:00,102.81
2007-08-03 13:00:00,70.54
2007-08-03 14:00:00,72.18
2007-08-03 15:00:00,74.33
2007-08-03 16:00:00,13.57
2007-08-03 17:00:00,12.91
2007-08-03 18:00:00,12.43
2007-08-03 19:00:00,12.78
2007-08-03 20:00:00,13.67
2007-08-03 21:00:00,11.72
2007-08-03 22:00:00,12.62
2007-08-03 23:00:00,61.10
2007-08-04 00:00:00,67.90
2007-08-04 01:00:00,30.20
2007-08-04 02:00:00,27.41
2007-08-04 03:00:00,71.36
2007-08-04 04:00:00,10.95
2007-08-04 05:00:00,9.45
2007-08-04 06:00:00,10.02
2007-08-04 07:00:00,10.98
2007-08-04 08:00:00,26.64
2007-08-04 09:00:00,82.14
2007-08-04 10:00:00,110.47
2007-08-04 11:00:00,118.84
2007-08-04 12:00:00,88.65
2007-08-04 13:00:00,82.15
2007-08-04 14:00:00,81.56
2007-08-04 15:00:00,38.39
2007-08-04 16:00:00,20.50
2007-08-04 17:00:00,21.89
2007-08-04 18:00:00,19.90
2007-08-04 19:00:00,21.37
2007-08-04 20:00:00,19.93
2007-08-04 21:00:00,21.43
2007-08-04 22:00:00,20.49
2007-08-04 23:00:00,132.36
2007-08-05 00:00:00,108.25
2007-08-05 01:00:00,52.39
2007-08-05 02:00:00,12.38
2007-08-05 03:00:00,13.02
2007-08-05 04:00:00,13.56
2007-08-05 05:00:00,11.53
2007-08-05 06:00:00,12.10
2007-08-05 07:00:00,12.08
2007-08-05 08:00:00,12.92
2007-08-05 09:00:00,78.49
2007-08-05 10:00:00,101.32
2007-08-05 11:00:00,100.53
2007-08-05 12:00:00,74.19
2007-08-05 13:00:00,30.29
2007-08-05 14:00:00,10.68
2007-08-05 15:00:00,12.15
2007-08-05 16:00:00,10.54
2007-08-05 17:00:00,12.11
2007-08-05 18:00:00,11.23
2007-08-05 19:00:00,11.22
2007-08-05 20:00:00,11.82
2007-08-05 21:00:00,10.56
2007-08-05 22:00:00,29.13
2007-08-05 23:00:00,34.60
2007-08-06 00:00:00,57.95
2007-08-06 01:00:00,88.26
2007-08-06 02:00:00,35.29
2007-08-06 03:00:00,11.18
2007-08-06 04:00:00,10.82
2007-08-06 05:00:00,11.85
2007-08-06 06:00:00,10.67
2007-08-06 07:00:00,77.24
2007-08-06 08:00:00,106.61
2007-08-06 09:00:00,133.29
2007-08-06 10:00:00,110.21
2007-08-06 11:00:00,104.29
2007-08-06 12:00:00,74.54
2007-08-06 13:00:00,44.18
2007-08-06 14:00:00,14.46
2007-08-06 15:00:00,13.03
2007-08-06 16:00:00,12.79
2007-08-06 17:00:00,13.19
2007-08-06 18:00:00,12.91
2007-08-06 19:00:00,13.83
2007-08-06 20:00:00,11.95
2007-08-06 21:00:00,13.14
2007-08-06 22:00:00,11.75
2007-08-06 23:00:00,96.30
2007-08-07 00:00:00,128.22
2007-08-07 01:00:00,44.94
2007-08-07 02:00:00,13.17
2007-08-07 03:00:00,13.62
2007-08-07 04:00:00,14.53
2007-08-07 05:00:00,9.29
2007-08-07 06:00:00,10.45
2007-08-07 07:00:00,10.02
2007-08-07 08:00:00,80.24
2007-08-07 09:00:00,89.05
2007-08-07 10:00:00,111.42
2007-08-07 11:00:00,88.36
2007-08-07 12:00:00,78.41
2007-08-07 13:00:00,70.28
2007-08-07 14:00:00,88.68
2007-08-07 15:00:00,84.01
2007-08-07 16:00:00,105.84
2007-08-07 17:00:00,119.25
2007-08-07 18:00:00,78.51
2007-08-07 19:00:00,47.03
2007-08-07 20:00:00,47.39
2007-08-07 21:00:00,47.30
2007-08-07 22:00:00,48.18
2007-08-07 23:00:00,55.38
2007-08-08 00:00:00,119.81
2007-08-08 01:00:00,71.79
2007-08-08 02:00:00,70.16
2007-08-08 03:00:00,31.50
2007-08-08 04:00:00,10.47
2007-08-08 05:00:00,10.00
2007-08-08 06:00:00,10.45
2007-08-08 07:00:00,10.02
2007-08-08 08:00:00,35.37
2007-08-08 09:00:00,126.47
2007-08-08 10:00:00,159.67
2007-08-08 11:00:00,104.34
2007-08-08 12:00:00,76.32
2007-08-08 13:00:00,74.84
2007-08-08 14:00:00,74.77
2007-08-08 15:00:00,25.11
2007-08-08 16:00:00,12.79
2007-08-08 17:00:00,14.39
2007-08-08 18:00:00,12.65
2007-08-08 19:00:00,12.22
2007-08-08 20:00:00,13.46
2007-08-08 21:00:00,11.93
2007-08-08 22:00:00,13.08
2007-08-08 23:00:00,23.85
2007-08-09 00:00:00,161.24
2007-08-09 01:00:00,61.53
2007-08-09 02:00:00,10.67
2007-08-09 03:00:00,11.76
2007-08-09 04:00:00,11.71
2007-08-09 05:00:00,10.58
2007-08-09 06:00:00,9.85
2007-08-09 07:00:00,35.67
2007-08-09 08:00:00,91.38
2007-08-09 09:00:00,69.15
2007-08-09 10:00:00,139.41
2007-08-09 11:00:00,166.43
2007-08-09 12:00:00,112.13
2007-08-09 13:00:00,70.34
2007-08-09 14:00:00,22.27
2007-08-09 15:00:00,9.13
2007-08-09 16:00:00,10.39
2007-08-09 17:00:00,9.97
2007-08-09 18:00:00,8.94
2007-08-09 19:00:00,9.99
2007-08-09 20:00:00,10.69
2007-08-09 21:00:00,8.82
2007-08-09 22:00:00,9.73
2007-08-09 23:00:00,9.90
2007-08-10 00:00:00,64.87
2007-08-10 01:00:00,31.41
2007-08-10 02:00:00,9.80
2007-08-10 03:00:00,8.77
2007-08-10 04:00:00,10.69
2007-08-10 05:00:00,9.75
2007-08-10 06:00:00,9.09
2007-08-10 07:00:00,9.76
2007-08-10 08:00:00,98.32
2007-08-10 09:00:00,120.97
2007-08-10 10:00:00,139.17
2007-08-10 11:00:00,103.79
2007-08-10 12:00:00,70.31
2007-08-10 13:00:00,72.38
2007-08-10 14:00:00,71.34
2007-08-10 15:00:00,44.22
2007-08-10 16:00:00,12.33
2007-08-10 17:00:00,11.40
2007-08-10 18:00:00,10.48
2007-08-10 19:00:00,12.40
2007-08-10 20:00:00,11.18
2007-08-10 21:00:00,10.43
2007-08-10 22:00:00,12.22
2007-08-10 23:00:00,72.93
2007-08-11 00:00:00,81.37
2007-08-11 01:00:00,11.82
2007-08-11 02:00:00,11.47
2007-08-11 03:00:00,10.62
2007-08-11 04:00:00,11.52
2007-08-11 05:00:00,11.95
2007-08-11 06:00:00,10.63
2007-08-11 07:00:00,11.40
2007-08-11 08:00:00,57.34
2007-08-11 09:00:00,104.92
2007-08-11 10:00:00,103.39
2007-08-11 11:00:00,156.22
2007-08-11 12:00:00,72.81
2007-08-11 13:00:00,72.43
2007-08-11 14:00:00,70.53
2007-08-11 15:00:00,70.88
2007-08-11 16:00:00,71.98
2007-08-11 17:00:00,45.42
2007-08-11 18:00:00,9.96
2007-08-11 19:00:00,10.53
2007-08-11 20:00:00,9.23
2007-08-11 21:00:00,10.16
2007-08-11 22:00:00,9.84
2007-08-11 23:00:00,55.24
2007-08-12 00:00:00,47.55
2007-08-12 01:00:00,16.19
2007-08-12 02:00:00,53.97
2007-08-12 03:00:00,18.01
2007-08-12 04:00:00,9.34
2007-08-12 05:00:00,9.43
2007-08-12 06:00:00,10.56
2007-08-12 07:00:00,9.70
2007-08-12 08:00:00,62.85
2007-08-12 09:00:00,125.96
2007-08-12 10:00:00,107.60
2007-08-12 11:00:00,72.80
2007-08-12 12:00:00,71.13
2007-08-12 13:00:00,50.27
2007-08-12 14:00:00,10.36
2007-08-12 15:00:00,10.12
2007-08-12 16:00:00,10.06
2007-08-12 17:00:00,10.44
2007-08-12 18:00:00,10.14
2007-08-12 19:00:00,10.31
2007-08-12 20:00:00,9.95
2007-08-12 21:00:00,61.15
2007-08-12 22:00:00,165.95
2007-08-12 23:00:00,278.06
2007-08-13 00:00:00,118.95
2007-08-13 01:00:00,74.67
2007-08-13 02:00:00,37.47
2007-08-13 03:00:00,12.05
2007-08-13 04:00:00,11.28
2007-08-13 05:00:00,12.04
2007-08-13 06:00:00,11.85
2007-08-13 07:00:00,20.04
2007-08-13 08:00:00,87.39
2007-08-13 09:00:00,85.94
2007-08-13 10:00:00,90.62
2007-08-13 11:00:00,71.66
2007-08-13 12:00:00,69.50
2007-08-13 13:00:00,69.77
2007-08-13 14:00:00,71.19
2007-08-13 15:00:00,70.84
2007-08-13 16:00:00,23.63
2007-08-13 17:00:00,10.21
2007-08-13 18:00:00,10.10
2007-08-13 19:00:00,10.29
2007-08-13 20:00:00,9.62
2007-08-13 21:00:00,11.09
2007-08-13 22:00:00,48.97
2007-08-13 23:00:00,113.83
2007-08-14 00:00:00,56.60
2007-08-14 01:00:00,9.83
2007-08-14 02:00:00,10.46
2007-08-14 03:00:00,10.00
2007-08-14 04:00:00,10.51
2007-08-14 05:00:00,10.20
2007-08-14 06:00:00,9.06
2007-08-14 07:00:00,12.97
2007-08-14 08:00:00,93.17
2007-08-14 09:00:00,87.24
2007-08-14 10:00:00,140.98
2007-08-14 11:00:00,72.17
2007-08-14 12:00:00,73.09
2007-08-14 13:00:00,60.70
2007-08-14 14:00:00,11.59
2007-08-14 15:00:00,13.15
2007-08-14 16:00:00,12.53
2007-08-14 17:00:00,12.57
2007-08-14 18:00:00,12.74
2007-08-14 19:00:00,12.87
2007-08-14 20:00:00,13.09
2007-08-14 21:00:00,11.81
2007-08-14 22:00:00,71.27
2007-08-14 23:00:00,112.59
2007-08-15 00:00:00,123.51
2007-08-15 01:00:00,88.28
2007-08-15 02:00:00,47.09
2007-08-15 03:00:00,12.29
2007-08-15 04:00:00,11.63
2007-08-15 05:00:00,12.33
2007-08-15 06:00:00,12.43
2007-08-15 07:00:00,9.52
2007-08-15 08:00:00,24.07
2007-08-15 09:00:00,82.21
2007-08-15 10:00:00,169.62
2007-08-15 11:00:00,145.19
2007-08-15 12:00:00,85.11
2007-08-15 13:00:00,73.87
2007-08-15 14:00:00,73.92
2007-08-15 15:00:00,70.41
2007-08-15 16:00:00,9.87
2007-08-15 17:00:00,11.19
2007-08-15 18:00:00,10.66
2007-08-15 19:00:00,9.94
2007-08-15 20:00:00,10.98
2007-08-15 21:00:00,10.08
2007-08-15 22:00:00,10.95
2007-08-15 23:00:00,76.71
2007-08-16 00:00:00,99.81
2007-08-16 01:00:00,33.65
2007-08-16 02:00:00,16.98
2007-08-16 03:00:00,10.54
2007-08-16 04:00:00,9.09
2007-08-16 05:00:00,11.39
2007-08-16 06:00:00,9.66
2007-08-16 07:00:00,39.62
2007-08-16 08:00:00,118.95
2007-08-16 09:00:00,100.73
2007-08-16 10:00:00,95.88
2007-08-16 11:00:00,105.52
2007-08-16 12:00:00,75.32
2007-08-16 13:00:00,38.08
2007-08-16 14:00:00,11.12
2007-08-16 15:00:00,11.29
2007-08-16 16:00:00,9.50
2007-08-16 17:00:00,11.29
2007-08-16 18:00:00,10.44
2007-08-16 19:00:00,10.07
2007-08-16 20:00:00,10.63
2007-08-16 21:00:00,10.36
2007-08-16 22:00:00,10.95
2007-08-16 23:00:00,97.66
2007-08-17 00:00:00,164.10
2007-08-17 01:00:00,74.19
2007-08-17 02:00:00,43.56
2007-08-17 03:00:00,10.60
2007-08-17 04:00:00,10.18
2007-08-17 05:00:00,10.34
2007-08-17 06:00:00,80.55
2007-08-17 07:00:00,188.67
2007-08-17 08:00:00,120.15
2007-08-17 09:00:00,72.85
2007-08-17 10:00:00,54.36
2007-08-17 11:00:00,10.79
2007-08-17 12:00:00,9.22
2007-08-17 13:00:00,10.43
2007-08-17 14:00:00,10.18
2007-08-17 15:00:00,10.02
2007-08-17 16:00:00,9.98
2007-08-17 17:00:00,10.26
2007-08-17 18:00:00,10.49
2007-08-17 19:00:00,9.28
2007-08-17 20:00:00,59.53
2007-08-17 21:00:00,10.14
2007-08-17 22:00:00,9.39
2007-08-17 23:00:00,10.64
2007-08-18 00:00:00,9.96
2007-08-18 01:00:00,9.90
2007-08-18 02:00:00,10.00
2007-08-18 03:00:00,9.77
2007-08-18 04:00:00,10.64
2007-08-18 05:00:00,9.25
2007-08-18 06:00:00,9.69
2007-08-18 07:00:00,17.40
2007-08-18 08:00:00,56.01
2007-08-18 09:00:00,10.15
2007-08-18 10:00:00,9.37
2007-08-18 11:00:00,10.07
2007-08-18 12:00:00,10.41
2007-08-18 13:00:00,8.94
2007-08-18 14:00:00,10.36
2007-08-18 15:00:00,10.14
2007-08-18 16:00:00,9.95
2007-08-18 17:00:00,10.36
2007-08-18 18:00:00,8.94
2007-08-18 19:00:00,41.30
2007-08-18 20:00:00,35.99
2007-08-18 21:00:00,9.64
2007-08-18 22:00:00,10.13
2007-08-18 23:00:00,9.61
2007-08-19 00:00:00,10.60
2007-08-19 01:00:00,9.39
2007-08-19 02:00:00,9.70
2007-08-19 03:00:00,10.95
2007-08-19 04:00:00,9.22
2007-08-19 05:00:00,10.34
2007-08-19 06:00:00,9.49
2007-08-19 07:00:00,55.47
2007-08-19 08:00:00,24.24
2007-08-19 09:00:00,8.88
2007-08-19 10:00:00,10.69
2007-08-19 11:00:00,9.74
2007-08-19 12:00:00,9.69
2007-08-19 13:00:00,18.84
2007-08-19 14:00:00,26.05
2007-08-19 15:00:00,141.73
2007-08-19 16:00:00,221.77
2007-08-19 17:00:00,135.16
2007-08-19 18:00:00,161.16
2007-08-19 19:00:00,167.78
2007-08-19 20:00:00,165.69
2007-08-19 21:00:00,143.15
2007-08-19 22:00:00,40.04
2007-08-19 23:00:00,12.50
2007-08-20 00:00:00,10.79
2007-08-20 01:00:00,10.57
2007-08-20 02:00:00,12.15
2007-08-20 03:00:00,11.34
2007-08-20 04:00:00,10.46
2007-08-20 05:00:00,9.95
2007-08-20 06:00:00,10.30
2007-08-20 07:00:00,84.03
2007-08-20 08:00:00,54.59
2007-08-20 09:00:00,77.45
2007-08-20 10:00:00,91.58
2007-08-20 11:00:00,26.40
2007-08-20 12:00:00,131.33
2007-08-20 13:00:00,86.67
2007-08-20 14:00:00,45.88
2007-08-20 15:00:00,110.62
2007-08-20 16:00:00,123.42
2007-08-20 17:00:00,57.81
2007-08-20 18:00:00,53.82
2007-08-20 19:00:00,127.83
2007-08-20 20:00:00,71.81
2007-08-20 21:00:00,20.60
2007-08-20 22:00:00,35.23
2007-08-20 23:00:00,64.21
2007-08-21 00:00:00,12.73
2007-08-21 01:00:00,12.09
2007-08-21 02:00:00,13.02
2007-08-21 03:00:00,11.60
2007-08-21 04:00:00,11.00
2007-08-21 05:00:00,11.44
2007-08-21 06:00:00,10.69
2007-08-21 07:00:00,61.29
2007-08-21 08:00:00,86.27
2007-08-21 09:00:00,27.14
2007-08-21 10:00:00,10.71
2007-08-21 11:00:00,10.95
2007-08-21 12:00:00,10.42
2007-08-21 13:00:00,10.37
2007-08-21 14:00:00,11.00
2007-08-21 15:00:00,10.76
2007-08-21 16:00:00,10.15
2007-08-21 17:00:00,20.76
2007-08-21 18:00:00,38.59
2007-08-21 19:00:00,21.25
2007-08-21 20:00:00,65.87
2007-08-21 21:00:00,102.53
2007-08-21 22:00:00,49.90
2007-08-21 23:00:00,12.02
2007-08-22 00:00:00,12.01
2007-08-22 01:00:00,48.96
2007-08-22 02:00:00,11.31
2007-08-22 03:00:00,9.95
2007-08-22 04:00:00,10.81
2007-08-22 05:00:00,9.95
2007-08-22 06:00:00,10.14
2007-08-22 07:00:00,36.72
2007-08-22 08:00:00,100.10
2007-08-22 09:00:00,78.31
2007-08-22 10:00:00,70.42
2007-08-22 11:00:00,10.77
2007-08-22 12:00:00,9.93
2007-08-22 13:00:00,10.59
2007-08-22 14:00:00,10.11
2007-08-22 15:00:00,9.97
2007-08-22 16:00:00,11.08
2007-08-22 17:00:00,10.33
2007-08-22 18:00:00,142.06
2007-08-22 19:00:00,194.35
2007-08-22 20:00:00,129.18
2007-08-22 21:00:00,85.70
2007-08-22 22:00:00,122.73
2007-08-22 23:00:00,64.33
2007-08-23 00:00:00,12.57
2007-08-23 01:00:00,10.87
2007-08-23 02:00:00,36.05
2007-08-23 03:00:00,27.47
2007-08-23 04:00:00,11.30
2007-08-23 05:00:00,10.53
2007-08-23 06:00:00,38.26
2007-08-23 07:00:00,119.53
2007-08-23 08:00:00,119.46
2007-08-23 09:00:00,53.32
2007-08-23 10:00:00,13.98
2007-08-23 11:00:00,13.61
2007-08-23 12:00:00,16.62
2007-08-23 13:00:00,147.17
2007-08-23 14:00:00,79.01
2007-08-23 15:00:00,17.11
2007-08-23 16:00:00,15.66
2007-08-23 17:00:00,23.56
2007-08-23 18:00:00,49.53
2007-08-23 19:00:00,103.03
2007-08-23 20:00:00,40.69
2007-08-23 21:00:00,49.93
2007-08-23 22:00:00,33.70
2007-08-23 23:00:00,69.35
2007-08-24 00:00:00,51.81
2007-08-24 01:00:00,21.00
2007-08-24 02:00:00,44.30
2007-08-24 03:00:00,15.38
2007-08-24 04:00:00,11.87
2007-08-24 05:00:00,9.95
2007-08-24 06:00:00,14.92
2007-08-24 07:00:00,37.18
2007-08-24 08:00:00,96.28
2007-08-24 09:00:00,84.88
2007-08-24 10:00:00,69.36
2007-08-24 11:00:00,17.84
2007-08-24 12:00:00,66.43
2007-08-24 13:00:00,86.54
2007-08-24 14:00:00,154.04
2007-08-24 15:00:00,78.59
2007-08-24 16:00:00,19.50
2007-08-24 17:00:00,16.28
2007-08-24 18:00:00,65.70
2007-08-24 19:00:00,168.62
2007-08-24 20:00:00,163.28
2007-08-24 21:00:00,105.16
2007-08-24 22:00:00,89.91
2007-08-24 23:00:00,167.67
2007-08-25 00:00:00,210.33
2007-08-25 01:00:00,45.23
2007-08-25 02:00:00,11.94
2007-08-25 03:00:00,14.04
2007-08-25 04:00:00,14.13
2007-08-25 05:00:00,11.54
2007-08-25 06:00:00,13.38
2007-08-25 07:00:00,13.26
2007-08-25 08:00:00,10.31
2007-08-25 09:00:00,62.49
2007-08-25 10:00:00,19.47
2007-08-25 11:00:00,20.83
2007-08-25 12:00:00,20.09
2007-08-25 13:00:00,45.86
2007-08-25 14:00:00,108.81
2007-08-25 15:00:00,119.68
2007-08-25 16:00:00,121.44
2007-08-25 17:00:00,54.32
2007-08-25 18:00:00,97.61
2007-08-25 19:00:00,55.11
2007-08-25 20:00:00,19.71
2007-08-25 21:00:00,21.21
2007-08-25 22:00:00,19.59
2007-08-25 23:00:00,20.51
2007-08-26 00:00:00,27.93
2007-08-26 01:00:00,40.34
2007-08-26 02:00:00,20.70
2007-08-26 03:00:00,14.93
2007-08-26 04:00:00,12.75
2007-08-26 05:00:00,10.91
2007-08-26 06:00:00,12.42
2007-08-26 07:00:00,14.46
2007-08-26 08:00:00,11.59
2007-08-26 09:00:00,70.92
2007-08-26 10:00:00,33.93
2007-08-26 11:00:00,132.46
2007-08-26 12:00:00,146.06
2007-08-26 13:00:00,85.26
2007-08-26 14:00:00,225.79
2007-08-26 15:00:00,61.34
2007-08-26 16:00:00,21.61
2007-08-26 17:00:00,22.73
2007-08-26 18:00:00,27.54
2007-08-26 19:00:00,48.71
2007-08-26 20:00:00,90.28
2007-08-26 21:00:00,132.65
2007-08-26 22:00:00,34.41
2007-08-26 23:00:00,15.16
2007-08-27 00:00:00,16.30
2007-08-27 01:00:00,15.29
2007-08-27 02:00:00,15.94
2007-08-27 03:00:00,14.29
2007-08-27 04:00:00,14.97
2007-08-27 05:00:00,15.71
2007-08-27 06:00:00,47.92
2007-08-27 07:00:00,64.10
2007-08-27 08:00:00,106.26
2007-08-27 09:00:00,108.34
2007-08-27 10:00:00,78.17
2007-08-27 11:00:00,76.82
2007-08-27 12:00:00,21.54
2007-08-27 13:00:00,14.96
2007-08-27 14:00:00,15.89
2007-08-27 15:00:00,14.17
2007-08-27 16:00:00,14.61
2007-08-27 17:00:00,15.67
2007-08-27 18:00:00,16.22
2007-08-27 19:00:00,13.86
2007-08-27 20:00:00,64.50
2007-08-27 21:00:00,167.60
2007-08-27 22:00:00,98.92
2007-08-27 23:00:00,179.67
2007-08-28 00:00:00,135.31
2007-08-28 01:00:00,17.04
2007-08-28 02:00:00,24.04
2007-08-28 03:00:00,15.88
2007-08-28 04:00:00,11.43
2007-08-28 05:00:00,13.18
2007-08-28 06:00:00,10.43
2007-08-28 07:00:00,78.34
2007-08-28 08:00:00,70.40
2007-08-28 09:00:00,49.27
2007-08-28 10:00:00,59.49
2007-08-28 11:00:00,72.99
2007-08-28 12:00:00,48.61
2007-08-28 13:00:00,21.77
2007-08-28 14:00:00,12.19
2007-08-28 15:00:00,43.95
2007-08-28 16:00:00,14.54
2007-08-28 17:00:00,12.14
2007-08-28 18:00:00,17.43
2007-08-28 19:00:00,71.66
2007-08-28 20:00:00,17.14
2007-08-28 21:00:00,23.87
2007-08-28 22:00:00,118.13
2007-08-28 23:00:00,37.79
2007-08-29 00:00:00,14.09
2007-08-29 01:00:00,14.30
2007-08-29 02:00:00,12.97
2007-08-29 03:00:00,11.87
2007-08-29 04:00:00,32.56
2007-08-29 05:00:00,25.72
2007-08-29 06:00:00,12.92
2007-08-29 07:00:00,83.23
2007-08-29 08:00:00,108.46
2007-08-29 09:00:00,103.61
2007-08-29 10:00:00,22.44
2007-08-29 11:00:00,10.57
2007-08-29 12:00:00,13.09
2007-08-29 13:00:00,11.17
2007-08-29 14:00:00,11.92
2007-08-29 15:00:00,15.75
2007-08-29 16:00:00,10.64
2007-08-29 17:00:00,14.11
2007-08-29 18:00:00,20.28
2007-08-29 19:00:00,94.63
2007-08-29 20:00:00,57.40
2007-08-29 21:00:00,21.83
2007-08-29 22:00:00,12.47
2007-08-29 23:00:00,11.97
2007-08-30 00:00:00,12.63
2007-08-30 01:00:00,31.90
2007-08-30 02:00:00,26.65
2007-08-30 03:00:00,11.27
2007-08-30 04:00:00,11.44
2007-08-30 05:00:00,10.89
2007-08-30 06:00:00,22.04
2007-08-30 07:00:00,34.99
2007-08-30 08:00:00,102.97
2007-08-30 09:00:00,44.42
2007-08-30 10:00:00,10.97
2007-08-30 11:00:00,30.59
2007-08-30 12:00:00,53.34
2007-08-30 13:00:00,48.73
2007-08-30 14:00:00,9.63
2007-08-30 15:00:00,12.36
2007-08-30 16:00:00,11.54
2007-08-30 17:00:00,11.97
2007-08-30 18:00:00,104.88
2007-08-30 19:00:00,171.28
2007-08-30 20:00:00,84.39
2007-08-30 21:00:00,114.60
2007-08-30 22:00:00,183.72
2007-08-30 23:00:00,45.27
2007-08-31 00:00:00,25.84
2007-08-31 01:00:00,22.44
2007-08-31 02:00:00,23.32
2007-08-31 03:00:00,22.66
2007-08-31 04:00:00,22.47
2007-08-31 05:00:00,23.81
2007-08-31 06:00:00,52.25
2007-08-31 07:00:00,96.97
2007-08-31 08:00:00,87.28
2007-08-31 09:00:00,94.52
2007-08-31 10:00:00,73.70
2007-08-31 11:00:00,74.31
2007-08-31 12:00:00,30.74
2007-08-31 13:00:00,10.00
2007-08-31 14:00:00,12.19
2007-08-31 15:00:00,10.62
2007-08-31 16:00:00,20.41
2007-08-31 17:00:00,15.79
2007-08-31 18:00:00,24.15
2007-08-31 19:00:00,118.67
2007-08-31 20:00:00,163.64
2007-08-31 21:00:00,121.05
2007-08-31 22:00:00,68.65
2007-08-31 23:00:00,64.35
2007-09-01 00:00:00,16.40
2007-09-01 01:00:00,13.59
2007-09-01 02:00:00,12.20
2007-09-01 03:00:00,13.61
2007-09-01 04:00:00,11.75
2007-09-01 05:00:00,13.11
2007-09-01 06:00:00,26.52
2007-09-01 07:00:00,44.67
2007-09-01 08:00:00,27.49
2007-09-01 09:00:00,97.83
2007-09-01 10:00:00,79.06
2007-09-01 11:00:00,32.72
2007-09-01 12:00:00,25.22
2007-09-01 13:00:00,76.15
2007-09-01 14:00:00,111.51
2007-09-01 15:00:00,134.12
2007-09-01 16:00:00,118.65
2007-09-01 17:00:00,91.20
2007-09-01 18:00:00,108.88
2007-09-01 19:00:00,106.38
2007-09-01 20:00:00,91.08
2007-09-01 21:00:00,148.40
2007-09-01 22:00:00,111.45
2007-09-01 23:00:00,189.51
2007-09-02 00:00:00,101.18
2007-09-02 01:00:00,29.76
2007-09-02 02:00:00,14.11
2007-09-02 03:00:00,12.39
2007-09-02 04:00:00,10.69
2007-09-02 05:00:00,13.78
2007-09-02 06:00:00,9.44
2007-09-02 07:00:00,14.08
2007-09-02 08:00:00,40.45
2007-09-02 09:00:00,64.50
2007-09-02 10:00:00,28.07
2007-09-02 11:00:00,30.31
2007-09-02 12:00:00,68.61
2007-09-02 13:00:00,114.20
2007-09-02 14:00:00,117.99
2007-09-02 15:00:00,151.27
2007-09-02 16:00:00,118.85
2007-09-02 17:00:00,117.66
2007-09-02 18:00:00,177.56
2007-09-02 19:00:00,57.84
2007-09-02 20:00:00,68.84
2007-09-02 21:00:00,131.26
2007-09-02 22:00:00,67.56
2007-09-02 23:00:00,102.08
2007-09-03 00:00:00,33.48
2007-09-03 01:00:00,13.56
2007-09-03 02:00:00,15.06
2007-09-03 03:00:00,14.12
2007-09-03 04:00:00,13.97
2007-09-03 05:00:00,15.14
2007-09-03 06:00:00,27.34
2007-09-03 07:00:00,71.48
2007-09-03 08:00:00,115.00
2007-09-03 09:00:00,156.92
2007-09-03 10:00:00,120.66
2007-09-03 11:00:00,39.51
2007-09-03 12:00:00,15.92
2007-09-03 13:00:00,11.23
2007-09-03 14:00:00,14.18
2007-09-03 15:00:00,13.28
2007-09-03 16:00:00,12.46
2007-09-03 17:00:00,14.69
2007-09-03 18:00:00,23.46
2007-09-03 19:00:00,86.96
2007-09-03 20:00:00,73.89
2007-09-03 21:00:00,74.02
2007-09-03 22:00:00,33.21
2007-09-03 23:00:00,29.37
2007-09-04 00:00:00,35.45
2007-09-04 01:00:00,10.42
2007-09-04 02:00:00,15.05
2007-09-04 03:00:00,10.32
2007-09-04 04:00:00,14.00
2007-09-04 05:00:00,10.77
2007-09-04 06:00:00,29.18
2007-09-04 07:00:00,49.23
2007-09-04 08:00:00,83.09
2007-09-04 09:00:00,67.14
2007-09-04 10:00:00,78.36
2007-09-04 11:00:00,94.49
2007-09-04 12:00:00,151.16
2007-09-04 13:00:00,83.31
2007-09-04 14:00:00,43.20
2007-09-04 15:00:00,25.99
2007-09-04 16:00:00,99.29
2007-09-04 17:00:00,74.84
2007-09-04 18:00:00,90.14
2007-09-04 19:00:00,101.83
2007-09-04 20:00:00,161.72
2007-09-04 21:00:00,194.17
2007-09-04 22:00:00,41.00
2007-09-04 23:00:00,20.81
2007-09-05 00:00:00,16.50
2007-09-05 01:00:00,11.64
2007-09-05 02:00:00,50.43
2007-09-05 03:00:00,12.89
2007-09-05 04:00:00,13.00
2007-09-05 05:00:00,14.05
2007-09-05 06:00:00,105.94
2007-09-05 07:00:00,131.64
2007-09-05 08:00:00,172.47
2007-09-05 09:00:00,41.71
2007-09-05 10:00:00,11.91
2007-09-05 11:00:00,15.93
2007-09-05 12:00:00,10.44
2007-09-05 13:00:00,15.88
2007-09-05 14:00:00,10.69
2007-09-05 15:00:00,14.46
2007-09-05 16:00:00,11.76
2007-09-05 17:00:00,21.12
2007-09-05 18:00:00,42.78
2007-09-05 19:00:00,48.08
2007-09-05 20:00:00,107.14
2007-09-05 21:00:00,187.25
2007-09-05 22:00:00,97.87
2007-09-05 23:00:00,71.01
2007-09-06 00:00:00,70.13
2007-09-06 01:00:00,17.24
2007-09-06 02:00:00,12.08
2007-09-06 03:00:00,11.25
2007-09-06 04:00:00,14.85
2007-09-06 05:00:00,11.33
2007-09-06 06:00:00,68.32
2007-09-06 07:00:00,114.65
2007-09-06 08:00:00,75.15
2007-09-06 09:00:00,23.99
2007-09-06 10:00:00,11.01
2007-09-06 11:00:00,12.04
2007-09-06 12:00:00,13.69
2007-09-06 13:00:00,11.14
2007-09-06 14:00:00,13.53
2007-09-06 15:00:00,12.40
2007-09-06 16:00:00,10.91
2007-09-06 17:00:00,25.57
2007-09-06 18:00:00,35.22
2007-09-06 19:00:00,24.06
2007-09-06 20:00:00,16.46
2007-09-06 21:00:00,158.77
2007-09-06 22:00:00,116.76
2007-09-06 23:00:00,20.92
2007-09-07 00:00:00,10.40
2007-09-07 01:00:00,47.51
2007-09-07 02:00:00,18.25
2007-09-07 03:00:00,11.25
2007-09-07 04:00:00,13.23
2007-09-07 05:00:00,9.10
2007-09-07 06:00:00,88.71
2007-09-07 07:00:00,110.85
2007-09-07 08:00:00,112.13
2007-09-07 09:00:00,106.30
2007-09-07 10:00:00,72.68
2007-09-07 11:00:00,74.83
2007-09-07 12:00:00,61.96
2007-09-07 13:00:00,11.79
2007-09-07 14:00:00,13.89
2007-09-07 15:00:00,10.70
2007-09-07 16:00:00,15.03
2007-09-07 17:00:00,12.23
2007-09-07 18:00:00,16.32
2007-09-07 19:00:00,159.86
2007-09-07 20:00:00,149.93
2007-09-07 21:00:00,133.79
2007-09-07 22:00:00,47.30
2007-09-07 23:00:00,28.46
2007-09-08 00:00:00,19.34
2007-09-08 01:00:00,10.46
2007-09-08 02:00:00,15.08
2007-09-08 03:00:00,10.11
2007-09-08 04:00:00,12.82
2007-09-08 05:00:00,12.10
2007-09-08 06:00:00,48.06
2007-09-08 07:00:00,21.45
2007-09-08 08:00:00,34.62
2007-09-08 09:00:00,72.90
2007-09-08 10:00:00,59.03
2007-09-08 11:00:00,90.78
2007-09-08 12:00:00,21.36
2007-09-08 13:00:00,45.71
2007-09-08 14:00:00,20.22
2007-09-08 15:00:00,172.27
2007-09-08 16:00:00,149.12
2007-09-08 17:00:00,88.65
2007-09-08 18:00:00,87.71
2007-09-08 19:00:00,54.70
2007-09-08 20:00:00,135.48
2007-09-08 21:00:00,159.88
2007-09-08 22:00:00,86.95
2007-09-08 23:00:00,40.95
2007-09-09 00:00:00,19.28
2007-09-09 01:00:00,11.88
2007-09-09 02:00:00,12.81
2007-09-09 03:00:00,13.67
2007-09-09 04:00:00,11.13
2007-09-09 05:00:00,15.74
2007-09-09 06:00:00,9.92
2007-09-09 07:00:00,44.35
2007-09-09 08:00:00,39.51
2007-09-09 09:00:00,25.40
2007-09-09 10:00:00,44.22
2007-09-09 11:00:00,100.23
2007-09-09 12:00:00,130.07
2007-09-09 13:00:00,87.58
2007-09-09 14:00:00,186.57
2007-09-09 15:00:00,90.19
2007-09-09 16:00:00,67.96
2007-09-09 17:00:00,37.22
2007-09-09 18:00:00,109.48
2007-09-09 19:00:00,169.69
2007-09-09 20:00:00,127.84
2007-09-09 21:00:00,154.04
2007-09-09 22:00:00,81.55
2007-09-09 23:00:00,89.16
2007-09-10 00:00:00,77.39
2007-09-10 01:00:00,33.83
2007-09-10 02:00:00,10.31
2007-09-10 03:00:00,13.75
2007-09-10 04:00:00,10.09
2007-09-10 05:00:00,13.49
2007-09-10 06:00:00,90.71
2007-09-10 07:00:00,110.76
2007-09-10 08:00:00,14.77
2007-09-10 09:00:00,10.11
2007-09-10 10:00:00,15.24
2007-09-10 11:00:00,10.29
2007-09-10 12:00:00,12.93
2007-09-10 13:00:00,13.25
2007-09-10 14:00:00,11.55
2007-09-10 15:00:00,18.12
2007-09-10 16:00:00,42.24
2007-09-10 17:00:00,12.54
2007-09-10 18:00:00,18.92
2007-09-10 19:00:00,40.28
2007-09-10 20:00:00,199.49
2007-09-10 21:00:00,212.37
2007-09-10 22:00:00,101.40
2007-09-10 23:00:00,23.56
2007-09-11 00:00:00,12.10
2007-09-11 01:00:00,14.06
2007-09-11 02:00:00,10.67
2007-09-11 03:00:00,11.32
2007-09-11 04:00:00,13.26
2007-09-11 05:00:00,9.43
2007-09-11 06:00:00,61.71
2007-09-11 07:00:00,61.38
2007-09-11 08:00:00,12.75
2007-09-11 09:00:00,11.47
2007-09-11 10:00:00,10.34
2007-09-11 11:00:00,13.40
2007-09-11 12:00:00,9.76
2007-09-11 13:00:00,27.74
2007-09-11 14:00:00,17.09
2007-09-11 15:00:00,45.88
2007-09-11 16:00:00,76.69
2007-09-11 17:00:00,42.65
2007-09-11 18:00:00,15.45
2007-09-11 19:00:00,14.22
2007-09-11 20:00:00,61.92
2007-09-11 21:00:00,144.69
2007-09-11 22:00:00,200.56
2007-09-11 23:00:00,85.05
2007-09-12 00:00:00,77.12
2007-09-12 01:00:00,75.78
2007-09-12 02:00:00,74.67
2007-09-12 03:00:00,11.33
2007-09-12 04:00:00,13.82
2007-09-12 05:00:00,11.93
2007-09-12 06:00:00,32.78
2007-09-12 07:00:00,88.93
2007-09-12 08:00:00,69.09
2007-09-12 09:00:00,14.37
2007-09-12 10:00:00,10.37
2007-09-12 11:00:00,42.01
2007-09-12 12:00:00,14.90
2007-09-12 13:00:00,18.49
2007-09-12 14:00:00,13.88
2007-09-12 15:00:00,11.93
2007-09-12 16:00:00,13.49
2007-09-12 17:00:00,71.62
2007-09-12 18:00:00,20.22
2007-09-12 19:00:00,28.55
2007-09-12 20:00:00,112.93
2007-09-12 21:00:00,202.93
2007-09-12 22:00:00,199.09
2007-09-12 23:00:00,57.55
2007-09-13 00:00:00,14.49
2007-09-13 01:00:00,12.43
2007-09-13 02:00:00,10.74
2007-09-13 03:00:00,13.88
2007-09-13 04:00:00,11.24
2007-09-13 05:00:00,12.84
2007-09-13 06:00:00,38.65
2007-09-13 07:00:00,103.17
2007-09-13 08:00:00,103.43
2007-09-13 09:00:00,15.01
2007-09-13 10:00:00,13.53
2007-09-13 11:00:00,9.71
2007-09-13 12:00:00,33.89
2007-09-13 13:00:00,56.58
2007-09-13 14:00:00,34.94
2007-09-13 15:00:00,44.36
2007-09-13 16:00:00,40.03
2007-09-13 17:00:00,41.58
2007-09-13 18:00:00,31.60
2007-09-13 19:00:00,38.38
2007-09-13 20:00:00,123.74
2007-09-13 21:00:00,216.02
2007-09-13 22:00:00,105.70
2007-09-13 23:00:00,20.43
2007-09-14 00:00:00,23.95
2007-09-14 01:00:00,20.22
2007-09-14 02:00:00,21.59
2007-09-14 03:00:00,22.49
2007-09-14 04:00:00,29.53
2007-09-14 05:00:00,50.24
2007-09-14 06:00:00,73.28
2007-09-14 07:00:00,126.21
2007-09-14 08:00:00,112.92
2007-09-14 09:00:00,71.35
2007-09-14 10:00:00,59.09
2007-09-14 11:00:00,12.44
2007-09-14 12:00:00,10.59
2007-09-14 13:00:00,14.56
2007-09-14 14:00:00,11.25
2007-09-14 15:00:00,12.56
2007-09-14 16:00:00,13.90
2007-09-14 17:00:00,12.15
2007-09-14 18:00:00,14.43
2007-09-14 19:00:00,36.98
2007-09-14 20:00:00,134.99
2007-09-14 21:00:00,117.01
2007-09-14 22:00:00,76.56
2007-09-14 23:00:00,57.17
2007-09-15 00:00:00,28.65
2007-09-15 01:00:00,53.64
2007-09-15 02:00:00,14.01
2007-09-15 03:00:00,16.27
2007-09-15 04:00:00,16.88
2007-09-15 05:00:00,14.95
2007-09-15 06:00:00,70.82
2007-09-15 07:00:00,108.09
2007-09-15 08:00:00,107.83
2007-09-15 09:00:00,77.73
2007-09-15 10:00:00,48.83
2007-09-15 11:00:00,14.84
2007-09-15 12:00:00,22.37
2007-09-15 13:00:00,18.40
2007-09-15 14:00:00,71.84
2007-09-15 15:00:00,78.27
2007-09-15 16:00:00,14.25
2007-09-15 17:00:00,18.21
2007-09-15 18:00:00,15.39
2007-09-15 19:00:00,12.66
2007-09-15 20:00:00,109.26
2007-09-15 21:00:00,51.43
2007-09-15 22:00:00,61.55
2007-09-15 23:00:00,49.14
2007-09-16 00:00:00,23.32
2007-09-16 01:00:00,13.04
2007-09-16 02:00:00,12.00
2007-09-16 03:00:00,48.12
2007-09-16 04:00:00,14.02
2007-09-16 05:00:00,10.01
2007-09-16 06:00:00,10.85
2007-09-16 07:00:00,13.54
2007-09-16 08:00:00,15.37
2007-09-16 09:00:00,30.93
2007-09-16 10:00:00,59.61
2007-09-16 11:00:00,130.40
2007-09-16 12:00:00,42.37
2007-09-16 13:00:00,42.49
2007-09-16 14:00:00,86.50
2007-09-16 15:00:00,97.25
2007-09-16 16:00:00,44.49
2007-09-16 17:00:00,75.98
2007-09-16 18:00:00,129.08
2007-09-16 19:00:00,126.46
2007-09-16 20:00:00,228.84
2007-09-16 21:00:00,183.74
2007-09-16 22:00:00,121.09
2007-09-16 23:00:00,92.73
2007-09-17 00:00:00,27.28
2007-09-17 01:00:00,14.29
2007-09-17 02:00:00,12.43
2007-09-17 03:00:00,12.03
2007-09-17 04:00:00,14.79
2007-09-17 05:00:00,10.41
2007-09-17 06:00:00,45.68
2007-09-17 07:00:00,78.00
2007-09-17 08:00:00,124.44
2007-09-17 09:00:00,58.59
2007-09-17 10:00:00,13.48
2007-09-17 11:00:00,9.69
2007-09-17 12:00:00,14.26
2007-09-17 13:00:00,11.12
2007-09-17 14:00:00,12.07
2007-09-17 15:00:00,13.35
2007-09-17 16:00:00,12.34
2007-09-17 17:00:00,10.60
2007-09-17 18:00:00,64.28
2007-09-17 19:00:00,197.30
2007-09-17 20:00:00,118.48
2007-09-17 21:00:00,344.15
2007-09-17 22:00:00,168.64
2007-09-17 23:00:00,73.49
2007-09-18 00:00:00,12.70
2007-09-18 01:00:00,10.13
2007-09-18 02:00:00,14.16
2007-09-18 03:00:00,9.81
2007-09-18 04:00:00,11.17
2007-09-18 05:00:00,12.87
2007-09-18 06:00:00,87.36
2007-09-18 07:00:00,135.20
2007-09-18 08:00:00,99.43
2007-09-18 09:00:00,41.44
2007-09-18 10:00:00,12.51
2007-09-18 11:00:00,11.12
2007-09-18 12:00:00,10.55
2007-09-18 13:00:00,12.75
2007-09-18 14:00:00,10.06
2007-09-18 15:00:00,12.66
2007-09-18 16:00:00,11.21
2007-09-18 17:00:00,62.33
2007-09-18 18:00:00,136.94
2007-09-18 19:00:00,71.51
2007-09-18 20:00:00,76.64
2007-09-18 21:00:00,114.24
2007-09-18 22:00:00,137.95
2007-09-18 23:00:00,52.79
2007-09-19 00:00:00,12.55
2007-09-19 01:00:00,12.86
2007-09-19 02:00:00,10.56
2007-09-19 03:00:00,11.06
2007-09-19 04:00:00,12.88
2007-09-19 05:00:00,10.64
2007-09-19 06:00:00,85.74
2007-09-19 07:00:00,101.40
2007-09-19 08:00:00,72.07
2007-09-19 09:00:00,67.55
2007-09-19 10:00:00,12.47
2007-09-19 11:00:00,9.38
2007-09-19 12:00:00,13.95
2007-09-19 13:00:00,17.82
2007-09-19 14:00:00,94.30
2007-09-19 15:00:00,82.27
2007-09-19 16:00:00,97.92
2007-09-19 17:00:00,177.73
2007-09-19 18:00:00,60.14
2007-09-19 19:00:00,51.85
2007-09-19 20:00:00,122.64
2007-09-19 21:00:00,105.89
2007-09-19 22:00:00,40.90
2007-09-19 23:00:00,14.12
2007-09-20 00:00:00,11.68
2007-09-20 01:00:00,42.86
2007-09-20 02:00:00,9.03
2007-09-20 03:00:00,14.21
2007-09-20 04:00:00,9.33
2007-09-20 05:00:00,11.64
2007-09-20 06:00:00,54.11
2007-09-20 07:00:00,133.32
2007-09-20 08:00:00,119.48
2007-09-20 09:00:00,103.91
2007-09-20 10:00:00,72.43
2007-09-20 11:00:00,20.02
2007-09-20 12:00:00,8.92
2007-09-20 13:00:00,12.91
2007-09-20 14:00:00,12.05
2007-09-20 15:00:00,9.90
2007-09-20 16:00:00,14.08
2007-09-20 17:00:00,10.45
2007-09-20 18:00:00,9.61
2007-09-20 19:00:00,49.58
2007-09-20 20:00:00,117.85
2007-09-20 21:00:00,161.11
2007-09-20 22:00:00,140.29
2007-09-20 23:00:00,106.75
2007-09-21 00:00:00,34.79
2007-09-21 01:00:00,10.58
2007-09-21 02:00:00,10.77
2007-09-21 03:00:00,12.55
2007-09-21 04:00:00,10.51
2007-09-21 05:00:00,9.34
2007-09-21 06:00:00,91.58
2007-09-21 07:00:00,115.04
2007-09-21 08:00:00,73.52
2007-09-21 09:00:00,73.86
2007-09-21 10:00:00,32.27
2007-09-21 11:00:00,11.04
2007-09-21 12:00:00,12.44
2007-09-21 13:00:00,9.06
2007-09-21 14:00:00,13.28
2007-09-21 15:00:00,10.67
2007-09-21 16:00:00,9.97
2007-09-21 17:00:00,13.48
2007-09-21 18:00:00,19.64
2007-09-21 19:00:00,212.03
2007-09-21 20:00:00,194.92
2007-09-21 21:00:00,154.18
2007-09-21 22:00:00,83.71
2007-09-21 23:00:00,19.55
2007-09-22 00:00:00,10.43
2007-09-22 01:00:00,11.93
2007-09-22 02:00:00,13.92
2007-09-22 03:00:00,11.31
2007-09-22 04:00:00,11.23
2007-09-22 05:00:00,13.05
2007-09-22 06:00:00,47.62
2007-09-22 07:00:00,28.03
2007-09-22 08:00:00,109.68
2007-09-22 09:00:00,74.72
2007-09-22 10:00:00,72.17
2007-09-22 11:00:00,38.93
2007-09-22 12:00:00,30.79
2007-09-22 13:00:00,43.85
2007-09-22 14:00:00,121.16
2007-09-22 15:00:00,71.38
2007-09-22 16:00:00,80.09
2007-09-22 17:00:00,19.82
2007-09-22 18:00:00,23.70
2007-09-22 19:00:00,56.56
2007-09-22 20:00:00,80.55
2007-09-22 21:00:00,161.26
2007-09-22 22:00:00,27.97
2007-09-22 23:00:00,16.02
2007-09-23 00:00:00,14.40
2007-09-23 01:00:00,14.49
2007-09-23 02:00:00,14.29
2007-09-23 03:00:00,13.99
2007-09-23 04:00:00,30.25
2007-09-23 05:00:00,30.28
2007-09-23 06:00:00,14.74
2007-09-23 07:00:00,20.99
2007-09-23 08:00:00,50.82
2007-09-23 09:00:00,59.36
2007-09-23 10:00:00,103.70
2007-09-23 11:00:00,43.80
2007-09-23 12:00:00,38.33
2007-09-23 13:00:00,24.26
2007-09-23 14:00:00,20.95
2007-09-23 15:00:00,57.45
2007-09-23 16:00:00,90.81
2007-09-23 17:00:00,79.98
2007-09-23 18:00:00,80.24
2007-09-23 19:00:00,155.34
2007-09-23 20:00:00,197.12
2007-09-23 21:00:00,153.23
2007-09-23 22:00:00,97.17
2007-09-23 23:00:00,11.98
2007-09-24 00:00:00,9.59
2007-09-24 01:00:00,10.98
2007-09-24 02:00:00,9.65
2007-09-24 03:00:00,10.68
2007-09-24 04:00:00,9.76
2007-09-24 05:00:00,13.41
2007-09-24 06:00:00,82.21
2007-09-24 07:00:00,119.97
2007-09-24 08:00:00,76.52
2007-09-24 09:00:00,75.45
2007-09-24 10:00:00,13.80
2007-09-24 11:00:00,13.54
2007-09-24 12:00:00,13.71
2007-09-24 13:00:00,13.79
2007-09-24 14:00:00,13.89
2007-09-24 15:00:00,99.53
2007-09-24 16:00:00,115.19
2007-09-24 17:00:00,158.21
2007-09-24 18:00:00,36.38
2007-09-24 19:00:00,60.75
2007-09-24 20:00:00,208.55
2007-09-24 21:00:00,157.43
2007-09-24 22:00:00,21.05
2007-09-24 23:00:00,10.48
2007-09-25 00:00:00,9.68
2007-09-25 01:00:00,13.40
2007-09-25 02:00:00,30.42
2007-09-25 03:00:00,20.59
2007-09-25 04:00:00,11.34
2007-09-25 05:00:00,10.71
2007-09-25 06:00:00,39.18
2007-09-25 07:00:00,144.52
2007-09-25 08:00:00,200.85
2007-09-25 09:00:00,110.09
2007-09-25 10:00:00,108.57
2007-09-25 11:00:00,107.02
2007-09-25 12:00:00,98.41
2007-09-25 13:00:00,47.48
2007-09-25 14:00:00,47.02
2007-09-25 15:00:00,47.83
2007-09-25 16:00:00,45.72
2007-09-25 17:00:00,44.23
2007-09-25 18:00:00,45.11
2007-09-25 19:00:00,46.61
2007-09-25 20:00:00,179.50
2007-09-25 21:00:00,163.54
2007-09-25 22:00:00,144.95
2007-09-25 23:00:00,47.59
2007-09-26 00:00:00,19.86
2007-09-26 01:00:00,15.32
2007-09-26 02:00:00,17.26
2007-09-26 03:00:00,16.37
2007-09-26 04:00:00,17.30
2007-09-26 05:00:00,17.88
2007-09-26 06:00:00,98.41
2007-09-26 07:00:00,124.19
2007-09-26 08:00:00,122.92
2007-09-26 09:00:00,91.02
2007-09-26 10:00:00,21.72
2007-09-26 11:00:00,145.64
2007-09-26 12:00:00,100.49
2007-09-26 13:00:00,16.21
2007-09-26 14:00:00,19.24
2007-09-26 15:00:00,98.16
2007-09-26 16:00:00,112.07
2007-09-26 17:00:00,70.04
2007-09-26 18:00:00,77.77
2007-09-26 19:00:00,98.37
2007-09-26 20:00:00,142.99
2007-09-26 21:00:00,289.31
2007-09-26 22:00:00,54.58
2007-09-26 23:00:00,42.40
2007-09-27 00:00:00,36.38
2007-09-27 01:00:00,18.56
2007-09-27 02:00:00,17.36
2007-09-27 03:00:00,17.63
2007-09-27 04:00:00,19.37
2007-09-27 05:00:00,15.56
2007-09-27 06:00:00,17.62
2007-09-27 07:00:00,157.57
2007-09-27 08:00:00,177.94
2007-09-27 09:00:00,114.60
2007-09-27 10:00:00,82.13
2007-09-27 11:00:00,57.34
2007-09-27 12:00:00,15.43
2007-09-27 13:00:00,17.02
2007-09-27 14:00:00,18.89
2007-09-27 15:00:00,16.39
2007-09-27 16:00:00,62.29
2007-09-27 17:00:00,19.93
2007-09-27 18:00:00,17.57
2007-09-27 19:00:00,63.79
2007-09-27 20:00:00,137.58
2007-09-27 21:00:00,181.24
2007-09-27 22:00:00,78.76
2007-09-27 23:00:00,31.64
2007-09-28 00:00:00,19.53
2007-09-28 01:00:00,15.24
2007-09-28 02:00:00,51.74
2007-09-28 03:00:00,20.26
2007-09-28 04:00:00,16.07
2007-09-28 05:00:00,15.98
2007-09-28 06:00:00,102.50
2007-09-28 07:00:00,128.08
2007-09-28 08:00:00,213.86
2007-09-28 09:00:00,151.48
2007-09-28 10:00:00,166.93
2007-09-28 11:00:00,150.75
2007-09-28 12:00:00,83.49
2007-09-28 13:00:00,87.35
2007-09-28 14:00:00,33.41
2007-09-28 15:00:00,19.16
2007-09-28 16:00:00,23.51
2007-09-28 17:00:00,33.46
2007-09-28 18:00:00,36.89
2007-09-28 19:00:00,66.17
2007-09-28 20:00:00,70.32
2007-09-28 21:00:00,99.71
2007-09-28 22:00:00,53.17
2007-09-28 23:00:00,21.43
2007-09-29 00:00:00,17.81
2007-09-29 01:00:00,15.94
2007-09-29 02:00:00,20.47
2007-09-29 03:00:00,19.55
2007-09-29 04:00:00,16.50
2007-09-29 05:00:00,17.00
2007-09-29 06:00:00,21.00
2007-09-29 07:00:00,68.66
2007-09-29 08:00:00,118.25
2007-09-29 09:00:00,91.98
2007-09-29 10:00:00,83.46
2007-09-29 11:00:00,131.10
2007-09-29 12:00:00,180.10
2007-09-29 13:00:00,166.50
2007-09-29 14:00:00,55.40
2007-09-29 15:00:00,90.72
2007-09-29 16:00:00,191.72
2007-09-29 17:00:00,123.75
2007-09-29 18:00:00,91.84
2007-09-29 19:00:00,133.54
2007-09-29 20:00:00,197.13
2007-09-29 21:00:00,144.52
2007-09-29 22:00:00,209.45
2007-09-29 23:00:00,90.11
2007-09-30 00:00:00,19.92
2007-09-30 01:00:00,18.73
2007-09-30 02:00:00,15.62
2007-09-30 03:00:00,20.67
2007-09-30 04:00:00,17.45
2007-09-30 05:00:00,16.90
2007-09-30 06:00:00,18.18
2007-09-30 07:00:00,79.70
2007-09-30 08:00:00,22.14
2007-09-30 09:00:00,110.83
2007-09-30 10:00:00,100.70
2007-09-30 11:00:00,169.40
2007-09-30 12:00:00,57.74
2007-09-30 13:00:00,31.27
2007-09-30 14:00:00,77.60
2007-09-30 15:00:00,36.92
2007-09-30 16:00:00,20.11
2007-09-30 17:00:00,59.09
2007-09-30 18:00:00,41.23
2007-09-30 19:00:00,127.33
2007-09-30 20:00:00,168.21
2007-09-30 21:00:00,119.28
2007-09-30 22:00:00,85.41
2007-09-30 23:00:00,81.88
2007-10-01 00:00:00,27.36
2007-10-01 01:00:00,17.18
2007-10-01 02:00:00,18.65
2007-10-01 03:00:00,15.06
2007-10-01 04:00:00,16.66
2007-10-01 05:00:00,18.52
2007-10-01 06:00:00,36.62
2007-10-01 07:00:00,93.81
2007-10-01 08:00:00,85.31
2007-10-01 09:00:00,199.46
2007-10-01 10:00:00,192.45
2007-10-01 11:00:00,85.53
2007-10-01 12:00:00,20.31
2007-10-01 13:00:00,17.12
2007-10-01 14:00:00,20.25
2007-10-01 15:00:00,19.19
2007-10-01 16:00:00,72.87
2007-10-01 17:00:00,82.92
2007-10-01 18:00:00,73.67
2007-10-01 19:00:00,110.46
2007-10-01 20:00:00,84.16
2007-10-01 21:00:00,107.45
2007-10-01 22:00:00,161.85
2007-10-01 23:00:00,144.06
2007-10-02 00:00:00,119.31
2007-10-02 01:00:00,29.94
2007-10-02 02:00:00,19.12
2007-10-02 03:00:00,21.07
2007-10-02 04:00:00,17.95
2007-10-02 05:00:00,16.57
2007-10-02 06:00:00,18.46
2007-10-02 07:00:00,99.43
2007-10-02 08:00:00,128.81
2007-10-02 09:00:00,109.99
2007-10-02 10:00:00,122.05
2007-10-02 11:00:00,132.83
2007-10-02 12:00:00,85.10
2007-10-02 13:00:00,104.84
2007-10-02 14:00:00,125.67
2007-10-02 15:00:00,166.80
2007-10-02 16:00:00,157.26
2007-10-02 17:00:00,107.30
2007-10-02 18:00:00,137.55
2007-10-02 19:00:00,135.04
2007-10-02 20:00:00,114.61
2007-10-02 21:00:00,116.84
2007-10-02 22:00:00,90.10
2007-10-02 23:00:00,22.21
2007-10-03 00:00:00,16.14
2007-10-03 01:00:00,21.36
2007-10-03 02:00:00,16.88
2007-10-03 03:00:00,45.59
2007-10-03 04:00:00,18.53
2007-10-03 05:00:00,18.75
2007-10-03 06:00:00,71.74
2007-10-03 07:00:00,147.32
2007-10-03 08:00:00,108.47
2007-10-03 09:00:00,69.37
2007-10-03 10:00:00,17.39
2007-10-03 11:00:00,29.64
2007-10-03 12:00:00,27.18
2007-10-03 13:00:00,90.32
2007-10-03 14:00:00,107.46
2007-10-03 15:00:00,26.10
2007-10-03 16:00:00,16.79
2007-10-03 17:00:00,16.32
2007-10-03 18:00:00,60.32
2007-10-03 19:00:00,85.71
2007-10-03 20:00:00,28.80
2007-10-03 21:00:00,167.65
2007-10-03 22:00:00,51.59
2007-10-03 23:00:00,21.04
2007-10-04 00:00:00,19.83
2007-10-04 01:00:00,19.07
2007-10-04 02:00:00,17.57
2007-10-04 03:00:00,18.31
2007-10-04 04:00:00,58.66
2007-10-04 05:00:00,17.15
2007-10-04 06:00:00,72.04
2007-10-04 07:00:00,115.75
2007-10-04 08:00:00,119.15
2007-10-04 09:00:00,79.56
2007-10-04 10:00:00,79.18
2007-10-04 11:00:00,78.93
2007-10-04 12:00:00,79.64
2007-10-04 13:00:00,18.89
2007-10-04 14:00:00,17.14
2007-10-04 15:00:00,16.99
2007-10-04 16:00:00,22.87
2007-10-04 17:00:00,17.63
2007-10-04 18:00:00,65.19
2007-10-04 19:00:00,191.22
2007-10-04 20:00:00,203.68
2007-10-04 21:00:00,112.92
2007-10-04 22:00:00,58.28
2007-10-04 23:00:00,18.81
2007-10-05 00:00:00,18.23
2007-10-05 01:00:00,17.27
2007-10-05 02:00:00,16.87
2007-10-05 03:00:00,17.20
2007-10-05 04:00:00,16.44
2007-10-05 05:00:00,51.73
2007-10-05 06:00:00,63.61
2007-10-05 07:00:00,97.24
2007-10-05 08:00:00,91.59
2007-10-05 09:00:00,91.82
2007-10-05 10:00:00,116.63
2007-10-05 11:00:00,97.77
2007-10-05 12:00:00,81.91
2007-10-05 13:00:00,81.35
2007-10-05 14:00:00,61.77
2007-10-05 15:00:00,19.02
2007-10-05 16:00:00,19.71
2007-10-05 17:00:00,20.02
2007-10-05 18:00:00,22.93
2007-10-05 19:00:00,111.17
2007-10-05 20:00:00,119.68
2007-10-05 21:00:00,70.11
2007-10-05 22:00:00,68.00
2007-10-05 23:00:00,22.01
2007-10-06 00:00:00,23.55
2007-10-06 01:00:00,20.82
2007-10-06 02:00:00,15.57
2007-10-06 03:00:00,18.11
2007-10-06 04:00:00,44.22
2007-10-06 05:00:00,27.63
2007-10-06 06:00:00,16.49
2007-10-06 07:00:00,38.41
2007-10-06 08:00:00,103.16
2007-10-06 09:00:00,80.33
2007-10-06 10:00:00,85.91
2007-10-06 11:00:00,153.72
2007-10-06 12:00:00,50.59
2007-10-06 13:00:00,52.04
2007-10-06 14:00:00,86.39
2007-10-06 15:00:00,107.94
2007-10-06 16:00:00,31.07
2007-10-06 17:00:00,78.49
2007-10-06 18:00:00,159.71
2007-10-06 19:00:00,148.38
2007-10-06 20:00:00,117.33
2007-10-06 21:00:00,114.91
2007-10-06 22:00:00,100.98
2007-10-06 23:00:00,80.49
2007-10-07 00:00:00,27.06
2007-10-07 01:00:00,25.20
2007-10-07 02:00:00,23.92
2007-10-07 03:00:00,23.96
2007-10-07 04:00:00,23.36
2007-10-07 05:00:00,50.39
2007-10-07 06:00:00,19.71
2007-10-07 07:00:00,19.08
2007-10-07 08:00:00,39.45
2007-10-07 09:00:00,24.34
2007-10-07 10:00:00,64.09
2007-10-07 11:00:00,130.92
2007-10-07 12:00:00,138.16
2007-10-07 13:00:00,187.17
2007-10-07 14:00:00,126.38
2007-10-07 15:00:00,130.66
2007-10-07 16:00:00,107.29
2007-10-07 17:00:00,63.05
2007-10-07 18:00:00,61.48
2007-10-07 19:00:00,189.57
2007-10-07 20:00:00,242.36
2007-10-07 21:00:00,210.63
2007-10-07 22:00:00,94.95
2007-10-07 23:00:00,82.95
2007-10-08 00:00:00,20.70
2007-10-08 01:00:00,20.62
2007-10-08 02:00:00,19.19
2007-10-08 03:00:00,18.40
2007-10-08 04:00:00,18.31
2007-10-08 05:00:00,18.84
2007-10-08 06:00:00,29.91
2007-10-08 07:00:00,88.87
2007-10-08 08:00:00,82.77
2007-10-08 09:00:00,20.57
2007-10-08 10:00:00,19.48
2007-10-08 11:00:00,22.70
2007-10-08 12:00:00,24.14
2007-10-08 13:00:00,24.79
2007-10-08 14:00:00,33.57
2007-10-08 15:00:00,21.23
2007-10-08 16:00:00,18.43
2007-10-08 17:00:00,39.39
2007-10-08 18:00:00,38.91
2007-10-08 19:00:00,81.67
2007-10-08 20:00:00,96.07
2007-10-08 21:00:00,161.34
2007-10-08 22:00:00,104.48
2007-10-08 23:00:00,70.86
2007-10-09 00:00:00,18.97
2007-10-09 01:00:00,17.34
2007-10-09 02:00:00,17.47
2007-10-09 03:00:00,18.01
2007-10-09 04:00:00,17.36
2007-10-09 05:00:00,17.95
2007-10-09 06:00:00,117.24
2007-10-09 07:00:00,136.70
2007-10-09 08:00:00,78.35
2007-10-09 09:00:00,80.42
2007-10-09 10:00:00,40.27
2007-10-09 11:00:00,16.38
2007-10-09 12:00:00,17.85
2007-10-09 13:00:00,18.63
2007-10-09 14:00:00,31.05
2007-10-09 15:00:00,160.35
2007-10-09 16:00:00,163.56
2007-10-09 17:00:00,124.67
2007-10-09 18:00:00,86.36
2007-10-09 19:00:00,60.20
2007-10-09 20:00:00,94.95
2007-10-09 21:00:00,238.04
2007-10-09 22:00:00,93.43
2007-10-09 23:00:00,22.31
2007-10-10 00:00:00,19.38
2007-10-10 01:00:00,18.89
2007-10-10 02:00:00,18.43
2007-10-10 03:00:00,16.94
2007-10-10 04:00:00,17.58
2007-10-10 05:00:00,19.16
2007-10-10 06:00:00,60.90
2007-10-10 07:00:00,50.97
2007-10-10 08:00:00,118.84
2007-10-10 09:00:00,46.55
2007-10-10 10:00:00,20.88
2007-10-10 11:00:00,17.74
2007-10-10 12:00:00,31.96
2007-10-10 13:00:00,47.71
2007-10-10 14:00:00,23.62
2007-10-10 15:00:00,19.97
2007-10-10 16:00:00,17.76
2007-10-10 17:00:00,17.77
2007-10-10 18:00:00,20.27
2007-10-10 19:00:00,115.81
2007-10-10 20:00:00,187.39
2007-10-10 21:00:00,191.32
2007-10-10 22:00:00,45.46
2007-10-10 23:00:00,21.66
2007-10-11 00:00:00,22.21
2007-10-11 01:00:00,18.61
2007-10-11 02:00:00,19.36
2007-10-11 03:00:00,18.88
2007-10-11 04:00:00,40.04
2007-10-11 05:00:00,29.58
2007-10-11 06:00:00,31.19
2007-10-11 07:00:00,128.55
2007-10-11 08:00:00,122.75
2007-10-11 09:00:00,78.72
2007-10-11 10:00:00,79.87
2007-10-11 11:00:00,80.39
2007-10-11 12:00:00,32.41
2007-10-11 13:00:00,25.95
2007-10-11 14:00:00,21.69
2007-10-11 15:00:00,21.69
2007-10-11 16:00:00,18.60
2007-10-11 17:00:00,18.50
2007-10-11 18:00:00,18.46
2007-10-11 19:00:00,147.68
2007-10-11 20:00:00,259.10
2007-10-11 21:00:00,238.06
2007-10-11 22:00:00,141.71
2007-10-11 23:00:00,118.43
2007-10-12 00:00:00,51.24
2007-10-12 01:00:00,20.00
2007-10-12 02:00:00,18.98
2007-10-12 03:00:00,20.59
2007-10-12 04:00:00,20.14
2007-10-12 05:00:00,18.23
2007-10-12 06:00:00,89.66
2007-10-12 07:00:00,122.31
2007-10-12 08:00:00,128.33
2007-10-12 09:00:00,110.33
2007-10-12 10:00:00,153.99
2007-10-12 11:00:00,122.47
2007-10-12 12:00:00,213.72
2007-10-12 13:00:00,158.98
2007-10-12 14:00:00,27.09
2007-10-12 15:00:00,20.91
2007-10-12 16:00:00,20.61
2007-10-12 17:00:00,23.54
2007-10-12 18:00:00,103.90
2007-10-12 19:00:00,152.90
2007-10-12 20:00:00,125.51
2007-10-12 21:00:00,135.72
2007-10-12 22:00:00,37.86
2007-10-12 23:00:00,17.50
2007-10-13 00:00:00,17.21
2007-10-13 01:00:00,17.90
2007-10-13 02:00:00,17.78
2007-10-13 03:00:00,17.31
2007-10-13 04:00:00,17.64
2007-10-13 05:00:00,17.66
2007-10-13 06:00:00,17.18
2007-10-13 07:00:00,103.14
2007-10-13 08:00:00,136.61
2007-10-13 09:00:00,82.32
2007-10-13 10:00:00,80.57
2007-10-13 11:00:00,25.20
2007-10-13 12:00:00,19.18
2007-10-13 13:00:00,42.26
2007-10-13 14:00:00,23.30
2007-10-13 15:00:00,56.42
2007-10-13 16:00:00,44.11
2007-10-13 17:00:00,104.60
2007-10-13 18:00:00,96.29
2007-10-13 19:00:00,283.97
2007-10-13 20:00:00,305.69
2007-10-13 21:00:00,144.51
2007-10-13 22:00:00,161.80
2007-10-13 23:00:00,94.06
2007-10-14 00:00:00,68.57
2007-10-14 01:00:00,68.07
2007-10-14 02:00:00,21.82
2007-10-14 03:00:00,41.21
2007-10-14 04:00:00,34.77
2007-10-14 05:00:00,16.38
2007-10-14 06:00:00,18.13
2007-10-14 07:00:00,18.04
2007-10-14 08:00:00,39.08
2007-10-14 09:00:00,63.91
2007-10-14 10:00:00,106.53
2007-10-14 11:00:00,84.31
2007-10-14 12:00:00,108.45
2007-10-14 13:00:00,133.87
2007-10-14 14:00:00,250.19
2007-10-14 15:00:00,172.09
2007-10-14 16:00:00,122.76
2007-10-14 17:00:00,40.19
2007-10-14 18:00:00,64.04
2007-10-14 19:00:00,202.29
2007-10-14 20:00:00,165.29
2007-10-14 21:00:00,121.65
2007-10-14 22:00:00,79.15
2007-10-14 23:00:00,20.46
2007-10-15 00:00:00,17.60
2007-10-15 01:00:00,18.32
2007-10-15 02:00:00,17.50
2007-10-15 03:00:00,17.63
2007-10-15 04:00:00,30.86
2007-10-15 05:00:00,33.00
2007-10-15 06:00:00,62.16
2007-10-15 07:00:00,149.68
2007-10-15 08:00:00,82.77
2007-10-15 09:00:00,79.67
2007-10-15 10:00:00,79.51
2007-10-15 11:00:00,79.95
2007-10-15 12:00:00,43.87
2007-10-15 13:00:00,17.63
2007-10-15 14:00:00,16.75
2007-10-15 15:00:00,19.22
2007-10-15 16:00:00,17.96
2007-10-15 17:00:00,17.55
2007-10-15 18:00:00,46.33
2007-10-15 19:00:00,72.88
2007-10-15 20:00:00,181.47
2007-10-15 21:00:00,116.67
2007-10-15 22:00:00,27.30
2007-10-15 23:00:00,20.03
2007-10-16 00:00:00,18.51
2007-10-16 01:00:00,58.49
2007-10-16 02:00:00,16.10
2007-10-16 03:00:00,18.47
2007-10-16 04:00:00,17.26
2007-10-16 05:00:00,15.86
2007-10-16 06:00:00,53.70
2007-10-16 07:00:00,130.45
2007-10-16 08:00:00,86.26
2007-10-16 09:00:00,79.48
2007-10-16 10:00:00,38.82
2007-10-16 11:00:00,54.15
2007-10-16 12:00:00,103.55
2007-10-16 13:00:00,216.21
2007-10-16 14:00:00,194.02
2007-10-16 15:00:00,129.36
2007-10-16 16:00:00,87.88
2007-10-16 17:00:00,30.16
2007-10-16 18:00:00,27.28
2007-10-16 19:00:00,69.07
2007-10-16 20:00:00,138.68
2007-10-16 21:00:00,133.80
2007-10-16 22:00:00,191.14
2007-10-16 23:00:00,55.75
2007-10-17 00:00:00,19.58
2007-10-17 01:00:00,18.00
2007-10-17 02:00:00,17.51
2007-10-17 03:00:00,18.82
2007-10-17 04:00:00,17.90
2007-10-17 05:00:00,17.44
2007-10-17 06:00:00,67.97
2007-10-17 07:00:00,151.51
2007-10-17 08:00:00,137.03
2007-10-17 09:00:00,111.74
2007-10-17 10:00:00,80.75
2007-10-17 11:00:00,83.16
2007-10-17 12:00:00,83.85
2007-10-17 13:00:00,84.26
2007-10-17 14:00:00,27.90
2007-10-17 15:00:00,22.66
2007-10-17 16:00:00,18.70
2007-10-17 17:00:00,17.50
2007-10-17 18:00:00,21.70
2007-10-17 19:00:00,119.44
2007-10-17 20:00:00,149.04
2007-10-17 21:00:00,184.93
2007-10-17 22:00:00,82.25
2007-10-17 23:00:00,23.32
2007-10-18 00:00:00,21.56
2007-10-18 01:00:00,21.35
2007-10-18 02:00:00,21.28
2007-10-18 03:00:00,18.64
2007-10-18 04:00:00,19.46
2007-10-18 05:00:00,18.47
2007-10-18 06:00:00,43.10
2007-10-18 07:00:00,84.46
2007-10-18 08:00:00,115.62
2007-10-18 09:00:00,89.66
2007-10-18 10:00:00,78.95
2007-10-18 11:00:00,22.01
2007-10-18 12:00:00,94.66
2007-10-18 13:00:00,33.88
2007-10-18 14:00:00,27.93
2007-10-18 15:00:00,19.58
2007-10-18 16:00:00,18.24
2007-10-18 17:00:00,51.96
2007-10-18 18:00:00,20.22
2007-10-18 19:00:00,98.99
2007-10-18 20:00:00,145.72
2007-10-18 21:00:00,204.11
2007-10-18 22:00:00,165.18
2007-10-18 23:00:00,83.50
2007-10-19 00:00:00,67.60
2007-10-19 01:00:00,16.58
2007-10-19 02:00:00,17.78
2007-10-19 03:00:00,18.08
2007-10-19 04:00:00,17.39
2007-10-19 05:00:00,17.02
2007-10-19 06:00:00,83.40
2007-10-19 07:00:00,176.09
2007-10-19 08:00:00,125.19
2007-10-19 09:00:00,99.26
2007-10-19 10:00:00,154.81
2007-10-19 11:00:00,259.71
2007-10-19 12:00:00,176.99
2007-10-19 13:00:00,94.76
2007-10-19 14:00:00,85.97
2007-10-19 15:00:00,83.99
2007-10-19 16:00:00,55.68
2007-10-19 17:00:00,17.40
2007-10-19 18:00:00,49.02
2007-10-19 19:00:00,114.96
2007-10-19 20:00:00,118.22
2007-10-19 21:00:00,85.14
2007-10-19 22:00:00,71.48
2007-10-19 23:00:00,79.17
2007-10-20 00:00:00,48.02
2007-10-20 01:00:00,36.05
2007-10-20 02:00:00,17.87
2007-10-20 03:00:00,17.91
2007-10-20 04:00:00,17.31
2007-10-20 05:00:00,17.05
2007-10-20 06:00:00,18.85
2007-10-20 07:00:00,61.77
2007-10-20 08:00:00,117.58
2007-10-20 09:00:00,86.74
2007-10-20 10:00:00,88.37
2007-10-20 11:00:00,107.15
2007-10-20 12:00:00,134.33
2007-10-20 13:00:00,73.60
2007-10-20 14:00:00,150.24
2007-10-20 15:00:00,109.62
2007-10-20 16:00:00,112.25
2007-10-20 17:00:00,92.27
2007-10-20 18:00:00,85.48
2007-10-20 19:00:00,86.01
2007-10-20 20:00:00,85.27
2007-10-20 21:00:00,32.11
2007-10-20 22:00:00,24.99
2007-10-20 23:00:00,39.41
2007-10-21 00:00:00,55.99
2007-10-21 01:00:00,19.29
2007-10-21 02:00:00,17.64
2007-10-21 03:00:00,17.49
2007-10-21 04:00:00,17.31
2007-10-21 05:00:00,18.92
2007-10-21 06:00:00,60.88
2007-10-21 07:00:00,25.84
2007-10-21 08:00:00,37.60
2007-10-21 09:00:00,25.56
2007-10-21 10:00:00,19.02
2007-10-21 11:00:00,137.68
2007-10-21 12:00:00,192.00
2007-10-21 13:00:00,194.68
2007-10-21 14:00:00,159.48
2007-10-21 15:00:00,224.45
2007-10-21 16:00:00,102.60
2007-10-21 17:00:00,39.63
2007-10-21 18:00:00,51.67
2007-10-21 19:00:00,137.73
2007-10-21 20:00:00,186.60
2007-10-21 21:00:00,105.55
2007-10-21 22:00:00,73.42
2007-10-21 23:00:00,20.90
2007-10-22 00:00:00,19.85
2007-10-22 01:00:00,17.71
2007-10-22 02:00:00,19.88
2007-10-22 03:00:00,19.50
2007-10-22 04:00:00,37.27
2007-10-22 05:00:00,36.44
2007-10-22 06:00:00,81.95
2007-10-22 07:00:00,121.56
2007-10-22 08:00:00,145.40
2007-10-22 09:00:00,125.34
2007-10-22 10:00:00,86.92
2007-10-22 11:00:00,79.89
2007-10-22 12:00:00,79.57
2007-10-22 13:00:00,80.06
2007-10-22 14:00:00,81.98
2007-10-22 15:00:00,83.47
2007-10-22 16:00:00,80.50
2007-10-22 17:00:00,82.49
2007-10-22 18:00:00,41.37
2007-10-22 19:00:00,94.09
2007-10-22 20:00:00,79.90
2007-10-22 21:00:00,72.55
2007-10-22 22:00:00,51.20
2007-10-22 23:00:00,34.01
2007-10-23 00:00:00,65.89
2007-10-23 01:00:00,17.61
2007-10-23 02:00:00,18.05
2007-10-23 03:00:00,15.96
2007-10-23 04:00:00,18.13
2007-10-23 05:00:00,16.51
2007-10-23 06:00:00,17.87
2007-10-23 07:00:00,118.80
2007-10-23 08:00:00,140.31
2007-10-23 09:00:00,82.94
2007-10-23 10:00:00,81.40
2007-10-23 11:00:00,80.17
2007-10-23 12:00:00,58.85
2007-10-23 13:00:00,16.53
2007-10-23 14:00:00,17.70
2007-10-23 15:00:00,21.51
2007-10-23 16:00:00,173.33
2007-10-23 17:00:00,270.50
2007-10-23 18:00:00,126.14
2007-10-23 19:00:00,150.38
2007-10-23 20:00:00,162.84
2007-10-23 21:00:00,131.14
2007-10-23 22:00:00,117.75
2007-10-23 23:00:00,38.09
2007-10-24 00:00:00,49.27
2007-10-24 01:00:00,18.52
2007-10-24 02:00:00,17.40
2007-10-24 03:00:00,17.58
2007-10-24 04:00:00,18.98
2007-10-24 05:00:00,17.14
2007-10-24 06:00:00,18.12
2007-10-24 07:00:00,84.29
2007-10-24 08:00:00,113.16
2007-10-24 09:00:00,81.79
2007-10-24 10:00:00,82.33
2007-10-24 11:00:00,155.08
2007-10-24 12:00:00,65.19
2007-10-24 13:00:00,20.99
2007-10-24 14:00:00,60.67
2007-10-24 15:00:00,54.79
2007-10-24 16:00:00,20.68
2007-10-24 17:00:00,27.70
2007-10-24 18:00:00,89.63
2007-10-24 19:00:00,226.60
2007-10-24 20:00:00,190.98
2007-10-24 21:00:00,196.17
2007-10-24 22:00:00,187.04
2007-10-24 23:00:00,51.54
2007-10-25 00:00:00,39.10
2007-10-25 01:00:00,17.52
2007-10-25 02:00:00,16.38
2007-10-25 03:00:00,16.25
2007-10-25 04:00:00,16.58
2007-10-25 05:00:00,16.33
2007-10-25 06:00:00,95.85
2007-10-25 07:00:00,194.34
2007-10-25 08:00:00,149.03
2007-10-25 09:00:00,105.60
2007-10-25 10:00:00,78.16
2007-10-25 11:00:00,78.20
2007-10-25 12:00:00,32.86
2007-10-25 13:00:00,17.06
2007-10-25 14:00:00,21.55
2007-10-25 15:00:00,23.90
2007-10-25 16:00:00,25.11
2007-10-25 17:00:00,55.25
2007-10-25 18:00:00,41.00
2007-10-25 19:00:00,134.37
2007-10-25 20:00:00,169.82
2007-10-25 21:00:00,288.06
2007-10-25 22:00:00,146.21
2007-10-25 23:00:00,75.41
2007-10-26 00:00:00,47.10
2007-10-26 01:00:00,28.96
2007-10-26 02:00:00,29.32
2007-10-26 03:00:00,28.90
2007-10-26 04:00:00,29.67
2007-10-26 05:00:00,32.56
2007-10-26 06:00:00,135.38
2007-10-26 07:00:00,162.29
2007-10-26 08:00:00,136.50
2007-10-26 09:00:00,91.90
2007-10-26 10:00:00,91.04
2007-10-26 11:00:00,30.77
2007-10-26 12:00:00,27.59
2007-10-26 13:00:00,31.16
2007-10-26 14:00:00,31.31
2007-10-26 15:00:00,32.07
2007-10-26 16:00:00,27.91
2007-10-26 17:00:00,28.04
2007-10-26 18:00:00,75.61
2007-10-26 19:00:00,122.50
2007-10-26 20:00:00,49.21
2007-10-26 21:00:00,92.16
2007-10-26 22:00:00,47.29
2007-10-26 23:00:00,28.36
2007-10-27 00:00:00,27.52
2007-10-27 01:00:00,28.86
2007-10-27 02:00:00,61.52
2007-10-27 03:00:00,33.89
2007-10-27 04:00:00,28.51
2007-10-27 05:00:00,27.26
2007-10-27 06:00:00,28.48
2007-10-27 07:00:00,67.34
2007-10-27 08:00:00,172.01
2007-10-27 09:00:00,191.50
2007-10-27 10:00:00,260.21
2007-10-27 11:00:00,229.35
2007-10-27 12:00:00,161.83
2007-10-27 13:00:00,137.71
2007-10-27 14:00:00,103.81
2007-10-27 15:00:00,80.47
2007-10-27 16:00:00,25.62
2007-10-27 17:00:00,15.84
2007-10-27 18:00:00,22.57
2007-10-27 19:00:00,16.08
2007-10-27 20:00:00,15.87
2007-10-27 21:00:00,16.41
2007-10-27 22:00:00,15.65
2007-10-27 23:00:00,17.40
2007-10-28 00:00:00,15.51
2007-10-28 01:00:00,18.73
2007-10-28 02:00:00,55.10
2007-10-28 03:00:00,16.58
2007-10-28 04:00:00,16.47
2007-10-28 05:00:00,15.52
2007-10-28 06:00:00,16.78
2007-10-28 07:00:00,14.78
2007-10-28 08:00:00,16.01
2007-10-28 09:00:00,16.53
2007-10-28 10:00:00,28.45
2007-10-28 11:00:00,15.42
2007-10-28 12:00:00,39.67
2007-10-28 13:00:00,50.68
2007-10-28 14:00:00,15.17
2007-10-28 15:00:00,16.60
2007-10-28 16:00:00,15.41
2007-10-28 17:00:00,15.06
2007-10-28 18:00:00,22.66
2007-10-28 19:00:00,15.65
2007-10-28 20:00:00,15.59
2007-10-28 21:00:00,15.46
2007-10-28 22:00:00,16.47
2007-10-28 23:00:00,27.83
2007-10-29 00:00:00,64.02
2007-10-29 01:00:00,15.39
2007-10-29 02:00:00,16.91
2007-10-29 03:00:00,15.74
2007-10-29 04:00:00,15.09
2007-10-29 05:00:00,16.77
2007-10-29 06:00:00,15.92
2007-10-29 07:00:00,14.76
2007-10-29 08:00:00,16.08
2007-10-29 09:00:00,15.71
2007-10-29 10:00:00,15.73
2007-10-29 11:00:00,73.84
2007-10-29 12:00:00,16.35
2007-10-29 13:00:00,14.75
2007-10-29 14:00:00,15.97
2007-10-29 15:00:00,17.00
2007-10-29 16:00:00,15.56
2007-10-29 17:00:00,17.71
2007-10-29 18:00:00,16.91
2007-10-29 19:00:00,15.31
2007-10-29 20:00:00,14.83
2007-10-29 21:00:00,16.22
2007-10-29 22:00:00,66.31
2007-10-29 23:00:00,22.53
2007-10-30 00:00:00,17.16
2007-10-30 01:00:00,15.20
2007-10-30 02:00:00,15.55
2007-10-30 03:00:00,16.37
2007-10-30 04:00:00,15.37
2007-10-30 05:00:00,16.04
2007-10-30 06:00:00,15.55
2007-10-30 07:00:00,16.09
2007-10-30 08:00:00,15.68
2007-10-30 09:00:00,61.77
2007-10-30 10:00:00,27.97
2007-10-30 11:00:00,15.28
2007-10-30 12:00:00,57.05
2007-10-30 13:00:00,201.42
2007-10-30 14:00:00,83.02
2007-10-30 15:00:00,81.62
2007-10-30 16:00:00,29.86
2007-10-30 17:00:00,15.12
2007-10-30 18:00:00,16.50
2007-10-30 19:00:00,15.42
2007-10-30 20:00:00,14.56
2007-10-30 21:00:00,16.69
2007-10-30 22:00:00,16.09
2007-10-30 23:00:00,15.64
2007-10-31 00:00:00,37.13
2007-10-31 01:00:00,41.96
2007-10-31 02:00:00,15.69
2007-10-31 03:00:00,16.95
2007-10-31 04:00:00,15.44
2007-10-31 05:00:00,15.63
2007-10-31 06:00:00,17.21
2007-10-31 07:00:00,14.47
2007-10-31 08:00:00,15.73
2007-10-31 09:00:00,16.69
2007-10-31 10:00:00,15.38
2007-10-31 11:00:00,71.22
2007-10-31 12:00:00,164.98
2007-10-31 13:00:00,220.42
2007-10-31 14:00:00,103.72
2007-10-31 15:00:00,81.55
2007-10-31 16:00:00,81.10
2007-10-31 17:00:00,87.90
2007-10-31 18:00:00,117.58
2007-10-31 19:00:00,65.81
2007-10-31 20:00:00,16.15
2007-10-31 21:00:00,15.64
2007-10-31 22:00:00,16.92
2007-10-31 23:00:00,17.95
2007-11-01 00:00:00,15.48
2007-11-01 01:00:00,16.54
2007-11-01 02:00:00,16.89
2007-11-01 03:00:00,14.79
2007-11-01 04:00:00,16.17
2007-11-01 05:00:00,16.45
2007-11-01 06:00:00,29.01
2007-11-01 07:00:00,62.34
2007-11-01 08:00:00,16.70
2007-11-01 09:00:00,15.31
2007-11-01 10:00:00,14.25
2007-11-01 11:00:00,16.98
2007-11-01 12:00:00,15.34
2007-11-01 13:00:00,15.35
2007-11-01 14:00:00,16.67
2007-11-01 15:00:00,15.35
2007-11-01 16:00:00,15.70
2007-11-01 17:00:00,15.54
2007-11-01 18:00:00,74.08
2007-11-01 19:00:00,15.42
2007-11-01 20:00:00,15.15
2007-11-01 21:00:00,15.50
2007-11-01 22:00:00,15.28
2007-11-01 23:00:00,15.90
2007-11-02 00:00:00,15.70
2007-11-02 01:00:00,15.45
2007-11-02 02:00:00,16.62
2007-11-02 03:00:00,14.84
2007-11-02 04:00:00,16.17
2007-11-02 05:00:00,71.71
2007-11-02 06:00:00,18.16
2007-11-02 07:00:00,15.82
2007-11-02 08:00:00,16.56
2007-11-02 09:00:00,14.52
2007-11-02 10:00:00,17.20
2007-11-02 11:00:00,134.61
2007-11-02 12:00:00,159.39
2007-11-02 13:00:00,138.74
2007-11-02 14:00:00,87.82
2007-11-02 15:00:00,81.20
2007-11-02 16:00:00,80.72
2007-11-02 17:00:00,184.69
2007-11-02 18:00:00,76.76
2007-11-02 19:00:00,76.66
2007-11-02 20:00:00,77.40
2007-11-02 21:00:00,76.02
2007-11-02 22:00:00,20.25
2007-11-02 23:00:00,16.61
2007-11-03 00:00:00,15.31
2007-11-03 01:00:00,15.84
2007-11-03 02:00:00,15.92
2007-11-03 03:00:00,15.78
2007-11-03 04:00:00,16.24
2007-11-03 05:00:00,15.28
2007-11-03 06:00:00,15.94
2007-11-03 07:00:00,15.86
2007-11-03 08:00:00,54.18
2007-11-03 09:00:00,35.33
2007-11-03 10:00:00,15.46
2007-11-03 11:00:00,16.29
2007-11-03 12:00:00,13.84
2007-11-03 13:00:00,15.53
2007-11-03 14:00:00,16.60
2007-11-03 15:00:00,15.21
2007-11-03 16:00:00,16.66
2007-11-03 17:00:00,16.84
2007-11-03 18:00:00,15.13
2007-11-03 19:00:00,38.62
2007-11-03 20:00:00,49.93
2007-11-03 21:00:00,15.48
2007-11-03 22:00:00,15.14
2007-11-03 23:00:00,16.13
2007-11-04 00:00:00,16.84
2007-11-04 01:00:00,15.57
2007-11-04 02:00:00,15.87
2007-11-04 03:00:00,16.25
2007-11-04 04:00:00,15.94
2007-11-04 05:00:00,16.48
2007-11-04 06:00:00,31.14
2007-11-04 07:00:00,57.74
2007-11-04 08:00:00,16.50
2007-11-04 09:00:00,15.67
2007-11-04 10:00:00,16.40
2007-11-04 11:00:00,16.52
2007-11-04 12:00:00,17.40
2007-11-04 13:00:00,16.02
2007-11-04 14:00:00,52.27
2007-11-04 15:00:00,66.66
2007-11-04 16:00:00,47.51
2007-11-04 17:00:00,150.24
2007-11-04 18:00:00,290.61
2007-11-04 19:00:00,175.76
2007-11-04 20:00:00,113.74
2007-11-04 21:00:00,185.78
2007-11-04 22:00:00,96.52
2007-11-04 23:00:00,22.27
2007-11-05 00:00:00,21.46
2007-11-05 01:00:00,18.48
2007-11-05 02:00:00,17.89
2007-11-05 03:00:00,19.09
2007-11-05 04:00:00,18.64
2007-11-05 05:00:00,25.54
2007-11-05 06:00:00,56.46
2007-11-05 07:00:00,92.20
2007-11-05 08:00:00,88.25
2007-11-05 09:00:00,86.32
2007-11-05 10:00:00,82.30
2007-11-05 11:00:00,64.74
2007-11-05 12:00:00,18.48
2007-11-05 13:00:00,70.34
2007-11-05 14:00:00,75.89
2007-11-05 15:00:00,52.78
2007-11-05 16:00:00,16.84
2007-11-05 17:00:00,41.29
2007-11-05 18:00:00,119.36
2007-11-05 19:00:00,134.63
2007-11-05 20:00:00,102.23
2007-11-05 21:00:00,100.80
2007-11-05 22:00:00,102.39
2007-11-05 23:00:00,74.21
2007-11-06 00:00:00,105.55
2007-11-06 01:00:00,66.21
2007-11-06 02:00:00,71.40
2007-11-06 03:00:00,62.94
2007-11-06 04:00:00,35.53
2007-11-06 05:00:00,17.38
2007-11-06 06:00:00,41.58
2007-11-06 07:00:00,56.66
2007-11-06 08:00:00,127.32
2007-11-06 09:00:00,111.92
2007-11-06 10:00:00,110.92
2007-11-06 11:00:00,192.84
2007-11-06 12:00:00,171.32
2007-11-06 13:00:00,133.41
2007-11-06 14:00:00,85.59
2007-11-06 15:00:00,86.03
2007-11-06 16:00:00,46.00
2007-11-06 17:00:00,43.95
2007-11-06 18:00:00,91.53
2007-11-06 19:00:00,132.07
2007-11-06 20:00:00,172.64
2007-11-06 21:00:00,52.27
2007-11-06 22:00:00,45.82
2007-11-06 23:00:00,21.48
2007-11-07 00:00:00,20.67
2007-11-07 01:00:00,17.57
2007-11-07 02:00:00,56.46
2007-11-07 03:00:00,18.18
2007-11-07 04:00:00,16.04
2007-11-07 05:00:00,17.43
2007-11-07 06:00:00,35.83
2007-11-07 07:00:00,126.97
2007-11-07 08:00:00,86.82
2007-11-07 09:00:00,84.31
2007-11-07 10:00:00,81.24
2007-11-07 11:00:00,19.58
2007-11-07 12:00:00,31.86
2007-11-07 13:00:00,60.65
2007-11-07 14:00:00,60.60
2007-11-07 15:00:00,21.92
2007-11-07 16:00:00,64.80
2007-11-07 17:00:00,149.18
2007-11-07 18:00:00,162.96
2007-11-07 19:00:00,269.00
2007-11-07 20:00:00,145.76
2007-11-07 21:00:00,165.34
2007-11-07 22:00:00,79.09
2007-11-07 23:00:00,52.49
2007-11-08 00:00:00,18.11
2007-11-08 01:00:00,18.93
2007-11-08 02:00:00,16.43
2007-11-08 03:00:00,18.41
2007-11-08 04:00:00,17.92
2007-11-08 05:00:00,16.77
2007-11-08 06:00:00,19.89
2007-11-08 07:00:00,73.20
2007-11-08 08:00:00,117.22
2007-11-08 09:00:00,93.58
2007-11-08 10:00:00,94.30
2007-11-08 11:00:00,94.61
2007-11-08 12:00:00,45.48
2007-11-08 13:00:00,18.66
2007-11-08 14:00:00,21.13
2007-11-08 15:00:00,20.00
2007-11-08 16:00:00,19.75
2007-11-08 17:00:00,30.14
2007-11-08 18:00:00,82.58
2007-11-08 19:00:00,137.92
2007-11-08 20:00:00,185.00
2007-11-08 21:00:00,200.20
2007-11-08 22:00:00,120.17
2007-11-08 23:00:00,20.66
2007-11-09 00:00:00,16.93
2007-11-09 01:00:00,18.21
2007-11-09 02:00:00,17.81
2007-11-09 03:00:00,17.35
2007-11-09 04:00:00,47.41
2007-11-09 05:00:00,22.48
2007-11-09 06:00:00,33.21
2007-11-09 07:00:00,124.30
2007-11-09 08:00:00,108.39
2007-11-09 09:00:00,80.01
2007-11-09 10:00:00,81.03
2007-11-09 11:00:00,90.99
2007-11-09 12:00:00,150.68
2007-11-09 13:00:00,233.24
2007-11-09 14:00:00,168.50
2007-11-09 15:00:00,97.30
2007-11-09 16:00:00,87.57
2007-11-09 17:00:00,89.71
2007-11-09 18:00:00,151.39
2007-11-09 19:00:00,145.81
2007-11-09 20:00:00,105.66
2007-11-09 21:00:00,121.38
2007-11-09 22:00:00,133.08
2007-11-09 23:00:00,28.81
2007-11-10 00:00:00,19.93
2007-11-10 01:00:00,17.58
2007-11-10 02:00:00,17.46
2007-11-10 03:00:00,18.34
2007-11-10 04:00:00,15.90
2007-11-10 05:00:00,18.39
2007-11-10 06:00:00,59.36
2007-11-10 07:00:00,66.26
2007-11-10 08:00:00,138.11
2007-11-10 09:00:00,178.14
2007-11-10 10:00:00,107.17
2007-11-10 11:00:00,96.93
2007-11-10 12:00:00,116.40
2007-11-10 13:00:00,96.65
2007-11-10 14:00:00,64.48
2007-11-10 15:00:00,61.06
2007-11-10 16:00:00,53.26
2007-11-10 17:00:00,183.19
2007-11-10 18:00:00,238.74
2007-11-10 19:00:00,251.47
2007-11-10 20:00:00,212.52
2007-11-10 21:00:00,191.95
2007-11-10 22:00:00,187.62
2007-11-10 23:00:00,200.68
2007-11-11 00:00:00,191.14
2007-11-11 01:00:00,93.23
2007-11-11 02:00:00,57.40
2007-11-11 03:00:00,27.48
2007-11-11 04:00:00,64.22
2007-11-11 05:00:00,25.86
2007-11-11 06:00:00,25.01
2007-11-11 07:00:00,25.47
2007-11-11 08:00:00,26.37
2007-11-11 09:00:00,71.96
2007-11-11 10:00:00,93.82
2007-11-11 11:00:00,99.48
2007-11-11 12:00:00,103.61
2007-11-11 13:00:00,35.29
2007-11-11 14:00:00,19.81
2007-11-11 15:00:00,67.65
2007-11-11 16:00:00,51.61
2007-11-11 17:00:00,90.64
2007-11-11 18:00:00,119.15
2007-11-11 19:00:00,225.67
2007-11-11 20:00:00,197.89
2007-11-11 21:00:00,111.09
2007-11-11 22:00:00,41.52
2007-11-11 23:00:00,21.77
2007-11-12 00:00:00,19.08
2007-11-12 01:00:00,19.37
2007-11-12 02:00:00,51.91
2007-11-12 03:00:00,18.41
2007-11-12 04:00:00,18.90
2007-11-12 05:00:00,19.07
2007-11-12 06:00:00,33.72
2007-11-12 07:00:00,181.91
2007-11-12 08:00:00,154.50
2007-11-12 09:00:00,110.86
2007-11-12 10:00:00,111.27
2007-11-12 11:00:00,81.15
2007-11-12 12:00:00,80.94
2007-11-12 13:00:00,80.44
2007-11-12 14:00:00,81.41
2007-11-12 15:00:00,81.50
2007-11-12 16:00:00,81.75
2007-11-12 17:00:00,84.27
2007-11-12 18:00:00,69.52
2007-11-12 19:00:00,190.71
2007-11-12 20:00:00,285.59
2007-11-12 21:00:00,153.20
2007-11-12 22:00:00,77.64
2007-11-12 23:00:00,69.01
2007-11-13 00:00:00,22.42
2007-11-13 01:00:00,17.51
2007-11-13 02:00:00,17.93
2007-11-13 03:00:00,18.81
2007-11-13 04:00:00,58.47
2007-11-13 05:00:00,18.20
2007-11-13 06:00:00,57.37
2007-11-13 07:00:00,145.23
2007-11-13 08:00:00,152.24
2007-11-13 09:00:00,48.36
2007-11-13 10:00:00,19.84
2007-11-13 11:00:00,20.04
2007-11-13 12:00:00,20.75
2007-11-13 13:00:00,94.50
2007-11-13 14:00:00,120.60
2007-11-13 15:00:00,278.32
2007-11-13 16:00:00,193.08
2007-11-13 17:00:00,192.96
2007-11-13 18:00:00,192.84
2007-11-13 19:00:00,138.48
2007-11-13 20:00:00,169.65
2007-11-13 21:00:00,156.74
2007-11-13 22:00:00,39.27
2007-11-13 23:00:00,20.80
2007-11-14 00:00:00,20.27
2007-11-14 01:00:00,18.42
2007-11-14 02:00:00,17.59
2007-11-14 03:00:00,18.54
2007-11-14 04:00:00,16.65
2007-11-14 05:00:00,31.06
2007-11-14 06:00:00,67.87
2007-11-14 07:00:00,113.51
2007-11-14 08:00:00,136.20
2007-11-14 09:00:00,86.11
2007-11-14 10:00:00,86.08
2007-11-14 11:00:00,101.88
2007-11-14 12:00:00,82.05
2007-11-14 13:00:00,99.51
2007-11-14 14:00:00,131.25
2007-11-14 15:00:00,92.67
2007-11-14 16:00:00,85.26
2007-11-14 17:00:00,92.65
2007-11-14 18:00:00,97.20
2007-11-14 19:00:00,142.36
2007-11-14 20:00:00,161.67
2007-11-14 21:00:00,134.41
2007-11-14 22:00:00,125.57
2007-11-14 23:00:00,89.22
2007-11-15 00:00:00,82.99
2007-11-15 01:00:00,22.19
2007-11-15 02:00:00,18.52
2007-11-15 03:00:00,16.25
2007-11-15 04:00:00,18.04
2007-11-15 05:00:00,17.40
2007-11-15 06:00:00,49.02
2007-11-15 07:00:00,123.69
2007-11-15 08:00:00,125.46
2007-11-15 09:00:00,81.38
2007-11-15 10:00:00,79.01
2007-11-15 11:00:00,72.43
2007-11-15 12:00:00,17.98
2007-11-15 13:00:00,15.91
2007-11-15 14:00:00,30.87
2007-11-15 15:00:00,28.70
2007-11-15 16:00:00,24.17
2007-11-15 17:00:00,18.84
2007-11-15 18:00:00,49.67
2007-11-15 19:00:00,185.62
2007-11-15 20:00:00,124.93
2007-11-15 21:00:00,161.36
2007-11-15 22:00:00,71.68
2007-11-15 23:00:00,55.88
2007-11-16 00:00:00,19.14
2007-11-16 01:00:00,16.50
2007-11-16 02:00:00,17.97
2007-11-16 03:00:00,17.29
2007-11-16 04:00:00,17.50
2007-11-16 05:00:00,17.18
2007-11-16 06:00:00,49.59
2007-11-16 07:00:00,167.37
2007-11-16 08:00:00,124.54
2007-11-16 09:00:00,95.31
2007-11-16 10:00:00,84.82
2007-11-16 11:00:00,97.65
2007-11-16 12:00:00,84.72
2007-11-16 13:00:00,226.30
2007-11-16 14:00:00,168.16
2007-11-16 15:00:00,163.78
2007-11-16 16:00:00,150.73
2007-11-16 17:00:00,148.65
2007-11-16 18:00:00,166.87
2007-11-16 19:00:00,110.69
2007-11-16 20:00:00,191.92
2007-11-16 21:00:00,89.56
2007-11-16 22:00:00,39.81
2007-11-16 23:00:00,43.69
2007-11-17 00:00:00,56.30
2007-11-17 01:00:00,16.42
2007-11-17 02:00:00,17.32
2007-11-17 03:00:00,17.67
2007-11-17 04:00:00,15.67
2007-11-17 05:00:00,18.82
2007-11-17 06:00:00,16.20
2007-11-17 07:00:00,32.19
2007-11-17 08:00:00,118.41
2007-11-17 09:00:00,85.55
2007-11-17 10:00:00,84.68
2007-11-17 11:00:00,109.53
2007-11-17 12:00:00,108.44
2007-11-17 13:00:00,111.67
2007-11-17 14:00:00,191.48
2007-11-17 15:00:00,133.40
2007-11-17 16:00:00,118.72
2007-11-17 17:00:00,109.95
2007-11-17 18:00:00,294.74
2007-11-17 19:00:00,258.62
2007-11-17 20:00:00,208.65
2007-11-17 21:00:00,170.83
2007-11-17 22:00:00,134.83
2007-11-17 23:00:00,180.01
2007-11-18 00:00:00,195.95
2007-11-18 01:00:00,82.50
2007-11-18 02:00:00,53.49
2007-11-18 03:00:00,20.71
2007-11-18 04:00:00,18.14
2007-11-18 05:00:00,18.73
2007-11-18 06:00:00,19.71
2007-11-18 07:00:00,18.88
2007-11-18 08:00:00,67.27
2007-11-18 09:00:00,29.77
2007-11-18 10:00:00,100.25
2007-11-18 11:00:00,145.52
2007-11-18 12:00:00,137.69
2007-11-18 13:00:00,38.42
2007-11-18 14:00:00,62.50
2007-11-18 15:00:00,21.63
2007-11-18 16:00:00,116.03
2007-11-18 17:00:00,115.34
2007-11-18 18:00:00,155.47
2007-11-18 19:00:00,221.78
2007-11-18 20:00:00,252.98
2007-11-18 21:00:00,178.24
2007-11-18 22:00:00,91.67
2007-11-18 23:00:00,21.17
2007-11-19 00:00:00,18.75
2007-11-19 01:00:00,15.97
2007-11-19 02:00:00,18.98
2007-11-19 03:00:00,16.40
2007-11-19 04:00:00,18.11
2007-11-19 05:00:00,16.88
2007-11-19 06:00:00,65.20
2007-11-19 07:00:00,135.44
2007-11-19 08:00:00,85.96
2007-11-19 09:00:00,80.01
2007-11-19 10:00:00,79.38
2007-11-19 11:00:00,81.18
2007-11-19 12:00:00,80.82
2007-11-19 13:00:00,80.77
2007-11-19 14:00:00,33.07
2007-11-19 15:00:00,18.30
2007-11-19 16:00:00,16.32
2007-11-19 17:00:00,54.17
2007-11-19 18:00:00,122.28
2007-11-19 19:00:00,203.22
2007-11-19 20:00:00,228.95
2007-11-19 21:00:00,164.19
2007-11-19 22:00:00,72.10
2007-11-19 23:00:00,17.23
2007-11-20 00:00:00,52.05
2007-11-20 01:00:00,17.58
2007-11-20 02:00:00,17.00
2007-11-20 03:00:00,17.40
2007-11-20 04:00:00,17.10
2007-11-20 05:00:00,16.95
2007-11-20 06:00:00,67.91
2007-11-20 07:00:00,158.29
2007-11-20 08:00:00,133.64
2007-11-20 09:00:00,82.79
2007-11-20 10:00:00,123.04
2007-11-20 11:00:00,201.52
2007-11-20 12:00:00,87.27
2007-11-20 13:00:00,84.87
2007-11-20 14:00:00,87.93
2007-11-20 15:00:00,132.19
2007-11-20 16:00:00,21.28
2007-11-20 17:00:00,55.09
2007-11-20 18:00:00,78.98
2007-11-20 19:00:00,91.66
2007-11-20 20:00:00,192.34
2007-11-20 21:00:00,141.38
2007-11-20 22:00:00,133.29
2007-11-20 23:00:00,84.31
2007-11-21 00:00:00,19.21
2007-11-21 01:00:00,18.73
2007-11-21 02:00:00,20.79
2007-11-21 03:00:00,17.63
2007-11-21 04:00:00,18.70
2007-11-21 05:00:00,19.16
2007-11-21 06:00:00,53.54
2007-11-21 07:00:00,106.31
2007-11-21 08:00:00,120.46
2007-11-21 09:00:00,123.70
2007-11-21 10:00:00,110.84
2007-11-21 11:00:00,32.67
2007-11-21 12:00:00,72.12
2007-11-21 13:00:00,27.99
2007-11-21 14:00:00,19.77
2007-11-21 15:00:00,20.53
2007-11-21 16:00:00,54.57
2007-11-21 17:00:00,79.11
2007-11-21 18:00:00,111.73
2007-11-21 19:00:00,120.74
2007-11-21 20:00:00,184.83
2007-11-21 21:00:00,174.23
2007-11-21 22:00:00,160.99
2007-11-21 23:00:00,66.85
2007-11-22 00:00:00,18.84
2007-11-22 01:00:00,16.83
2007-11-22 02:00:00,16.32
2007-11-22 03:00:00,18.89
2007-11-22 04:00:00,15.70
2007-11-22 05:00:00,16.99
2007-11-22 06:00:00,47.10
2007-11-22 07:00:00,142.13
2007-11-22 08:00:00,77.37
2007-11-22 09:00:00,35.85
2007-11-22 10:00:00,82.48
2007-11-22 11:00:00,79.40
2007-11-22 12:00:00,81.05
2007-11-22 13:00:00,84.94
2007-11-22 14:00:00,69.44
2007-11-22 15:00:00,33.81
2007-11-22 16:00:00,34.29
2007-11-22 17:00:00,53.06
2007-11-22 18:00:00,132.35
2007-11-22 19:00:00,274.98
2007-11-22 20:00:00,231.13
2007-11-22 21:00:00,157.86
2007-11-22 22:00:00,153.42
2007-11-22 23:00:00,58.14
2007-11-23 00:00:00,16.81
2007-11-23 01:00:00,18.26
2007-11-23 02:00:00,16.37
2007-11-23 03:00:00,18.83
2007-11-23 04:00:00,16.96
2007-11-23 05:00:00,18.33
2007-11-23 06:00:00,143.10
2007-11-23 07:00:00,150.24
2007-11-23 08:00:00,107.23
2007-11-23 09:00:00,80.40
2007-11-23 10:00:00,80.36
2007-11-23 11:00:00,103.43
2007-11-23 12:00:00,247.78
2007-11-23 13:00:00,207.05
2007-11-23 14:00:00,140.59
2007-11-23 15:00:00,85.68
2007-11-23 16:00:00,81.45
2007-11-23 17:00:00,49.97
2007-11-23 18:00:00,60.98
2007-11-23 19:00:00,153.97
2007-11-23 20:00:00,123.98
2007-11-23 21:00:00,211.06
2007-11-23 22:00:00,264.10
2007-11-23 23:00:00,125.69
2007-11-24 00:00:00,107.62
2007-11-24 01:00:00,56.68
2007-11-24 02:00:00,42.08
2007-11-24 03:00:00,19.74
2007-11-24 04:00:00,17.64
2007-11-24 05:00:00,18.87
2007-11-24 06:00:00,19.71
2007-11-24 07:00:00,19.15
2007-11-24 08:00:00,118.38
2007-11-24 09:00:00,124.66
2007-11-24 10:00:00,85.70
2007-11-24 11:00:00,226.80
2007-11-24 12:00:00,169.42
2007-11-24 13:00:00,139.41
2007-11-24 14:00:00,89.30
2007-11-24 15:00:00,115.76
2007-11-24 16:00:00,83.48
2007-11-24 17:00:00,80.51
2007-11-24 18:00:00,81.96
2007-11-24 19:00:00,44.68
2007-11-24 20:00:00,70.34
2007-11-24 21:00:00,119.32
2007-11-24 22:00:00,30.09
2007-11-24 23:00:00,17.73
2007-11-25 00:00:00,17.60
2007-11-25 01:00:00,17.74
2007-11-25 02:00:00,18.41
2007-11-25 03:00:00,16.39
2007-11-25 04:00:00,18.99
2007-11-25 05:00:00,16.08
2007-11-25 06:00:00,50.09
2007-11-25 07:00:00,33.30
2007-11-25 08:00:00,16.34
2007-11-25 09:00:00,39.24
2007-11-25 10:00:00,34.88
2007-11-25 11:00:00,28.66
2007-11-25 12:00:00,139.16
2007-11-25 13:00:00,97.88
2007-11-25 14:00:00,82.76
2007-11-25 15:00:00,64.79
2007-11-25 16:00:00,17.92
2007-11-25 17:00:00,17.24
2007-11-25 18:00:00,79.40
2007-11-25 19:00:00,187.18
2007-11-25 20:00:00,225.07
2007-11-25 21:00:00,96.46
2007-11-25 22:00:00,62.67
2007-11-25 23:00:00,17.36
2007-11-26 00:00:00,18.41
2007-11-26 01:00:00,16.05
2007-11-26 02:00:00,18.43
2007-11-26 03:00:00,18.68
2007-11-26 04:00:00,55.01
2007-11-26 05:00:00,16.55
2007-11-26 06:00:00,27.56
2007-11-26 07:00:00,150.14
2007-11-26 08:00:00,97.39
2007-11-26 09:00:00,91.52
2007-11-26 10:00:00,92.40
2007-11-26 11:00:00,39.66
2007-11-26 12:00:00,102.08
2007-11-26 13:00:00,86.42
2007-11-26 14:00:00,33.18
2007-11-26 15:00:00,19.36
2007-11-26 16:00:00,16.05
2007-11-26 17:00:00,25.97
2007-11-26 18:00:00,49.79
2007-11-26 19:00:00,171.10
2007-11-26 20:00:00,196.25
2007-11-26 21:00:00,116.06
2007-11-26 22:00:00,93.80
2007-11-26 23:00:00,17.87
2007-11-27 00:00:00,51.96
2007-11-27 01:00:00,17.18
2007-11-27 02:00:00,18.14
2007-11-27 03:00:00,17.06
2007-11-27 04:00:00,17.39
2007-11-27 05:00:00,17.36
2007-11-27 06:00:00,107.00
2007-11-27 07:00:00,176.98
2007-11-27 08:00:00,176.77
2007-11-27 09:00:00,97.63
2007-11-27 10:00:00,243.82
2007-11-27 11:00:00,258.66
2007-11-27 12:00:00,179.39
2007-11-27 13:00:00,207.89
2007-11-27 14:00:00,135.45
2007-11-27 15:00:00,86.74
2007-11-27 16:00:00,86.76
2007-11-27 17:00:00,65.29
2007-11-27 18:00:00,140.70
2007-11-27 19:00:00,133.87
2007-11-27 20:00:00,150.77
2007-11-27 21:00:00,116.16
2007-11-27 22:00:00,203.94
2007-11-27 23:00:00,94.11
2007-11-28 00:00:00,30.49
2007-11-28 01:00:00,22.15
2007-11-28 02:00:00,21.05
2007-11-28 03:00:00,21.91
2007-11-28 04:00:00,20.94
2007-11-28 05:00:00,21.77
2007-11-28 06:00:00,59.88
2007-11-28 07:00:00,167.70
2007-11-28 08:00:00,101.69
2007-11-28 09:00:00,125.57
2007-11-28 10:00:00,119.37
2007-11-28 11:00:00,84.26
2007-11-28 12:00:00,42.69
2007-11-28 13:00:00,23.64
2007-11-28 14:00:00,21.98
2007-11-28 15:00:00,23.49
2007-11-28 16:00:00,20.71
2007-11-28 17:00:00,63.67
2007-11-28 18:00:00,114.64
2007-11-28 19:00:00,126.10
2007-11-28 20:00:00,151.55
2007-11-28 21:00:00,157.02
2007-11-28 22:00:00,83.25
2007-11-28 23:00:00,19.43
2007-11-29 00:00:00,17.70
2007-11-29 01:00:00,17.11
2007-11-29 02:00:00,17.96
2007-11-29 03:00:00,17.14
2007-11-29 04:00:00,16.91
2007-11-29 05:00:00,31.92
2007-11-29 06:00:00,42.51
2007-11-29 07:00:00,174.68
2007-11-29 08:00:00,171.93
2007-11-29 09:00:00,130.47
2007-11-29 10:00:00,97.19
2007-11-29 11:00:00,95.36
2007-11-29 12:00:00,89.20
2007-11-29 13:00:00,77.93
2007-11-29 14:00:00,28.50
2007-11-29 15:00:00,16.93
2007-11-29 16:00:00,18.54
2007-11-29 17:00:00,43.70
2007-11-29 18:00:00,67.01
2007-11-29 19:00:00,98.52
2007-11-29 20:00:00,147.85
2007-11-29 21:00:00,190.74
2007-11-29 22:00:00,75.56
2007-11-29 23:00:00,34.09
2007-11-30 00:00:00,29.89
2007-11-30 01:00:00,75.53
2007-11-30 02:00:00,27.75
2007-11-30 03:00:00,27.31
2007-11-30 04:00:00,27.41
2007-11-30 05:00:00,26.71
2007-11-30 06:00:00,89.71
2007-11-30 07:00:00,134.30
2007-11-30 08:00:00,138.55
2007-11-30 09:00:00,118.10
2007-11-30 10:00:00,102.00
2007-11-30 11:00:00,96.38
2007-11-30 12:00:00,162.09
2007-11-30 13:00:00,273.79
2007-11-30 14:00:00,185.44
2007-11-30 15:00:00,163.87
2007-11-30 16:00:00,88.03
2007-11-30 17:00:00,35.37
2007-11-30 18:00:00,148.66
2007-11-30 19:00:00,115.11
2007-11-30 20:00:00,138.55
2007-11-30 21:00:00,58.14
2007-11-30 22:00:00,47.60
2007-11-30 23:00:00,21.44
2007-12-01 00:00:00,26.40
2007-12-01 01:00:00,23.55
2007-12-01 02:00:00,16.38
2007-12-01 03:00:00,20.21
2007-12-01 04:00:00,54.20
2007-12-01 05:00:00,16.14
2007-12-01 06:00:00,18.55
2007-12-01 07:00:00,83.11
2007-12-01 08:00:00,135.06
2007-12-01 09:00:00,116.71
2007-12-01 10:00:00,180.40
2007-12-01 11:00:00,189.38
2007-12-01 12:00:00,167.89
2007-12-01 13:00:00,165.04
2007-12-01 14:00:00,114.96
2007-12-01 15:00:00,147.66
2007-12-01 16:00:00,98.80
2007-12-01 17:00:00,220.19
2007-12-01 18:00:00,252.60
2007-12-01 19:00:00,176.91
2007-12-01 20:00:00,217.26
2007-12-01 21:00:00,308.37
2007-12-01 22:00:00,220.17
2007-12-01 23:00:00,164.99
2007-12-02 00:00:00,110.46
2007-12-02 01:00:00,153.55
2007-12-02 02:00:00,124.86
2007-12-02 03:00:00,78.76
2007-12-02 04:00:00,68.31
2007-12-02 05:00:00,69.36
2007-12-02 06:00:00,34.62
2007-12-02 07:00:00,14.78
2007-12-02 08:00:00,62.89
2007-12-02 09:00:00,53.36
2007-12-02 10:00:00,53.64
2007-12-02 11:00:00,115.95
2007-12-02 12:00:00,184.57
2007-12-02 13:00:00,216.27
2007-12-02 14:00:00,228.62
2007-12-02 15:00:00,264.61
2007-12-02 16:00:00,246.62
2007-12-02 17:00:00,122.02
2007-12-02 18:00:00,141.72
2007-12-02 19:00:00,167.11
2007-12-02 20:00:00,128.10
2007-12-02 21:00:00,205.22
2007-12-02 22:00:00,71.79
2007-12-02 23:00:00,28.99
2007-12-03 00:00:00,28.72
2007-12-03 01:00:00,27.37
2007-12-03 02:00:00,28.17
2007-12-03 03:00:00,29.33
2007-12-03 04:00:00,26.06
2007-12-03 05:00:00,66.80
2007-12-03 06:00:00,100.18
2007-12-03 07:00:00,123.57
2007-12-03 08:00:00,125.47
2007-12-03 09:00:00,112.56
2007-12-03 10:00:00,81.44
2007-12-03 11:00:00,81.26
2007-12-03 12:00:00,51.70
2007-12-03 13:00:00,17.28
2007-12-03 14:00:00,18.16
2007-12-03 15:00:00,17.47
2007-12-03 16:00:00,18.62
2007-12-03 17:00:00,42.40
2007-12-03 18:00:00,87.10
2007-12-03 19:00:00,189.70
2007-12-03 20:00:00,170.33
2007-12-03 21:00:00,116.89
2007-12-03 22:00:00,115.92
2007-12-03 23:00:00,85.56
2007-12-04 00:00:00,76.95
2007-12-04 01:00:00,17.09
2007-12-04 02:00:00,18.19
2007-12-04 03:00:00,16.75
2007-12-04 04:00:00,17.97
2007-12-04 05:00:00,17.55
2007-12-04 06:00:00,95.82
2007-12-04 07:00:00,146.51
2007-12-04 08:00:00,86.73
2007-12-04 09:00:00,42.07
2007-12-04 10:00:00,18.14
2007-12-04 11:00:00,104.71
2007-12-04 12:00:00,243.24
2007-12-04 13:00:00,188.75
2007-12-04 14:00:00,84.04
2007-12-04 15:00:00,44.17
2007-12-04 16:00:00,22.57
2007-12-04 17:00:00,28.09
2007-12-04 18:00:00,94.66
2007-12-04 19:00:00,101.54
2007-12-04 20:00:00,149.51
2007-12-04 21:00:00,303.96
2007-12-04 22:00:00,106.10
2007-12-04 23:00:00,42.53
2007-12-05 00:00:00,31.19
2007-12-05 01:00:00,28.41
2007-12-05 02:00:00,28.32
2007-12-05 03:00:00,27.76
2007-12-05 04:00:00,28.20
2007-12-05 05:00:00,62.45
2007-12-05 06:00:00,91.10
2007-12-05 07:00:00,137.46
2007-12-05 08:00:00,100.89
2007-12-05 09:00:00,80.37
2007-12-05 10:00:00,84.10
2007-12-05 11:00:00,182.75
2007-12-05 12:00:00,132.91
2007-12-05 13:00:00,86.76
2007-12-05 14:00:00,86.74
2007-12-05 15:00:00,29.67
2007-12-05 16:00:00,34.55
2007-12-05 17:00:00,43.06
2007-12-05 18:00:00,117.64
2007-12-05 19:00:00,256.96
2007-12-05 20:00:00,175.20
2007-12-05 21:00:00,206.43
2007-12-05 22:00:00,70.39
2007-12-05 23:00:00,29.81
2007-12-06 00:00:00,29.97
2007-12-06 01:00:00,26.79
2007-12-06 02:00:00,29.98
2007-12-06 03:00:00,27.88
2007-12-06 04:00:00,27.33
2007-12-06 05:00:00,32.81
2007-12-06 06:00:00,124.46
2007-12-06 07:00:00,135.49
2007-12-06 08:00:00,166.98
2007-12-06 09:00:00,135.59
2007-12-06 10:00:00,103.20
2007-12-06 11:00:00,94.46
2007-12-06 12:00:00,91.71
2007-12-06 13:00:00,89.95
2007-12-06 14:00:00,100.50
2007-12-06 15:00:00,51.77
2007-12-06 16:00:00,16.18
2007-12-06 17:00:00,102.53
2007-12-06 18:00:00,105.88
2007-12-06 19:00:00,154.19
2007-12-06 20:00:00,284.34
2007-12-06 21:00:00,176.11
2007-12-06 22:00:00,218.52
2007-12-06 23:00:00,161.32
2007-12-07 00:00:00,59.07
2007-12-07 01:00:00,43.21
2007-12-07 02:00:00,34.80
2007-12-07 03:00:00,19.59
2007-12-07 04:00:00,17.53
2007-12-07 05:00:00,17.44
2007-12-07 06:00:00,35.99
2007-12-07 07:00:00,140.68
2007-12-07 08:00:00,129.11
2007-12-07 09:00:00,83.30
2007-12-07 10:00:00,80.21
2007-12-07 11:00:00,81.55
2007-12-07 12:00:00,152.23
2007-12-07 13:00:00,209.69
2007-12-07 14:00:00,138.68
2007-12-07 15:00:00,76.37
2007-12-07 16:00:00,51.76
2007-12-07 17:00:00,100.83
2007-12-07 18:00:00,78.02
2007-12-07 19:00:00,78.12
2007-12-07 20:00:00,42.15
2007-12-07 21:00:00,18.46
2007-12-07 22:00:00,24.52
2007-12-07 23:00:00,55.71
2007-12-08 00:00:00,21.51
2007-12-08 01:00:00,16.22
2007-12-08 02:00:00,19.35
2007-12-08 03:00:00,54.11
2007-12-08 04:00:00,16.89
2007-12-08 05:00:00,18.21
2007-12-08 06:00:00,17.15
2007-12-08 07:00:00,71.65
2007-12-08 08:00:00,157.86
2007-12-08 09:00:00,117.70
2007-12-08 10:00:00,107.35
2007-12-08 11:00:00,108.24
2007-12-08 12:00:00,121.54
2007-12-08 13:00:00,51.41
2007-12-08 14:00:00,44.80
2007-12-08 15:00:00,137.60
2007-12-08 16:00:00,81.84
2007-12-08 17:00:00,78.49
2007-12-08 18:00:00,233.72
2007-12-08 19:00:00,200.70
2007-12-08 20:00:00,312.78
2007-12-08 21:00:00,96.21
2007-12-08 22:00:00,88.58
2007-12-08 23:00:00,39.47
2007-12-09 00:00:00,24.06
2007-12-09 01:00:00,21.90
2007-12-09 02:00:00,35.49
2007-12-09 03:00:00,18.40
2007-12-09 04:00:00,16.86
2007-12-09 05:00:00,18.93
2007-12-09 06:00:00,17.61
2007-12-09 07:00:00,52.25
2007-12-09 08:00:00,45.48
2007-12-09 09:00:00,24.45
2007-12-09 10:00:00,52.86
2007-12-09 11:00:00,122.27
2007-12-09 12:00:00,35.91
2007-12-09 13:00:00,102.74
2007-12-09 14:00:00,143.61
2007-12-09 15:00:00,120.15
2007-12-09 16:00:00,288.49
2007-12-09 17:00:00,233.89
2007-12-09 18:00:00,252.31
2007-12-09 19:00:00,276.67
2007-12-09 20:00:00,218.99
2007-12-09 21:00:00,96.00
2007-12-09 22:00:00,37.67
2007-12-09 23:00:00,17.61
2007-12-10 00:00:00,17.61
2007-12-10 01:00:00,17.72
2007-12-10 02:00:00,17.10
2007-12-10 03:00:00,18.57
2007-12-10 04:00:00,44.62
2007-12-10 05:00:00,18.42
2007-12-10 06:00:00,48.14
2007-12-10 07:00:00,192.98
2007-12-10 08:00:00,108.73
2007-12-10 09:00:00,91.21
2007-12-10 10:00:00,91.33
2007-12-10 11:00:00,91.37
2007-12-10 12:00:00,61.96
2007-12-10 13:00:00,27.99
2007-12-10 14:00:00,27.25
2007-12-10 15:00:00,28.18
2007-12-10 16:00:00,27.32
2007-12-10 17:00:00,84.39
2007-12-10 18:00:00,189.24
2007-12-10 19:00:00,137.93
2007-12-10 20:00:00,155.07
2007-12-10 21:00:00,183.87
2007-12-10 22:00:00,53.63
2007-12-10 23:00:00,24.13
2007-12-11 00:00:00,17.17
2007-12-11 01:00:00,17.76
2007-12-11 02:00:00,15.75
2007-12-11 03:00:00,19.11
2007-12-11 04:00:00,52.88
2007-12-11 05:00:00,16.65
2007-12-11 06:00:00,36.96
2007-12-11 07:00:00,90.88
2007-12-11 08:00:00,147.33
2007-12-11 09:00:00,90.62
2007-12-11 10:00:00,90.19
2007-12-11 11:00:00,90.49
2007-12-11 12:00:00,89.59
2007-12-11 13:00:00,194.40
2007-12-11 14:00:00,175.34
2007-12-11 15:00:00,97.09
2007-12-11 16:00:00,126.58
2007-12-11 17:00:00,141.59
2007-12-11 18:00:00,142.60
2007-12-11 19:00:00,159.74
2007-12-11 20:00:00,181.76
2007-12-11 21:00:00,155.43
2007-12-11 22:00:00,109.94
2007-12-11 23:00:00,45.28
2007-12-12 00:00:00,16.11
2007-12-12 01:00:00,17.44
2007-12-12 02:00:00,16.10
2007-12-12 03:00:00,17.40
2007-12-12 04:00:00,16.29
2007-12-12 05:00:00,16.65
2007-12-12 06:00:00,57.96
2007-12-12 07:00:00,146.99
2007-12-12 08:00:00,102.15
2007-12-12 09:00:00,95.73
2007-12-12 10:00:00,76.18
2007-12-12 11:00:00,31.81
2007-12-12 12:00:00,32.94
2007-12-12 13:00:00,39.67
2007-12-12 14:00:00,61.76
2007-12-12 15:00:00,65.83
2007-12-12 16:00:00,92.68
2007-12-12 17:00:00,53.15
2007-12-12 18:00:00,144.42
2007-12-12 19:00:00,177.56
2007-12-12 20:00:00,113.81
2007-12-12 21:00:00,123.61
2007-12-12 22:00:00,55.07
2007-12-12 23:00:00,16.76
2007-12-13 00:00:00,19.49
2007-12-13 01:00:00,15.47
2007-12-13 02:00:00,18.11
2007-12-13 03:00:00,17.36
2007-12-13 04:00:00,16.71
2007-12-13 05:00:00,44.52
2007-12-13 06:00:00,36.99
2007-12-13 07:00:00,106.25
2007-12-13 08:00:00,145.44
2007-12-13 09:00:00,117.57
2007-12-13 10:00:00,86.03
2007-12-13 11:00:00,92.05
2007-12-13 12:00:00,90.38
2007-12-13 13:00:00,94.12
2007-12-13 14:00:00,29.34
2007-12-13 15:00:00,34.44
2007-12-13 16:00:00,29.66
2007-12-13 17:00:00,68.45
2007-12-13 18:00:00,115.99
2007-12-13 19:00:00,160.24
2007-12-13 20:00:00,248.56
2007-12-13 21:00:00,162.02
2007-12-13 22:00:00,68.34
2007-12-13 23:00:00,30.23
2007-12-14 00:00:00,19.95
2007-12-14 01:00:00,17.82
2007-12-14 02:00:00,18.36
2007-12-14 03:00:00,16.83
2007-12-14 04:00:00,27.08
2007-12-14 05:00:00,48.76
2007-12-14 06:00:00,48.70
2007-12-14 07:00:00,157.83
2007-12-14 08:00:00,122.51
2007-12-14 09:00:00,81.46
2007-12-14 10:00:00,81.10
2007-12-14 11:00:00,79.06
2007-12-14 12:00:00,265.82
2007-12-14 13:00:00,205.46
2007-12-14 14:00:00,109.54
2007-12-14 15:00:00,101.10
2007-12-14 16:00:00,96.22
2007-12-14 17:00:00,91.40
2007-12-14 18:00:00,106.87
2007-12-14 19:00:00,101.31
2007-12-14 20:00:00,63.49
2007-12-14 21:00:00,32.83
2007-12-14 22:00:00,39.61
2007-12-14 23:00:00,41.69
2007-12-15 00:00:00,56.77
2007-12-15 01:00:00,53.19
2007-12-15 02:00:00,16.72
2007-12-15 03:00:00,18.02
2007-12-15 04:00:00,16.80
2007-12-15 05:00:00,17.21
2007-12-15 06:00:00,17.58
2007-12-15 07:00:00,89.72
2007-12-15 08:00:00,166.75
2007-12-15 09:00:00,88.53
2007-12-15 10:00:00,170.57
2007-12-15 11:00:00,194.94
2007-12-15 12:00:00,89.15
2007-12-15 13:00:00,73.01
2007-12-15 14:00:00,176.22
2007-12-15 15:00:00,86.70
2007-12-15 16:00:00,140.60
2007-12-15 17:00:00,259.98
2007-12-15 18:00:00,244.00
2007-12-15 19:00:00,192.00
2007-12-15 20:00:00,212.81
2007-12-15 21:00:00,148.46
2007-12-15 22:00:00,99.95
2007-12-15 23:00:00,107.19
2007-12-16 00:00:00,67.01
2007-12-16 01:00:00,66.18
2007-12-16 02:00:00,67.42
2007-12-16 03:00:00,74.13
2007-12-16 04:00:00,112.15
2007-12-16 05:00:00,67.80
2007-12-16 06:00:00,56.16
2007-12-16 07:00:00,52.36
2007-12-16 08:00:00,74.96
2007-12-16 09:00:00,76.76
2007-12-16 10:00:00,196.86
2007-12-16 11:00:00,128.57
2007-12-16 12:00:00,273.70
2007-12-16 13:00:00,170.39
2007-12-16 14:00:00,148.02
2007-12-16 15:00:00,146.49
2007-12-16 16:00:00,98.10
2007-12-16 17:00:00,148.50
2007-12-16 18:00:00,157.60
2007-12-16 19:00:00,170.05
2007-12-16 20:00:00,226.03
2007-12-16 21:00:00,141.67
2007-12-16 22:00:00,24.88
2007-12-16 23:00:00,16.43
2007-12-17 00:00:00,17.22
2007-12-17 01:00:00,16.02
2007-12-17 02:00:00,16.91
2007-12-17 03:00:00,16.44
2007-12-17 04:00:00,16.45
2007-12-17 05:00:00,26.67
2007-12-17 06:00:00,78.02
2007-12-17 07:00:00,178.93
2007-12-17 08:00:00,116.48
2007-12-17 09:00:00,80.05
2007-12-17 10:00:00,79.72
2007-12-17 11:00:00,79.07
2007-12-17 12:00:00,82.67
2007-12-17 13:00:00,80.11
2007-12-17 14:00:00,29.83
2007-12-17 15:00:00,19.04
2007-12-17 16:00:00,15.57
2007-12-17 17:00:00,27.97
2007-12-17 18:00:00,149.07
2007-12-17 19:00:00,212.41
2007-12-17 20:00:00,240.66
2007-12-17 21:00:00,145.12
2007-12-17 22:00:00,56.96
2007-12-17 23:00:00,17.05
2007-12-18 00:00:00,39.14
2007-12-18 01:00:00,32.07
2007-12-18 02:00:00,16.67
2007-12-18 03:00:00,16.34
2007-12-18 04:00:00,16.26
2007-12-18 05:00:00,16.91
2007-12-18 06:00:00,44.75
2007-12-18 07:00:00,147.61
2007-12-18 08:00:00,133.85
2007-12-18 09:00:00,117.86
2007-12-18 10:00:00,83.87
2007-12-18 11:00:00,132.65
2007-12-18 12:00:00,270.87
2007-12-18 13:00:00,206.56
2007-12-18 14:00:00,208.98
2007-12-18 15:00:00,139.40
2007-12-18 16:00:00,33.27
2007-12-18 17:00:00,76.23
2007-12-18 18:00:00,165.63
2007-12-18 19:00:00,142.66
2007-12-18 20:00:00,153.38
2007-12-18 21:00:00,235.76
2007-12-18 22:00:00,99.50
2007-12-18 23:00:00,92.98
2007-12-19 00:00:00,68.52
2007-12-19 01:00:00,16.24
2007-12-19 02:00:00,16.36
2007-12-19 03:00:00,16.60
2007-12-19 04:00:00,16.87
2007-12-19 05:00:00,15.88
2007-12-19 06:00:00,62.33
2007-12-19 07:00:00,168.15
2007-12-19 08:00:00,140.27
2007-12-19 09:00:00,86.21
2007-12-19 10:00:00,80.34
2007-12-19 11:00:00,96.09
2007-12-19 12:00:00,112.24
2007-12-19 13:00:00,102.25
2007-12-19 14:00:00,104.71
2007-12-19 15:00:00,95.68
2007-12-19 16:00:00,29.87
2007-12-19 17:00:00,119.66
2007-12-19 18:00:00,146.46
2007-12-19 19:00:00,169.92
2007-12-19 20:00:00,157.20
2007-12-19 21:00:00,218.08
2007-12-19 22:00:00,117.41
2007-12-19 23:00:00,38.71
2007-12-20 00:00:00,54.62
2007-12-20 01:00:00,21.12
2007-12-20 02:00:00,17.78
2007-12-20 03:00:00,16.66
2007-12-20 04:00:00,16.56
2007-12-20 05:00:00,17.73
2007-12-20 06:00:00,64.28
2007-12-20 07:00:00,61.06
2007-12-20 08:00:00,123.17
2007-12-20 09:00:00,83.45
2007-12-20 10:00:00,82.09
2007-12-20 11:00:00,88.11
2007-12-20 12:00:00,117.10
2007-12-20 13:00:00,126.02
2007-12-20 14:00:00,131.88
2007-12-20 15:00:00,103.39
2007-12-20 16:00:00,90.83
2007-12-20 17:00:00,114.52
2007-12-20 18:00:00,121.77
2007-12-20 19:00:00,160.57
2007-12-20 20:00:00,178.09
2007-12-20 21:00:00,99.30
2007-12-20 22:00:00,41.73
2007-12-20 23:00:00,17.95
2007-12-21 00:00:00,17.31
2007-12-21 01:00:00,18.26
2007-12-21 02:00:00,17.52
2007-12-21 03:00:00,26.83
2007-12-21 04:00:00,48.05
2007-12-21 05:00:00,15.74
2007-12-21 06:00:00,69.50
2007-12-21 07:00:00,128.94
2007-12-21 08:00:00,171.83
2007-12-21 09:00:00,87.57
2007-12-21 10:00:00,111.82
2007-12-21 11:00:00,80.24
2007-12-21 12:00:00,80.72
2007-12-21 13:00:00,90.05
2007-12-21 14:00:00,100.91
2007-12-21 15:00:00,84.94
2007-12-21 16:00:00,66.21
2007-12-21 17:00:00,102.78
2007-12-21 18:00:00,146.07
2007-12-21 19:00:00,168.81
2007-12-21 20:00:00,187.35
2007-12-21 21:00:00,112.96
2007-12-21 22:00:00,28.73
2007-12-21 23:00:00,19.42
2007-12-22 00:00:00,16.22
2007-12-22 01:00:00,33.95
2007-12-22 02:00:00,36.02
2007-12-22 03:00:00,16.26
2007-12-22 04:00:00,53.77
2007-12-22 05:00:00,17.06
2007-12-22 06:00:00,44.05
2007-12-22 07:00:00,47.67
2007-12-22 08:00:00,150.15
2007-12-22 09:00:00,101.59
2007-12-22 10:00:00,108.54
2007-12-22 11:00:00,82.17
2007-12-22 12:00:00,115.27
2007-12-22 13:00:00,104.30
2007-12-22 14:00:00,254.71
2007-12-22 15:00:00,122.76
2007-12-22 16:00:00,85.79
2007-12-22 17:00:00,77.35
2007-12-22 18:00:00,106.72
2007-12-22 19:00:00,167.16
2007-12-22 20:00:00,295.53
2007-12-22 21:00:00,221.06
2007-12-22 22:00:00,248.48
2007-12-22 23:00:00,104.68
2007-12-23 00:00:00,50.83
2007-12-23 01:00:00,42.54
2007-12-23 02:00:00,41.52
2007-12-23 03:00:00,42.14
2007-12-23 04:00:00,42.49
2007-12-23 05:00:00,67.29
2007-12-23 06:00:00,20.71
2007-12-23 07:00:00,30.53
2007-12-23 08:00:00,170.18
2007-12-23 09:00:00,88.58
2007-12-23 10:00:00,91.65
2007-12-23 11:00:00,91.95
2007-12-23 12:00:00,50.65
2007-12-23 13:00:00,46.56
2007-12-23 14:00:00,96.08
2007-12-23 15:00:00,108.45
2007-12-23 16:00:00,53.54
2007-12-23 17:00:00,157.84
2007-12-23 18:00:00,187.60
2007-12-23 19:00:00,389.28
2007-12-23 20:00:00,194.47
2007-12-23 21:00:00,137.24
2007-12-23 22:00:00,102.86
2007-12-23 23:00:00,104.08
2007-12-24 00:00:00,86.49
2007-12-24 01:00:00,69.40
2007-12-24 02:00:00,17.79
2007-12-24 03:00:00,18.43
2007-12-24 04:00:00,17.82
2007-12-24 05:00:00,17.87
2007-12-24 06:00:00,16.27
2007-12-24 07:00:00,39.39
2007-12-24 08:00:00,143.43
2007-12-24 09:00:00,222.98
2007-12-24 10:00:00,73.63
2007-12-24 11:00:00,117.57
2007-12-24 12:00:00,190.57
2007-12-24 13:00:00,117.85
2007-12-24 14:00:00,146.20
2007-12-24 15:00:00,141.32
2007-12-24 16:00:00,89.74
2007-12-24 17:00:00,239.69
2007-12-24 18:00:00,110.59
2007-12-24 19:00:00,91.44
2007-12-24 20:00:00,92.45
2007-12-24 21:00:00,90.61
2007-12-24 22:00:00,60.89
2007-12-24 23:00:00,45.45
2007-12-25 00:00:00,59.58
2007-12-25 01:00:00,27.14
2007-12-25 02:00:00,19.45
2007-12-25 03:00:00,20.36
2007-12-25 04:00:00,17.87
2007-12-25 05:00:00,16.64
2007-12-25 06:00:00,48.93
2007-12-25 07:00:00,38.04
2007-12-25 08:00:00,97.16
2007-12-25 09:00:00,53.57
2007-12-25 10:00:00,123.10
2007-12-25 11:00:00,151.19
2007-12-25 12:00:00,160.20
2007-12-25 13:00:00,234.95
2007-12-25 14:00:00,148.70
2007-12-25 15:00:00,129.56
2007-12-25 16:00:00,170.27
2007-12-25 17:00:00,82.84
2007-12-25 18:00:00,108.74
2007-12-25 19:00:00,121.12
2007-12-25 20:00:00,171.60
2007-12-25 21:00:00,180.59
2007-12-25 22:00:00,275.85
2007-12-25 23:00:00,237.52
2007-12-26 00:00:00,86.34
2007-12-26 01:00:00,70.27
2007-12-26 02:00:00,74.08
2007-12-26 03:00:00,75.73
2007-12-26 04:00:00,81.44
2007-12-26 05:00:00,83.75
2007-12-26 06:00:00,80.83
2007-12-26 07:00:00,119.79
2007-12-26 08:00:00,163.50
2007-12-26 09:00:00,145.75
2007-12-26 10:00:00,89.45
2007-12-26 11:00:00,110.87
2007-12-26 12:00:00,156.96
2007-12-26 13:00:00,157.89
2007-12-26 14:00:00,238.86
2007-12-26 15:00:00,174.31
2007-12-26 16:00:00,145.27
2007-12-26 17:00:00,181.85
2007-12-26 18:00:00,148.33
2007-12-26 19:00:00,56.78
2007-12-26 20:00:00,25.31
2007-12-26 21:00:00,22.38
2007-12-26 22:00:00,35.03
2007-12-26 23:00:00,55.50
2007-12-27 00:00:00,17.43
2007-12-27 01:00:00,27.92
2007-12-27 02:00:00,49.74
2007-12-27 03:00:00,17.15
2007-12-27 04:00:00,20.71
2007-12-27 05:00:00,17.20
2007-12-27 06:00:00,18.74
2007-12-27 07:00:00,66.37
2007-12-27 08:00:00,79.92
2007-12-27 09:00:00,76.57
2007-12-27 10:00:00,136.11
2007-12-27 11:00:00,87.40
2007-12-27 12:00:00,77.61
2007-12-27 13:00:00,111.49
2007-12-27 14:00:00,117.60
2007-12-27 15:00:00,176.69
2007-12-27 16:00:00,107.86
2007-12-27 17:00:00,149.92
2007-12-27 18:00:00,191.82
2007-12-27 19:00:00,310.51
2007-12-27 20:00:00,208.08
2007-12-27 21:00:00,152.74
2007-12-27 22:00:00,207.23
2007-12-27 23:00:00,105.36
2007-12-28 00:00:00,23.52
2007-12-28 01:00:00,21.14
2007-12-28 02:00:00,19.05
2007-12-28 03:00:00,20.15
2007-12-28 04:00:00,17.64
2007-12-28 05:00:00,21.04
2007-12-28 06:00:00,49.74
2007-12-28 07:00:00,18.34
2007-12-28 08:00:00,69.12
2007-12-28 09:00:00,87.20
2007-12-28 10:00:00,125.61
2007-12-28 11:00:00,98.59
2007-12-28 12:00:00,100.64
2007-12-28 13:00:00,111.18
2007-12-28 14:00:00,147.81
2007-12-28 15:00:00,301.51
2007-12-28 16:00:00,308.27
2007-12-28 17:00:00,380.02
2007-12-28 18:00:00,223.97
2007-12-28 19:00:00,151.19
2007-12-28 20:00:00,191.07
2007-12-28 21:00:00,180.11
2007-12-28 22:00:00,235.96
2007-12-28 23:00:00,210.16
2007-12-29 00:00:00,236.90
2007-12-29 01:00:00,146.14
2007-12-29 02:00:00,149.57
2007-12-29 03:00:00,142.08
2007-12-29 04:00:00,83.93
2007-12-29 05:00:00,82.28
2007-12-29 06:00:00,78.03
2007-12-29 07:00:00,67.32
2007-12-29 08:00:00,101.22
2007-12-29 09:00:00,101.71
2007-12-29 10:00:00,214.04
2007-12-29 11:00:00,113.17
2007-12-29 12:00:00,104.21
2007-12-29 13:00:00,156.98
2007-12-29 14:00:00,126.91
2007-12-29 15:00:00,91.56
2007-12-29 16:00:00,158.99
2007-12-29 17:00:00,96.37
2007-12-29 18:00:00,197.90
2007-12-29 19:00:00,313.60
2007-12-29 20:00:00,145.29
2007-12-29 21:00:00,194.23
2007-12-29 22:00:00,147.72
2007-12-29 23:00:00,48.81
2007-12-30 00:00:00,31.81
2007-12-30 01:00:00,29.35
2007-12-30 02:00:00,31.46
2007-12-30 03:00:00,29.68
2007-12-30 04:00:00,16.75
2007-12-30 05:00:00,30.56
2007-12-30 06:00:00,36.84
2007-12-30 07:00:00,16.76
2007-12-30 08:00:00,107.81
2007-12-30 09:00:00,86.22
2007-12-30 10:00:00,81.96
2007-12-30 11:00:00,23.87
2007-12-30 12:00:00,93.73
2007-12-30 13:00:00,182.94
2007-12-30 14:00:00,248.33
2007-12-30 15:00:00,139.17
2007-12-30 16:00:00,154.32
2007-12-30 17:00:00,155.33
2007-12-30 18:00:00,296.52
2007-12-30 19:00:00,171.12
2007-12-30 20:00:00,166.76
2007-12-30 21:00:00,195.91
2007-12-30 22:00:00,170.40
2007-12-30 23:00:00,61.32
2007-12-31 00:00:00,19.62
2007-12-31 01:00:00,18.23
2007-12-31 02:00:00,18.30
2007-12-31 03:00:00,17.32
2007-12-31 04:00:00,18.78
2007-12-31 05:00:00,17.37
2007-12-31 06:00:00,39.02
2007-12-31 07:00:00,40.61
2007-12-31 08:00:00,41.09
2007-12-31 09:00:00,73.21
2007-12-31 10:00:00,128.29
2007-12-31 11:00:00,171.52
2007-12-31 12:00:00,229.39
2007-12-31 13:00:00,90.39
2007-12-31 14:00:00,93.20
2007-12-31 15:00:00,95.74
2007-12-31 16:00:00,140.89
2007-12-31 17:00:00,171.47
2007-12-31 18:00:00,200.65
2007-12-31 19:00:00,187.22
2007-12-31 20:00:00,116.31
2007-12-31 21:00:00,94.10
2007-12-31 22:00:00,96.82
2007-12-31 23:00:00,97.00
2008-01-01 00:00:00,95.82
2008-01-01 01:00:00,97.17
2008-01-01 02:00:00,148.42
2008-01-01 03:00:00,163.87
2008-01-01 04:00:00,145.87
2008-01-01 05:00:00,148.78
2008-01-01 06:00:00,101.41
2008-01-01 07:00:00,79.93
2008-01-01 08:00:00,82.51
2008-01-01 09:00:00,63.05
2008-01-01 10:00:00,35.15
2008-01-01 11:00:00,159.11
2008-01-01 12:00:00,123.61
2008-01-01 13:00:00,176.87
2008-01-01 14:00:00,109.16
2008-01-01 15:00:00,62.95
2008-01-01 16:00:00,50.75
2008-01-01 17:00:00,124.03
2008-01-01 18:00:00,172.82
2008-01-01 19:00:00,180.43
2008-01-01 20:00:00,172.39
2008-01-01 21:00:00,162.29
2008-01-01 22:00:00,79.59
2008-01-01 23:00:00,23.75
2008-01-02 00:00:00,22.70
2008-01-02 01:00:00,21.31
2008-01-02 02:00:00,19.53
2008-01-02 03:00:00,22.03
2008-01-02 04:00:00,52.16
2008-01-02 05:00:00,21.80
2008-01-02 06:00:00,67.90
2008-01-02 07:00:00,128.45
2008-01-02 08:00:00,97.59
2008-01-02 09:00:00,91.81
2008-01-02 10:00:00,97.24
2008-01-02 11:00:00,90.47
2008-01-02 12:00:00,82.97
2008-01-02 13:00:00,86.46
2008-01-02 14:00:00,57.86
2008-01-02 15:00:00,24.50
2008-01-02 16:00:00,23.11
2008-01-02 17:00:00,32.60
2008-01-02 18:00:00,68.25
2008-01-02 19:00:00,101.24
2008-01-02 20:00:00,77.79
2008-01-02 21:00:00,91.55
2008-01-02 22:00:00,135.79
2008-01-02 23:00:00,129.00
2008-01-03 00:00:00,26.56
2008-01-03 01:00:00,22.52
2008-01-03 02:00:00,67.50
2008-01-03 03:00:00,21.09
2008-01-03 04:00:00,22.36
2008-01-03 05:00:00,20.18
2008-01-03 06:00:00,48.79
2008-01-03 07:00:00,52.85
2008-01-03 08:00:00,118.56
2008-01-03 09:00:00,47.87
2008-01-03 10:00:00,34.66
2008-01-03 11:00:00,105.93
2008-01-03 12:00:00,81.94
2008-01-03 13:00:00,27.69
2008-01-03 14:00:00,21.40
2008-01-03 15:00:00,39.47
2008-01-03 16:00:00,56.78
2008-01-03 17:00:00,131.76
2008-01-03 18:00:00,143.10
2008-01-03 19:00:00,135.32
2008-01-03 20:00:00,154.05
2008-01-03 21:00:00,73.24
2008-01-03 22:00:00,31.98
2008-01-03 23:00:00,24.53
2008-01-04 00:00:00,50.25
2008-01-04 01:00:00,16.05
2008-01-04 02:00:00,19.35
2008-01-04 03:00:00,17.13
2008-01-04 04:00:00,16.60
2008-01-04 05:00:00,19.79
2008-01-04 06:00:00,74.72
2008-01-04 07:00:00,174.53
2008-01-04 08:00:00,177.82
2008-01-04 09:00:00,102.83
2008-01-04 10:00:00,108.76
2008-01-04 11:00:00,89.32
2008-01-04 12:00:00,48.75
2008-01-04 13:00:00,100.02
2008-01-04 14:00:00,47.24
2008-01-04 15:00:00,195.21
2008-01-04 16:00:00,149.62
2008-01-04 17:00:00,228.84
2008-01-04 18:00:00,112.23
2008-01-04 19:00:00,106.25
2008-01-04 20:00:00,167.56
2008-01-04 21:00:00,125.67
2008-01-04 22:00:00,94.64
2008-01-04 23:00:00,48.69
2008-01-05 00:00:00,21.76
2008-01-05 01:00:00,18.28
2008-01-05 02:00:00,16.81
2008-01-05 03:00:00,35.56
2008-01-05 04:00:00,29.79
2008-01-05 05:00:00,18.49
2008-01-05 06:00:00,17.12
2008-01-05 07:00:00,17.89
2008-01-05 08:00:00,116.46
2008-01-05 09:00:00,89.58
2008-01-05 10:00:00,95.99
2008-01-05 11:00:00,85.13
2008-01-05 12:00:00,146.93
2008-01-05 13:00:00,126.43
2008-01-05 14:00:00,140.16
2008-01-05 15:00:00,115.26
2008-01-05 16:00:00,85.95
2008-01-05 17:00:00,115.59
2008-01-05 18:00:00,217.10
2008-01-05 19:00:00,188.01
2008-01-05 20:00:00,179.23
2008-01-05 21:00:00,96.82
2008-01-05 22:00:00,100.71
2008-01-05 23:00:00,108.22
2008-01-06 00:00:00,87.39
2008-01-06 01:00:00,48.95
2008-01-06 02:00:00,17.32
2008-01-06 03:00:00,17.88
2008-01-06 04:00:00,17.86
2008-01-06 05:00:00,16.41
2008-01-06 06:00:00,18.36
2008-01-06 07:00:00,16.98
2008-01-06 08:00:00,84.86
2008-01-06 09:00:00,38.59
2008-01-06 10:00:00,66.93
2008-01-06 11:00:00,48.68
2008-01-06 12:00:00,78.51
2008-01-06 13:00:00,102.80
2008-01-06 14:00:00,99.23
2008-01-06 15:00:00,105.65
2008-01-06 16:00:00,51.73
2008-01-06 17:00:00,138.29
2008-01-06 18:00:00,142.32
2008-01-06 19:00:00,217.74
2008-01-06 20:00:00,191.91
2008-01-06 21:00:00,142.78
2008-01-06 22:00:00,55.78
2008-01-06 23:00:00,18.22
2008-01-07 00:00:00,19.37
2008-01-07 01:00:00,18.96
2008-01-07 02:00:00,19.00
2008-01-07 03:00:00,17.51
2008-01-07 04:00:00,27.91
2008-01-07 05:00:00,42.40
2008-01-07 06:00:00,44.56
2008-01-07 07:00:00,156.19
2008-01-07 08:00:00,169.92
2008-01-07 09:00:00,118.09
2008-01-07 10:00:00,83.00
2008-01-07 11:00:00,81.58
2008-01-07 12:00:00,81.92
2008-01-07 13:00:00,30.32
2008-01-07 14:00:00,18.23
2008-01-07 15:00:00,16.45
2008-01-07 16:00:00,17.21
2008-01-07 17:00:00,29.21
2008-01-07 18:00:00,55.78
2008-01-07 19:00:00,117.30
2008-01-07 20:00:00,203.96
2008-01-07 21:00:00,140.36
2008-01-07 22:00:00,103.29
2008-01-07 23:00:00,83.32
2008-01-08 00:00:00,78.65
2008-01-08 01:00:00,16.22
2008-01-08 02:00:00,17.39
2008-01-08 03:00:00,17.33
2008-01-08 04:00:00,16.58
2008-01-08 05:00:00,16.77
2008-01-08 06:00:00,127.46
2008-01-08 07:00:00,159.39
2008-01-08 08:00:00,21.13
2008-01-08 09:00:00,18.89
2008-01-08 10:00:00,16.47
2008-01-08 11:00:00,66.07
2008-01-08 12:00:00,195.84
2008-01-08 13:00:00,261.90
2008-01-08 14:00:00,91.25
2008-01-08 15:00:00,88.59
2008-01-08 16:00:00,86.74
2008-01-08 17:00:00,63.58
2008-01-08 18:00:00,78.04
2008-01-08 19:00:00,111.73
2008-01-08 20:00:00,127.05
2008-01-08 21:00:00,251.97
2008-01-08 22:00:00,90.30
2008-01-08 23:00:00,24.21
2008-01-09 00:00:00,30.99
2008-01-09 01:00:00,23.33
2008-01-09 02:00:00,17.44
2008-01-09 03:00:00,17.61
2008-01-09 04:00:00,15.66
2008-01-09 05:00:00,48.96
2008-01-09 06:00:00,76.28
2008-01-09 07:00:00,145.69
2008-01-09 08:00:00,133.37
2008-01-09 09:00:00,83.32
2008-01-09 10:00:00,82.42
2008-01-09 11:00:00,93.76
2008-01-09 12:00:00,87.39
2008-01-09 13:00:00,43.88
2008-01-09 14:00:00,17.29
2008-01-09 15:00:00,21.06
2008-01-09 16:00:00,60.40
2008-01-09 17:00:00,49.04
2008-01-09 18:00:00,111.17
2008-01-09 19:00:00,144.54
2008-01-09 20:00:00,166.19
2008-01-09 21:00:00,188.53
2008-01-09 22:00:00,97.27
2008-01-09 23:00:00,32.85
2008-01-10 00:00:00,27.70
2008-01-10 01:00:00,28.62
2008-01-10 02:00:00,26.25
2008-01-10 03:00:00,28.14
2008-01-10 04:00:00,34.97
2008-01-10 05:00:00,58.66
2008-01-10 06:00:00,54.38
2008-01-10 07:00:00,129.19
2008-01-10 08:00:00,162.23
2008-01-10 09:00:00,92.46
2008-01-10 10:00:00,90.05
2008-01-10 11:00:00,91.34
2008-01-10 12:00:00,90.64
2008-01-10 13:00:00,95.38
2008-01-10 14:00:00,90.65
2008-01-10 15:00:00,54.04
2008-01-10 16:00:00,38.48
2008-01-10 17:00:00,32.68
2008-01-10 18:00:00,70.39
2008-01-10 19:00:00,144.98
2008-01-10 20:00:00,197.03
2008-01-10 21:00:00,177.38
2008-01-10 22:00:00,58.59
2008-01-10 23:00:00,19.86
2008-01-11 00:00:00,16.30
2008-01-11 01:00:00,17.68
2008-01-11 02:00:00,18.13
2008-01-11 03:00:00,16.67
2008-01-11 04:00:00,61.47
2008-01-11 05:00:00,17.50
2008-01-11 06:00:00,38.61
2008-01-11 07:00:00,56.37
2008-01-11 08:00:00,128.67
2008-01-11 09:00:00,99.58
2008-01-11 10:00:00,97.65
2008-01-11 11:00:00,91.63
2008-01-11 12:00:00,124.17
2008-01-11 13:00:00,88.48
2008-01-11 14:00:00,36.70
2008-01-11 15:00:00,36.65
2008-01-11 16:00:00,37.84
2008-01-11 17:00:00,59.93
2008-01-11 18:00:00,81.81
2008-01-11 19:00:00,86.76
2008-01-11 20:00:00,106.03
2008-01-11 21:00:00,88.88
2008-01-11 22:00:00,183.45
2008-01-11 23:00:00,114.83
2008-01-12 00:00:00,38.77
2008-01-12 01:00:00,29.06
2008-01-12 02:00:00,28.17
2008-01-12 03:00:00,29.57
2008-01-12 04:00:00,27.80
2008-01-12 05:00:00,26.41
2008-01-12 06:00:00,28.84
2008-01-12 07:00:00,112.60
2008-01-12 08:00:00,136.36
2008-01-12 09:00:00,59.26
2008-01-12 10:00:00,145.08
2008-01-12 11:00:00,173.82
2008-01-12 12:00:00,72.49
2008-01-12 13:00:00,36.65
2008-01-12 14:00:00,141.93
2008-01-12 15:00:00,96.35
2008-01-12 16:00:00,82.69
2008-01-12 17:00:00,157.53
2008-01-12 18:00:00,311.81
2008-01-12 19:00:00,219.84
2008-01-12 20:00:00,206.24
2008-01-12 21:00:00,192.97
2008-01-12 22:00:00,266.12
2008-01-12 23:00:00,251.06
2008-01-13 00:00:00,280.21
2008-01-13 01:00:00,224.84
2008-01-13 02:00:00,187.62
2008-01-13 03:00:00,146.61
2008-01-13 04:00:00,123.33
2008-01-13 05:00:00,81.00
2008-01-13 06:00:00,82.60
2008-01-13 07:00:00,80.47
2008-01-13 08:00:00,30.53
2008-01-13 09:00:00,94.27
2008-01-13 10:00:00,59.97
2008-01-13 11:00:00,108.05
2008-01-13 12:00:00,141.34
2008-01-13 13:00:00,136.87
2008-01-13 14:00:00,73.94
2008-01-13 15:00:00,31.00
2008-01-13 16:00:00,47.97
2008-01-13 17:00:00,115.35
2008-01-13 18:00:00,247.29
2008-01-13 19:00:00,228.28
2008-01-13 20:00:00,175.06
2008-01-13 21:00:00,136.98
2008-01-13 22:00:00,36.53
2008-01-13 23:00:00,15.98
2008-01-14 00:00:00,17.74
2008-01-14 01:00:00,17.46
2008-01-14 02:00:00,17.37
2008-01-14 03:00:00,40.54
2008-01-14 04:00:00,28.40
2008-01-14 05:00:00,18.70
2008-01-14 06:00:00,37.83
2008-01-14 07:00:00,124.21
2008-01-14 08:00:00,155.77
2008-01-14 09:00:00,112.60
2008-01-14 10:00:00,91.53
2008-01-14 11:00:00,89.23
2008-01-14 12:00:00,92.59
2008-01-14 13:00:00,90.01
2008-01-14 14:00:00,44.40
2008-01-14 15:00:00,28.97
2008-01-14 16:00:00,27.73
2008-01-14 17:00:00,38.19
2008-01-14 18:00:00,67.46
2008-01-14 19:00:00,180.45
2008-01-14 20:00:00,308.21
2008-01-14 21:00:00,284.71
2008-01-14 22:00:00,66.99
2008-01-14 23:00:00,43.86
2008-01-15 00:00:00,43.89
2008-01-15 01:00:00,24.61
2008-01-15 02:00:00,25.68
2008-01-15 03:00:00,23.18
2008-01-15 04:00:00,23.22
2008-01-15 05:00:00,26.85
2008-01-15 06:00:00,70.58
2008-01-15 07:00:00,144.93
2008-01-15 08:00:00,133.88
2008-01-15 09:00:00,88.86
2008-01-15 10:00:00,93.20
2008-01-15 11:00:00,159.86
2008-01-15 12:00:00,314.24
2008-01-15 13:00:00,221.29
2008-01-15 14:00:00,196.39
2008-01-15 15:00:00,128.52
2008-01-15 16:00:00,114.77
2008-01-15 17:00:00,123.79
2008-01-15 18:00:00,157.07
2008-01-15 19:00:00,101.08
2008-01-15 20:00:00,99.77
2008-01-15 21:00:00,151.54
2008-01-15 22:00:00,141.28
2008-01-15 23:00:00,78.42
2008-01-16 00:00:00,29.66
2008-01-16 01:00:00,27.42
2008-01-16 02:00:00,26.29
2008-01-16 03:00:00,27.92
2008-01-16 04:00:00,28.84
2008-01-16 05:00:00,26.68
2008-01-16 06:00:00,67.24
2008-01-16 07:00:00,153.32
2008-01-16 08:00:00,119.05
2008-01-16 09:00:00,93.79
2008-01-16 10:00:00,94.17
2008-01-16 11:00:00,113.07
2008-01-16 12:00:00,107.69
2008-01-16 13:00:00,169.74
2008-01-16 14:00:00,196.12
2008-01-16 15:00:00,47.17
2008-01-16 16:00:00,75.25
2008-01-16 17:00:00,42.39
2008-01-16 18:00:00,89.76
2008-01-16 19:00:00,119.62
2008-01-16 20:00:00,150.54
2008-01-16 21:00:00,179.69
2008-01-16 22:00:00,124.64
2008-01-16 23:00:00,25.81
2008-01-17 00:00:00,25.06
2008-01-17 01:00:00,22.45
2008-01-17 02:00:00,21.89
2008-01-17 03:00:00,23.48
2008-01-17 04:00:00,23.13
2008-01-17 05:00:00,30.55
2008-01-17 06:00:00,85.08
2008-01-17 07:00:00,63.06
2008-01-17 08:00:00,180.72
2008-01-17 09:00:00,117.85
2008-01-17 10:00:00,86.73
2008-01-17 11:00:00,84.31
2008-01-17 12:00:00,86.99
2008-01-17 13:00:00,77.74
2008-01-17 14:00:00,32.19
2008-01-17 15:00:00,27.90
2008-01-17 16:00:00,30.45
2008-01-17 17:00:00,33.93
2008-01-17 18:00:00,54.82
2008-01-17 19:00:00,133.30
2008-01-17 20:00:00,166.14
2008-01-17 21:00:00,84.86
2008-01-17 22:00:00,50.20
2008-01-17 23:00:00,29.45
2008-01-18 00:00:00,26.42
2008-01-18 01:00:00,22.08
2008-01-18 02:00:00,22.53
2008-01-18 03:00:00,25.27
2008-01-18 04:00:00,64.24
2008-01-18 05:00:00,22.01
2008-01-18 06:00:00,62.02
2008-01-18 07:00:00,153.59
2008-01-18 08:00:00,183.67
2008-01-18 09:00:00,124.57
2008-01-18 10:00:00,86.83
2008-01-18 11:00:00,85.33
2008-01-18 12:00:00,86.28
2008-01-18 13:00:00,63.98
2008-01-18 14:00:00,99.01
2008-01-18 15:00:00,90.49
2008-01-18 16:00:00,90.92
2008-01-18 17:00:00,98.24
2008-01-18 18:00:00,149.07
2008-01-18 19:00:00,212.28
2008-01-18 20:00:00,112.28
2008-01-18 21:00:00,112.15
2008-01-18 22:00:00,124.38
2008-01-18 23:00:00,69.34
2008-01-19 00:00:00,15.96
2008-01-19 01:00:00,28.53
2008-01-19 02:00:00,17.79
2008-01-19 03:00:00,17.46
2008-01-19 04:00:00,18.27
2008-01-19 05:00:00,17.71
2008-01-19 06:00:00,49.47
2008-01-19 07:00:00,49.42
2008-01-19 08:00:00,158.20
2008-01-19 09:00:00,147.13
2008-01-19 10:00:00,75.20
2008-01-19 11:00:00,22.33
2008-01-19 12:00:00,188.16
2008-01-19 13:00:00,158.98
2008-01-19 14:00:00,123.69
2008-01-19 15:00:00,25.78
2008-01-19 16:00:00,17.47
2008-01-19 17:00:00,185.37
2008-01-19 18:00:00,154.80
2008-01-19 19:00:00,172.14
2008-01-19 20:00:00,157.84
2008-01-19 21:00:00,79.68
2008-01-19 22:00:00,30.93
2008-01-19 23:00:00,68.02
2008-01-20 00:00:00,50.73
2008-01-20 01:00:00,19.40
2008-01-20 02:00:00,17.71
2008-01-20 03:00:00,20.20
2008-01-20 04:00:00,19.56
2008-01-20 05:00:00,53.17
2008-01-20 06:00:00,18.91
2008-01-20 07:00:00,18.32
2008-01-20 08:00:00,37.05
2008-01-20 09:00:00,26.58
2008-01-20 10:00:00,44.94
2008-01-20 11:00:00,128.69
2008-01-20 12:00:00,51.37
2008-01-20 13:00:00,95.57
2008-01-20 14:00:00,107.44
2008-01-20 15:00:00,67.07
2008-01-20 16:00:00,81.11
2008-01-20 17:00:00,159.38
2008-01-20 18:00:00,157.34
2008-01-20 19:00:00,136.79
2008-01-20 20:00:00,186.03
2008-01-20 21:00:00,131.02
2008-01-20 22:00:00,81.25
2008-01-20 23:00:00,30.74
2008-01-21 00:00:00,26.22
2008-01-21 01:00:00,22.73
2008-01-21 02:00:00,22.74
2008-01-21 03:00:00,57.91
2008-01-21 04:00:00,23.12
2008-01-21 05:00:00,22.76
2008-01-21 06:00:00,78.66
2008-01-21 07:00:00,146.79
2008-01-21 08:00:00,98.44
2008-01-21 09:00:00,94.58
2008-01-21 10:00:00,94.86
2008-01-21 11:00:00,97.00
2008-01-21 12:00:00,90.63
2008-01-21 13:00:00,85.00
2008-01-21 14:00:00,86.56
2008-01-21 15:00:00,26.13
2008-01-21 16:00:00,23.18
2008-01-21 17:00:00,50.60
2008-01-21 18:00:00,77.63
2008-01-21 19:00:00,146.34
2008-01-21 20:00:00,166.27
2008-01-21 21:00:00,194.34
2008-01-21 22:00:00,103.86
2008-01-21 23:00:00,22.62
2008-01-22 00:00:00,26.62
2008-01-22 01:00:00,23.04
2008-01-22 02:00:00,22.48
2008-01-22 03:00:00,25.50
2008-01-22 04:00:00,22.07
2008-01-22 05:00:00,66.50
2008-01-22 06:00:00,64.24
2008-01-22 07:00:00,161.05
2008-01-22 08:00:00,141.95
2008-01-22 09:00:00,24.01
2008-01-22 10:00:00,23.94
2008-01-22 11:00:00,23.08
2008-01-22 12:00:00,173.53
2008-01-22 13:00:00,180.99
2008-01-22 14:00:00,246.53
2008-01-22 15:00:00,248.76
2008-01-22 16:00:00,70.50
2008-01-22 17:00:00,30.99
2008-01-22 18:00:00,63.84
2008-01-22 19:00:00,87.47
2008-01-22 20:00:00,216.98
2008-01-22 21:00:00,259.71
2008-01-22 22:00:00,92.49
2008-01-22 23:00:00,28.75
2008-01-23 00:00:00,25.04
2008-01-23 01:00:00,23.40
2008-01-23 02:00:00,27.14
2008-01-23 03:00:00,24.17
2008-01-23 04:00:00,23.36
2008-01-23 05:00:00,28.05
2008-01-23 06:00:00,74.47
2008-01-23 07:00:00,165.25
2008-01-23 08:00:00,137.13
2008-01-23 09:00:00,89.34
2008-01-23 10:00:00,86.26
2008-01-23 11:00:00,92.56
2008-01-23 12:00:00,90.65
2008-01-23 13:00:00,90.30
2008-01-23 14:00:00,90.35
2008-01-23 15:00:00,89.54
2008-01-23 16:00:00,120.60
2008-01-23 17:00:00,74.91
2008-01-23 18:00:00,96.98
2008-01-23 19:00:00,119.24
2008-01-23 20:00:00,129.87
2008-01-23 21:00:00,135.37
2008-01-23 22:00:00,26.88
2008-01-23 23:00:00,21.46
2008-01-24 00:00:00,16.29
2008-01-24 01:00:00,15.99
2008-01-24 02:00:00,19.81
2008-01-24 03:00:00,15.46
2008-01-24 04:00:00,15.97
2008-01-24 05:00:00,49.40
2008-01-24 06:00:00,48.30
2008-01-24 07:00:00,95.19
2008-01-24 08:00:00,148.73
2008-01-24 09:00:00,85.62
2008-01-24 10:00:00,82.50
2008-01-24 11:00:00,58.49
2008-01-24 12:00:00,19.29
2008-01-24 13:00:00,19.96
2008-01-24 14:00:00,23.58
2008-01-24 15:00:00,22.65
2008-01-24 16:00:00,27.80
2008-01-24 17:00:00,52.75
2008-01-24 18:00:00,167.73
2008-01-24 19:00:00,137.73
2008-01-24 20:00:00,211.90
2008-01-24 21:00:00,137.57
2008-01-24 22:00:00,91.88
2008-01-24 23:00:00,80.43
2008-01-25 00:00:00,76.65
2008-01-25 01:00:00,74.60
2008-01-25 02:00:00,32.97
2008-01-25 03:00:00,21.78
2008-01-25 04:00:00,61.95
2008-01-25 05:00:00,25.44
2008-01-25 06:00:00,62.27
2008-01-25 07:00:00,173.38
2008-01-25 08:00:00,125.99
2008-01-25 09:00:00,88.01
2008-01-25 10:00:00,89.06
2008-01-25 11:00:00,66.64
2008-01-25 12:00:00,95.92
2008-01-25 13:00:00,137.22
2008-01-25 14:00:00,178.45
2008-01-25 15:00:00,89.54
2008-01-25 16:00:00,89.41
2008-01-25 17:00:00,49.44
2008-01-25 18:00:00,87.86
2008-01-25 19:00:00,149.27
2008-01-25 20:00:00,123.61
2008-01-25 21:00:00,108.86
2008-01-25 22:00:00,157.38
2008-01-25 23:00:00,74.16
2008-01-26 00:00:00,37.83
2008-01-26 01:00:00,37.03
2008-01-26 02:00:00,30.37
2008-01-26 03:00:00,22.80
2008-01-26 04:00:00,23.16
2008-01-26 05:00:00,24.41
2008-01-26 06:00:00,51.09
2008-01-26 07:00:00,63.51
2008-01-26 08:00:00,122.32
2008-01-26 09:00:00,121.11
2008-01-26 10:00:00,120.81
2008-01-26 11:00:00,100.21
2008-01-26 12:00:00,103.38
2008-01-26 13:00:00,66.79
2008-01-26 14:00:00,114.04
2008-01-26 15:00:00,115.31
2008-01-26 16:00:00,114.11
2008-01-26 17:00:00,123.55
2008-01-26 18:00:00,225.77
2008-01-26 19:00:00,360.83
2008-01-26 20:00:00,267.18
2008-01-26 21:00:00,201.28
2008-01-26 22:00:00,179.39
2008-01-26 23:00:00,208.70
2008-01-27 00:00:00,116.38
2008-01-27 01:00:00,49.99
2008-01-27 02:00:00,32.03
2008-01-27 03:00:00,29.50
2008-01-27 04:00:00,29.26
2008-01-27 05:00:00,28.95
2008-01-27 06:00:00,18.71
2008-01-27 07:00:00,26.42
2008-01-27 08:00:00,71.50
2008-01-27 09:00:00,46.80
2008-01-27 10:00:00,87.84
2008-01-27 11:00:00,143.25
2008-01-27 12:00:00,58.04
2008-01-27 13:00:00,164.27
2008-01-27 14:00:00,121.25
2008-01-27 15:00:00,60.32
2008-01-27 16:00:00,86.98
2008-01-27 17:00:00,120.78
2008-01-27 18:00:00,211.89
2008-01-27 19:00:00,285.25
2008-01-27 20:00:00,231.09
2008-01-27 21:00:00,208.27
2008-01-27 22:00:00,93.25
2008-01-27 23:00:00,59.75
2008-01-28 00:00:00,59.08
2008-01-28 01:00:00,57.05
2008-01-28 02:00:00,57.08
2008-01-28 03:00:00,53.36
2008-01-28 04:00:00,29.05
2008-01-28 05:00:00,22.05
2008-01-28 06:00:00,44.19
2008-01-28 07:00:00,131.37
2008-01-28 08:00:00,130.06
2008-01-28 09:00:00,145.29
2008-01-28 10:00:00,165.18
2008-01-28 11:00:00,166.57
2008-01-28 12:00:00,114.61
2008-01-28 13:00:00,96.91
2008-01-28 14:00:00,89.36
2008-01-28 15:00:00,87.99
2008-01-28 16:00:00,46.57
2008-01-28 17:00:00,24.41
2008-01-28 18:00:00,69.93
2008-01-28 19:00:00,152.55
2008-01-28 20:00:00,171.09
2008-01-28 21:00:00,112.10
2008-01-28 22:00:00,155.94
2008-01-28 23:00:00,126.41
2008-01-29 00:00:00,105.45
2008-01-29 01:00:00,57.45
2008-01-29 02:00:00,60.46
2008-01-29 03:00:00,26.83
2008-01-29 04:00:00,23.42
2008-01-29 05:00:00,106.85
2008-01-29 06:00:00,48.75
2008-01-29 07:00:00,93.83
2008-01-29 08:00:00,99.20
2008-01-29 09:00:00,116.25
2008-01-29 10:00:00,99.53
2008-01-29 11:00:00,105.13
2008-01-29 12:00:00,236.99
2008-01-29 13:00:00,267.63
2008-01-29 14:00:00,237.29
2008-01-29 15:00:00,160.44
2008-01-29 16:00:00,97.46
2008-01-29 17:00:00,37.75
2008-01-29 18:00:00,41.86
2008-01-29 19:00:00,88.45
2008-01-29 20:00:00,113.42
2008-01-29 21:00:00,163.22
2008-01-29 22:00:00,176.81
2008-01-29 23:00:00,111.56
2008-01-30 00:00:00,87.18
2008-01-30 01:00:00,70.54
2008-01-30 02:00:00,162.29
2008-01-30 03:00:00,67.56
2008-01-30 04:00:00,28.66
2008-01-30 05:00:00,25.89
2008-01-30 06:00:00,90.40
2008-01-30 07:00:00,130.02
2008-01-30 08:00:00,96.87
2008-01-30 09:00:00,89.96
2008-01-30 10:00:00,100.93
2008-01-30 11:00:00,88.59
2008-01-30 12:00:00,25.17
2008-01-30 13:00:00,24.89
2008-01-30 14:00:00,25.36
2008-01-30 15:00:00,24.73
2008-01-30 16:00:00,26.67
2008-01-30 17:00:00,22.86
2008-01-30 18:00:00,102.66
2008-01-30 19:00:00,153.63
2008-01-30 20:00:00,27.43
2008-01-30 21:00:00,29.48
2008-01-30 22:00:00,27.97
2008-01-30 23:00:00,110.90
2008-01-31 00:00:00,45.90
2008-01-31 01:00:00,25.54
2008-01-31 02:00:00,22.48
2008-01-31 03:00:00,21.94
2008-01-31 04:00:00,22.70
2008-01-31 05:00:00,24.05
2008-01-31 06:00:00,79.54
2008-01-31 07:00:00,134.31
2008-01-31 08:00:00,102.49
2008-01-31 09:00:00,96.65
2008-01-31 10:00:00,75.36
2008-01-31 11:00:00,26.27
2008-01-31 12:00:00,30.58
2008-01-31 13:00:00,54.38
2008-01-31 14:00:00,27.09
2008-01-31 15:00:00,28.37
2008-01-31 16:00:00,28.99
2008-01-31 17:00:00,44.73
2008-01-31 18:00:00,121.06
2008-01-31 19:00:00,112.17
2008-01-31 20:00:00,228.42
2008-01-31 21:00:00,235.81
2008-01-31 22:00:00,203.83
2008-01-31 23:00:00,161.26
2008-02-01 00:00:00,128.69
2008-02-01 01:00:00,61.32
2008-02-01 02:00:00,28.42
2008-02-01 03:00:00,26.32
2008-02-01 04:00:00,23.94
2008-02-01 05:00:00,26.22
2008-02-01 06:00:00,59.34
2008-02-01 07:00:00,181.16
2008-02-01 08:00:00,101.73
2008-02-01 09:00:00,28.26
2008-02-01 10:00:00,26.25
2008-02-01 11:00:00,40.15
2008-02-01 12:00:00,41.41
2008-02-01 13:00:00,69.47
2008-02-01 14:00:00,93.80
2008-02-01 15:00:00,95.24
2008-02-01 16:00:00,100.13
2008-02-01 17:00:00,40.77
2008-02-01 18:00:00,40.20
2008-02-01 19:00:00,65.77
2008-02-01 20:00:00,17.85
2008-02-01 21:00:00,57.29
2008-02-01 22:00:00,70.22
2008-02-01 23:00:00,110.72
2008-02-02 00:00:00,50.27
2008-02-02 01:00:00,49.99
2008-02-02 02:00:00,17.32
2008-02-02 03:00:00,17.98
2008-02-02 04:00:00,16.86
2008-02-02 05:00:00,17.08
2008-02-02 06:00:00,18.72
2008-02-02 07:00:00,25.54
2008-02-02 08:00:00,151.02
2008-02-02 09:00:00,105.96
2008-02-02 10:00:00,93.61
2008-02-02 11:00:00,101.12
2008-02-02 12:00:00,96.30
2008-02-02 13:00:00,84.21
2008-02-02 14:00:00,136.52
2008-02-02 15:00:00,118.33
2008-02-02 16:00:00,197.06
2008-02-02 17:00:00,134.08
2008-02-02 18:00:00,167.17
2008-02-02 19:00:00,389.76
2008-02-02 20:00:00,281.34
2008-02-02 21:00:00,203.35
2008-02-02 22:00:00,260.15
2008-02-02 23:00:00,206.69
2008-02-03 00:00:00,167.51
2008-02-03 01:00:00,105.71
2008-02-03 02:00:00,95.64
2008-02-03 03:00:00,23.83
2008-02-03 04:00:00,16.26
2008-02-03 05:00:00,16.06
2008-02-03 06:00:00,18.14
2008-02-03 07:00:00,19.36
2008-02-03 08:00:00,33.65
2008-02-03 09:00:00,33.71
2008-02-03 10:00:00,89.98
2008-02-03 11:00:00,73.00
2008-02-03 12:00:00,137.15
2008-02-03 13:00:00,143.49
2008-02-03 14:00:00,207.76
2008-02-03 15:00:00,97.04
2008-02-03 16:00:00,38.77
2008-02-03 17:00:00,36.35
2008-02-03 18:00:00,121.68
2008-02-03 19:00:00,152.14
2008-02-03 20:00:00,178.87
2008-02-03 21:00:00,192.31
2008-02-03 22:00:00,66.13
2008-02-03 23:00:00,20.02
2008-02-04 00:00:00,16.13
2008-02-04 01:00:00,16.90
2008-02-04 02:00:00,18.99
2008-02-04 03:00:00,16.73
2008-02-04 04:00:00,49.92
2008-02-04 05:00:00,16.03
2008-02-04 06:00:00,73.91
2008-02-04 07:00:00,165.01
2008-02-04 08:00:00,117.10
2008-02-04 09:00:00,124.09
2008-02-04 10:00:00,92.90
2008-02-04 11:00:00,77.19
2008-02-04 12:00:00,88.18
2008-02-04 13:00:00,83.01
2008-02-04 14:00:00,53.76
2008-02-04 15:00:00,16.57
2008-02-04 16:00:00,17.31
2008-02-04 17:00:00,20.28
2008-02-04 18:00:00,61.85
2008-02-04 19:00:00,163.61
2008-02-04 20:00:00,127.63
2008-02-04 21:00:00,154.50
2008-02-04 22:00:00,38.35
2008-02-04 23:00:00,18.18
2008-02-05 00:00:00,19.03
2008-02-05 01:00:00,16.63
2008-02-05 02:00:00,16.07
2008-02-05 03:00:00,17.78
2008-02-05 04:00:00,16.38
2008-02-05 05:00:00,42.41
2008-02-05 06:00:00,105.83
2008-02-05 07:00:00,157.31
2008-02-05 08:00:00,118.04
2008-02-05 09:00:00,125.93
2008-02-05 10:00:00,81.15
2008-02-05 11:00:00,41.47
2008-02-05 12:00:00,180.36
2008-02-05 13:00:00,232.55
2008-02-05 14:00:00,132.78
2008-02-05 15:00:00,85.41
2008-02-05 16:00:00,99.11
2008-02-05 17:00:00,175.41
2008-02-05 18:00:00,173.75
2008-02-05 19:00:00,174.47
2008-02-05 20:00:00,229.33
2008-02-05 21:00:00,129.51
2008-02-05 22:00:00,81.43
2008-02-05 23:00:00,20.32
2008-02-06 00:00:00,19.54
2008-02-06 01:00:00,17.16
2008-02-06 02:00:00,17.56
2008-02-06 03:00:00,19.48
2008-02-06 04:00:00,16.58
2008-02-06 05:00:00,16.83
2008-02-06 06:00:00,74.23
2008-02-06 07:00:00,146.25
2008-02-06 08:00:00,115.87
2008-02-06 09:00:00,118.80
2008-02-06 10:00:00,83.59
2008-02-06 11:00:00,66.29
2008-02-06 12:00:00,32.34
2008-02-06 13:00:00,19.82
2008-02-06 14:00:00,16.32
2008-02-06 15:00:00,21.81
2008-02-06 16:00:00,30.85
2008-02-06 17:00:00,49.17
2008-02-06 18:00:00,83.39
2008-02-06 19:00:00,162.82
2008-02-06 20:00:00,217.01
2008-02-06 21:00:00,207.25
2008-02-06 22:00:00,66.94
2008-02-06 23:00:00,49.65
2008-02-07 00:00:00,16.98
2008-02-07 01:00:00,18.26
2008-02-07 02:00:00,16.81
2008-02-07 03:00:00,16.95
2008-02-07 04:00:00,18.42
2008-02-07 05:00:00,15.96
2008-02-07 06:00:00,98.60
2008-02-07 07:00:00,145.69
2008-02-07 08:00:00,92.00
2008-02-07 09:00:00,80.26
2008-02-07 10:00:00,80.68
2008-02-07 11:00:00,78.81
2008-02-07 12:00:00,60.31
2008-02-07 13:00:00,17.24
2008-02-07 14:00:00,29.70
2008-02-07 15:00:00,28.32
2008-02-07 16:00:00,18.93
2008-02-07 17:00:00,19.99
2008-02-07 18:00:00,37.44
2008-02-07 19:00:00,90.55
2008-02-07 20:00:00,209.14
2008-02-07 21:00:00,179.54
2008-02-07 22:00:00,86.15
2008-02-07 23:00:00,61.58
2008-02-08 00:00:00,37.36
2008-02-08 01:00:00,16.31
2008-02-08 02:00:00,19.79
2008-02-08 03:00:00,16.58
2008-02-08 04:00:00,29.98
2008-02-08 05:00:00,46.09
2008-02-08 06:00:00,35.38
2008-02-08 07:00:00,80.61
2008-02-08 08:00:00,108.89
2008-02-08 09:00:00,111.55
2008-02-08 10:00:00,93.03
2008-02-08 11:00:00,63.55
2008-02-08 12:00:00,182.36
2008-02-08 13:00:00,165.61
2008-02-08 14:00:00,124.47
2008-02-08 15:00:00,94.32
2008-02-08 16:00:00,66.09
2008-02-08 17:00:00,30.09
2008-02-08 18:00:00,102.44
2008-02-08 19:00:00,94.48
2008-02-08 20:00:00,75.83
2008-02-08 21:00:00,75.54
2008-02-08 22:00:00,120.46
2008-02-08 23:00:00,159.75
2008-02-09 00:00:00,51.01
2008-02-09 01:00:00,18.08
2008-02-09 02:00:00,16.58
2008-02-09 03:00:00,15.71
2008-02-09 04:00:00,18.57
2008-02-09 05:00:00,16.35
2008-02-09 06:00:00,16.58
2008-02-09 07:00:00,19.54
2008-02-09 08:00:00,131.61
2008-02-09 09:00:00,87.15
2008-02-09 10:00:00,124.60
2008-02-09 11:00:00,164.59
2008-02-09 12:00:00,139.43
2008-02-09 13:00:00,110.12
2008-02-09 14:00:00,105.34
2008-02-09 15:00:00,105.68
2008-02-09 16:00:00,83.71
2008-02-09 17:00:00,36.17
2008-02-09 18:00:00,76.55
2008-02-09 19:00:00,120.14
2008-02-09 20:00:00,235.25
2008-02-09 21:00:00,232.56
2008-02-09 22:00:00,92.94
2008-02-09 23:00:00,84.01
2008-02-10 00:00:00,32.58
2008-02-10 01:00:00,16.25
2008-02-10 02:00:00,16.15
2008-02-10 03:00:00,18.68
2008-02-10 04:00:00,48.24
2008-02-10 05:00:00,19.60
2008-02-10 06:00:00,18.04
2008-02-10 07:00:00,23.49
2008-02-10 08:00:00,46.95
2008-02-10 09:00:00,74.25
2008-02-10 10:00:00,114.40
2008-02-10 11:00:00,23.02
2008-02-10 12:00:00,150.22
2008-02-10 13:00:00,139.47
2008-02-10 14:00:00,80.67
2008-02-10 15:00:00,90.75
2008-02-10 16:00:00,47.33
2008-02-10 17:00:00,133.67
2008-02-10 18:00:00,237.92
2008-02-10 19:00:00,254.69
2008-02-10 20:00:00,235.87
2008-02-10 21:00:00,148.70
2008-02-10 22:00:00,116.82
2008-02-10 23:00:00,96.95
2008-02-11 00:00:00,29.07
2008-02-11 01:00:00,21.02
2008-02-11 02:00:00,17.64
2008-02-11 03:00:00,16.26
2008-02-11 04:00:00,18.29
2008-02-11 05:00:00,16.57
2008-02-11 06:00:00,92.36
2008-02-11 07:00:00,186.26
2008-02-11 08:00:00,142.74
2008-02-11 09:00:00,79.82
2008-02-11 10:00:00,80.93
2008-02-11 11:00:00,81.59
2008-02-11 12:00:00,81.32
2008-02-11 13:00:00,20.44
2008-02-11 14:00:00,19.25
2008-02-11 15:00:00,17.73
2008-02-11 16:00:00,16.24
2008-02-11 17:00:00,20.24
2008-02-11 18:00:00,120.07
2008-02-11 19:00:00,185.30
2008-02-11 20:00:00,183.56
2008-02-11 21:00:00,139.92
2008-02-11 22:00:00,87.25
2008-02-11 23:00:00,18.14
2008-02-12 00:00:00,16.60
2008-02-12 01:00:00,16.76
2008-02-12 02:00:00,19.17
2008-02-12 03:00:00,55.88
2008-02-12 04:00:00,15.90
2008-02-12 05:00:00,17.04
2008-02-12 06:00:00,62.72
2008-02-12 07:00:00,155.74
2008-02-12 08:00:00,147.17
2008-02-12 09:00:00,109.35
2008-02-12 10:00:00,106.37
2008-02-12 11:00:00,118.25
2008-02-12 12:00:00,122.70
2008-02-12 13:00:00,133.48
2008-02-12 14:00:00,192.34
2008-02-12 15:00:00,151.00
2008-02-12 16:00:00,82.27
2008-02-12 17:00:00,77.88
2008-02-12 18:00:00,68.23
2008-02-12 19:00:00,44.41
2008-02-12 20:00:00,101.96
2008-02-12 21:00:00,108.88
2008-02-12 22:00:00,28.79
2008-02-12 23:00:00,34.90
2008-02-13 00:00:00,24.42
2008-02-13 01:00:00,17.57
2008-02-13 02:00:00,17.22
2008-02-13 03:00:00,18.82
2008-02-13 04:00:00,47.84
2008-02-13 05:00:00,24.12
2008-02-13 06:00:00,69.29
2008-02-13 07:00:00,128.24
2008-02-13 08:00:00,84.83
2008-02-13 09:00:00,81.14
2008-02-13 10:00:00,89.87
2008-02-13 11:00:00,122.50
2008-02-13 12:00:00,50.93
2008-02-13 13:00:00,23.69
2008-02-13 14:00:00,49.22
2008-02-13 15:00:00,51.35
2008-02-13 16:00:00,61.25
2008-02-13 17:00:00,119.04
2008-02-13 18:00:00,146.94
2008-02-13 19:00:00,185.09
2008-02-13 20:00:00,157.56
2008-02-13 21:00:00,199.03
2008-02-13 22:00:00,110.24
2008-02-13 23:00:00,20.31
2008-02-14 00:00:00,20.48
2008-02-14 01:00:00,17.62
2008-02-14 02:00:00,17.89
2008-02-14 03:00:00,21.33
2008-02-14 04:00:00,17.93
2008-02-14 05:00:00,42.77
2008-02-14 06:00:00,87.69
2008-02-14 07:00:00,149.71
2008-02-14 08:00:00,169.05
2008-02-14 09:00:00,118.82
2008-02-14 10:00:00,81.95
2008-02-14 11:00:00,79.81
2008-02-14 12:00:00,80.56
2008-02-14 13:00:00,79.53
2008-02-14 14:00:00,18.29
2008-02-14 15:00:00,26.77
2008-02-14 16:00:00,26.74
2008-02-14 17:00:00,16.57
2008-02-14 18:00:00,59.85
2008-02-14 19:00:00,102.37
2008-02-14 20:00:00,140.53
2008-02-14 21:00:00,109.41
2008-02-14 22:00:00,62.91
2008-02-14 23:00:00,56.03
2008-02-15 00:00:00,63.18
2008-02-15 01:00:00,16.12
2008-02-15 02:00:00,18.91
2008-02-15 03:00:00,15.75
2008-02-15 04:00:00,15.19
2008-02-15 05:00:00,15.66
2008-02-15 06:00:00,53.32
2008-02-15 07:00:00,182.64
2008-02-15 08:00:00,176.82
2008-02-15 09:00:00,89.18
2008-02-15 10:00:00,83.54
2008-02-15 11:00:00,85.17
2008-02-15 12:00:00,85.63
2008-02-15 13:00:00,124.06
2008-02-15 14:00:00,141.09
2008-02-15 15:00:00,86.40
2008-02-15 16:00:00,82.12
2008-02-15 17:00:00,58.20
2008-02-15 18:00:00,56.30
2008-02-15 19:00:00,78.21
2008-02-15 20:00:00,46.12
2008-02-15 21:00:00,231.91
2008-02-15 22:00:00,156.03
2008-02-15 23:00:00,43.67
2008-02-16 00:00:00,33.73
2008-02-16 01:00:00,22.00
2008-02-16 02:00:00,18.46
2008-02-16 03:00:00,18.84
2008-02-16 04:00:00,55.50
2008-02-16 05:00:00,24.94
2008-02-16 06:00:00,18.58
2008-02-16 07:00:00,21.45
2008-02-16 08:00:00,71.91
2008-02-16 09:00:00,101.75
2008-02-16 10:00:00,118.85
2008-02-16 11:00:00,90.55
2008-02-16 12:00:00,74.38
2008-02-16 13:00:00,58.92
2008-02-16 14:00:00,193.41
2008-02-16 15:00:00,85.27
2008-02-16 16:00:00,46.13
2008-02-16 17:00:00,172.66
2008-02-16 18:00:00,205.47
2008-02-16 19:00:00,199.86
2008-02-16 20:00:00,232.40
2008-02-16 21:00:00,204.80
2008-02-16 22:00:00,162.52
2008-02-16 23:00:00,114.55
2008-02-17 00:00:00,58.14
2008-02-17 01:00:00,39.58
2008-02-17 02:00:00,38.19
2008-02-17 03:00:00,39.26
2008-02-17 04:00:00,32.95
2008-02-17 05:00:00,17.03
2008-02-17 06:00:00,18.12
2008-02-17 07:00:00,40.37
2008-02-17 08:00:00,53.17
2008-02-17 09:00:00,47.06
2008-02-17 10:00:00,140.48
2008-02-17 11:00:00,83.17
2008-02-17 12:00:00,124.17
2008-02-17 13:00:00,61.24
2008-02-17 14:00:00,235.18
2008-02-17 15:00:00,78.41
2008-02-17 16:00:00,29.87
2008-02-17 17:00:00,39.29
2008-02-17 18:00:00,110.12
2008-02-17 19:00:00,134.44
2008-02-17 20:00:00,229.19
2008-02-17 21:00:00,184.79
2008-02-17 22:00:00,74.35
2008-02-17 23:00:00,24.78
2008-02-18 00:00:00,18.01
2008-02-18 01:00:00,25.28
2008-02-18 02:00:00,42.96
2008-02-18 03:00:00,17.81
2008-02-18 04:00:00,17.20
2008-02-18 05:00:00,18.58
2008-02-18 06:00:00,82.88
2008-02-18 07:00:00,162.50
2008-02-18 08:00:00,81.34
2008-02-18 09:00:00,82.82
2008-02-18 10:00:00,79.93
2008-02-18 11:00:00,80.50
2008-02-18 12:00:00,80.78
2008-02-18 13:00:00,81.99
2008-02-18 14:00:00,39.35
2008-02-18 15:00:00,16.78
2008-02-18 16:00:00,18.42
2008-02-18 17:00:00,16.53
2008-02-18 18:00:00,30.63
2008-02-18 19:00:00,99.66
2008-02-18 20:00:00,154.53
2008-02-18 21:00:00,182.27
2008-02-18 22:00:00,62.34
2008-02-18 23:00:00,21.34
2008-02-19 00:00:00,19.99
2008-02-19 01:00:00,17.82
2008-02-19 02:00:00,18.36
2008-02-19 03:00:00,20.17
2008-02-19 04:00:00,52.98
2008-02-19 05:00:00,26.31
2008-02-19 06:00:00,50.45
2008-02-19 07:00:00,105.55
2008-02-19 08:00:00,136.25
2008-02-19 09:00:00,148.61
2008-02-19 10:00:00,179.09
2008-02-19 11:00:00,204.42
2008-02-19 12:00:00,211.14
2008-02-19 13:00:00,92.64
2008-02-19 14:00:00,86.10
2008-02-19 15:00:00,86.75
2008-02-19 16:00:00,44.51
2008-02-19 17:00:00,60.69
2008-02-19 18:00:00,87.08
2008-02-19 19:00:00,115.48
2008-02-19 20:00:00,124.72
2008-02-19 21:00:00,168.73
2008-02-19 22:00:00,52.10
2008-02-19 23:00:00,16.99
2008-02-20 00:00:00,17.15
2008-02-20 01:00:00,18.72
2008-02-20 02:00:00,16.97
2008-02-20 03:00:00,17.80
2008-02-20 04:00:00,17.76
2008-02-20 05:00:00,60.61
2008-02-20 06:00:00,65.32
2008-02-20 07:00:00,183.14
2008-02-20 08:00:00,149.38
2008-02-20 09:00:00,84.57
2008-02-20 10:00:00,84.35
2008-02-20 11:00:00,29.32
2008-02-20 12:00:00,34.88
2008-02-20 13:00:00,40.05
2008-02-20 14:00:00,63.96
2008-02-20 15:00:00,27.15
2008-02-20 16:00:00,80.22
2008-02-20 17:00:00,136.64
2008-02-20 18:00:00,189.45
2008-02-20 19:00:00,282.74
2008-02-20 20:00:00,259.93
2008-02-20 21:00:00,153.15
2008-02-20 22:00:00,143.55
2008-02-20 23:00:00,96.98
2008-02-21 00:00:00,30.15
2008-02-21 01:00:00,25.23
2008-02-21 02:00:00,21.75
2008-02-21 03:00:00,16.81
2008-02-21 04:00:00,16.90
2008-02-21 05:00:00,19.76
2008-02-21 06:00:00,83.80
2008-02-21 07:00:00,165.07
2008-02-21 08:00:00,148.31
2008-02-21 09:00:00,79.56
2008-02-21 10:00:00,79.79
2008-02-21 11:00:00,81.16
2008-02-21 12:00:00,75.91
2008-02-21 13:00:00,16.18
2008-02-21 14:00:00,27.99
2008-02-21 15:00:00,28.37
2008-02-21 16:00:00,25.12
2008-02-21 17:00:00,19.27
2008-02-21 18:00:00,103.92
2008-02-21 19:00:00,138.51
2008-02-21 20:00:00,167.43
2008-02-21 21:00:00,132.15
2008-02-21 22:00:00,105.11
2008-02-21 23:00:00,25.60
2008-02-22 00:00:00,16.15
2008-02-22 01:00:00,46.23
2008-02-22 02:00:00,34.34
2008-02-22 03:00:00,16.21
2008-02-22 04:00:00,15.95
2008-02-22 05:00:00,18.57
2008-02-22 06:00:00,68.07
2008-02-22 07:00:00,166.24
2008-02-22 08:00:00,162.10
2008-02-22 09:00:00,127.54
2008-02-22 10:00:00,89.81
2008-02-22 11:00:00,43.73
2008-02-22 12:00:00,70.59
2008-02-22 13:00:00,134.13
2008-02-22 14:00:00,145.46
2008-02-22 15:00:00,86.51
2008-02-22 16:00:00,43.28
2008-02-22 17:00:00,22.07
2008-02-22 18:00:00,35.16
2008-02-22 19:00:00,52.61
2008-02-22 20:00:00,130.60
2008-02-22 21:00:00,139.09
2008-02-22 22:00:00,47.54
2008-02-22 23:00:00,20.56
2008-02-23 00:00:00,16.34
2008-02-23 01:00:00,15.73
2008-02-23 02:00:00,19.03
2008-02-23 03:00:00,15.96
2008-02-23 04:00:00,33.27
2008-02-23 05:00:00,43.32
2008-02-23 06:00:00,16.18
2008-02-23 07:00:00,28.58
2008-02-23 08:00:00,79.13
2008-02-23 09:00:00,47.28
2008-02-23 10:00:00,58.06
2008-02-23 11:00:00,40.63
2008-02-23 12:00:00,17.98
2008-02-23 13:00:00,154.10
2008-02-23 14:00:00,106.23
2008-02-23 15:00:00,53.07
2008-02-23 16:00:00,36.27
2008-02-23 17:00:00,172.10
2008-02-23 18:00:00,191.25
2008-02-23 19:00:00,236.93
2008-02-23 20:00:00,153.61
2008-02-23 21:00:00,112.43
2008-02-23 22:00:00,102.84
2008-02-23 23:00:00,86.16
2008-02-24 00:00:00,82.20
2008-02-24 01:00:00,82.89
2008-02-24 02:00:00,82.45
2008-02-24 03:00:00,81.61
2008-02-24 04:00:00,83.21
2008-02-24 05:00:00,82.11
2008-02-24 06:00:00,57.08
2008-02-24 07:00:00,194.36
2008-02-24 08:00:00,113.13
2008-02-24 09:00:00,79.99
2008-02-24 10:00:00,61.93
2008-02-24 11:00:00,17.73
2008-02-24 12:00:00,15.78
2008-02-24 13:00:00,16.48
2008-02-24 14:00:00,18.94
2008-02-24 15:00:00,16.10
2008-02-24 16:00:00,15.49
2008-02-24 17:00:00,18.05
2008-02-24 18:00:00,21.33
2008-02-24 19:00:00,55.95
2008-02-24 20:00:00,17.45
2008-02-24 21:00:00,15.65
2008-02-24 22:00:00,15.11
2008-02-24 23:00:00,17.98
2008-02-25 00:00:00,16.08
2008-02-25 01:00:00,15.81
2008-02-25 02:00:00,18.60
2008-02-25 03:00:00,15.53
2008-02-25 04:00:00,15.57
2008-02-25 05:00:00,60.11
2008-02-25 06:00:00,25.70
2008-02-25 07:00:00,15.22
2008-02-25 08:00:00,17.80
2008-02-25 09:00:00,15.31
2008-02-25 10:00:00,15.57
2008-02-25 11:00:00,18.10
2008-02-25 12:00:00,15.71
2008-02-25 13:00:00,15.02
2008-02-25 14:00:00,17.66
2008-02-25 15:00:00,24.04
2008-02-25 16:00:00,65.43
2008-02-25 17:00:00,20.49
2008-02-25 18:00:00,15.01
2008-02-25 19:00:00,15.29
2008-02-25 20:00:00,18.49
2008-02-25 21:00:00,15.28
2008-02-25 22:00:00,15.09
2008-02-25 23:00:00,17.56
2008-02-26 00:00:00,15.36
2008-02-26 01:00:00,15.62
2008-02-26 02:00:00,39.27
2008-02-26 03:00:00,53.53
2008-02-26 04:00:00,15.34
2008-02-26 05:00:00,17.11
2008-02-26 06:00:00,16.98
2008-02-26 07:00:00,15.83
2008-02-26 08:00:00,15.74
2008-02-26 09:00:00,17.07
2008-02-26 10:00:00,15.01
2008-02-26 11:00:00,14.77
2008-02-26 12:00:00,17.58
2008-02-26 13:00:00,48.68
2008-02-26 14:00:00,44.52
2008-02-26 15:00:00,17.73
2008-02-26 16:00:00,15.60
2008-02-26 17:00:00,15.57
2008-02-26 18:00:00,17.71
2008-02-26 19:00:00,15.17
2008-02-26 20:00:00,15.36
2008-02-26 21:00:00,16.84
2008-02-26 22:00:00,15.62
2008-02-26 23:00:00,15.13
2008-02-27 00:00:00,46.91
2008-02-27 01:00:00,47.01
2008-02-27 02:00:00,15.68
2008-02-27 03:00:00,15.36
2008-02-27 04:00:00,17.81
2008-02-27 05:00:00,15.54
2008-02-27 06:00:00,15.73
2008-02-27 07:00:00,17.40
2008-02-27 08:00:00,15.47
2008-02-27 09:00:00,15.35
2008-02-27 10:00:00,16.20
2008-02-27 11:00:00,53.51
2008-02-27 12:00:00,36.32
2008-02-27 13:00:00,15.49
2008-02-27 14:00:00,17.27
2008-02-27 15:00:00,15.42
2008-02-27 16:00:00,17.38
2008-02-27 17:00:00,18.18
2008-02-27 18:00:00,15.14
2008-02-27 19:00:00,15.13
2008-02-27 20:00:00,17.54
2008-02-27 21:00:00,14.77
2008-02-27 22:00:00,74.10
2008-02-27 23:00:00,17.99
2008-02-28 00:00:00,15.33
2008-02-28 01:00:00,15.18
2008-02-28 02:00:00,17.63
2008-02-28 03:00:00,15.49
2008-02-28 04:00:00,15.32
2008-02-28 05:00:00,17.11
2008-02-28 06:00:00,16.76
2008-02-28 07:00:00,15.39
2008-02-28 08:00:00,42.86
2008-02-28 09:00:00,51.56
2008-02-28 10:00:00,14.86
2008-02-28 11:00:00,15.09
2008-02-28 12:00:00,17.55
2008-02-28 13:00:00,14.93
2008-02-28 14:00:00,18.64
2008-02-28 15:00:00,17.76
2008-02-28 16:00:00,15.24
2008-02-28 17:00:00,15.29
2008-02-28 18:00:00,17.87
2008-02-28 19:00:00,47.94
2008-02-28 20:00:00,43.11
2008-02-28 21:00:00,17.66
2008-02-28 22:00:00,14.98
2008-02-28 23:00:00,15.62
2008-02-29 00:00:00,17.82
2008-02-29 01:00:00,15.35
2008-02-29 02:00:00,15.15
2008-02-29 03:00:00,16.72
2008-02-29 04:00:00,15.99
2008-02-29 05:00:00,15.70
2008-02-29 06:00:00,57.03
2008-02-29 07:00:00,34.65
2008-02-29 08:00:00,15.26
2008-02-29 09:00:00,51.35
2008-02-29 10:00:00,127.28
2008-02-29 11:00:00,170.87
2008-02-29 12:00:00,162.65
2008-02-29 13:00:00,97.73
2008-02-29 14:00:00,97.63
2008-02-29 15:00:00,100.22
2008-02-29 16:00:00,90.74
2008-02-29 17:00:00,31.97
2008-02-29 18:00:00,34.64
2008-02-29 19:00:00,32.15
2008-02-29 20:00:00,31.81
2008-02-29 21:00:00,34.71
2008-02-29 22:00:00,32.88
2008-02-29 23:00:00,33.04
2008-03-01 00:00:00,34.23
2008-03-01 01:00:00,34.64
2008-03-01 02:00:00,64.56
2008-03-01 03:00:00,60.18
2008-03-01 04:00:00,36.08
2008-03-01 05:00:00,32.85
2008-03-01 06:00:00,33.79
2008-03-01 07:00:00,34.98
2008-03-01 08:00:00,33.80
2008-03-01 09:00:00,33.04
2008-03-01 10:00:00,33.74
2008-03-01 11:00:00,33.97
2008-03-01 12:00:00,33.39
2008-03-01 13:00:00,92.18
2008-03-01 14:00:00,36.63
2008-03-01 15:00:00,33.61
2008-03-01 16:00:00,33.09
2008-03-01 17:00:00,36.98
2008-03-01 18:00:00,33.31
2008-03-01 19:00:00,68.22
2008-03-01 20:00:00,138.28
2008-03-01 21:00:00,53.43
2008-03-01 22:00:00,38.75
2008-03-01 23:00:00,78.13
2008-03-02 00:00:00,26.86
2008-03-02 01:00:00,16.43
2008-03-02 02:00:00,18.14
2008-03-02 03:00:00,17.52
2008-03-02 04:00:00,16.58
2008-03-02 05:00:00,17.17
2008-03-02 06:00:00,17.88
2008-03-02 07:00:00,16.64
2008-03-02 08:00:00,15.64
2008-03-02 09:00:00,48.27
2008-03-02 10:00:00,76.01
2008-03-02 11:00:00,177.51
2008-03-02 12:00:00,65.42
2008-03-02 13:00:00,19.74
2008-03-02 14:00:00,89.89
2008-03-02 15:00:00,130.82
2008-03-02 16:00:00,89.00
2008-03-02 17:00:00,26.56
2008-03-02 18:00:00,16.64
2008-03-02 19:00:00,58.27
2008-03-02 20:00:00,82.27
2008-03-02 21:00:00,48.64
2008-03-02 22:00:00,33.73
2008-03-02 23:00:00,36.58
2008-03-03 00:00:00,32.68
2008-03-03 01:00:00,33.10
2008-03-03 02:00:00,37.29
2008-03-03 03:00:00,33.61
2008-03-03 04:00:00,33.35
2008-03-03 05:00:00,85.74
2008-03-03 06:00:00,33.17
2008-03-03 07:00:00,33.36
2008-03-03 08:00:00,35.24
2008-03-03 09:00:00,33.31
2008-03-03 10:00:00,34.32
2008-03-03 11:00:00,35.92
2008-03-03 12:00:00,33.82
2008-03-03 13:00:00,33.58
2008-03-03 14:00:00,35.34
2008-03-03 15:00:00,80.68
2008-03-03 16:00:00,45.44
2008-03-03 17:00:00,99.39
2008-03-03 18:00:00,77.38
2008-03-03 19:00:00,34.38
2008-03-03 20:00:00,34.10
2008-03-03 21:00:00,35.85
2008-03-03 22:00:00,34.16
2008-03-03 23:00:00,35.35
2008-03-04 00:00:00,36.99
2008-03-04 01:00:00,35.57
2008-03-04 02:00:00,88.92
2008-03-04 03:00:00,36.56
2008-03-04 04:00:00,33.81
2008-03-04 05:00:00,33.71
2008-03-04 06:00:00,36.62
2008-03-04 07:00:00,60.75
2008-03-04 08:00:00,51.50
2008-03-04 09:00:00,27.60
2008-03-04 10:00:00,28.27
2008-03-04 11:00:00,26.06
2008-03-04 12:00:00,94.45
2008-03-04 13:00:00,76.66
2008-03-04 14:00:00,82.19
2008-03-04 15:00:00,94.24
2008-03-04 16:00:00,204.68
2008-03-04 17:00:00,208.21
2008-03-04 18:00:00,92.43
2008-03-04 19:00:00,80.44
2008-03-04 20:00:00,80.02
2008-03-04 21:00:00,81.55
2008-03-04 22:00:00,61.38
2008-03-04 23:00:00,16.39
2008-03-05 00:00:00,19.19
2008-03-05 01:00:00,15.81
2008-03-05 02:00:00,16.34
2008-03-05 03:00:00,19.28
2008-03-05 04:00:00,15.66
2008-03-05 05:00:00,15.43
2008-03-05 06:00:00,18.37
2008-03-05 07:00:00,16.38
2008-03-05 08:00:00,74.59
2008-03-05 09:00:00,17.63
2008-03-05 10:00:00,17.90
2008-03-05 11:00:00,16.48
2008-03-05 12:00:00,16.12
2008-03-05 13:00:00,63.61
2008-03-05 14:00:00,130.79
2008-03-05 15:00:00,105.36
2008-03-05 16:00:00,190.87
2008-03-05 17:00:00,120.70
2008-03-05 18:00:00,204.10
2008-03-05 19:00:00,152.76
2008-03-05 20:00:00,123.53
2008-03-05 21:00:00,278.93
2008-03-05 22:00:00,286.53
2008-03-05 23:00:00,100.84
2008-03-06 00:00:00,102.32
2008-03-06 01:00:00,93.67
2008-03-06 02:00:00,81.44
2008-03-06 03:00:00,81.58
2008-03-06 04:00:00,83.09
2008-03-06 05:00:00,80.85
2008-03-06 06:00:00,154.12
2008-03-06 07:00:00,207.43
2008-03-06 08:00:00,141.78
2008-03-06 09:00:00,142.31
2008-03-06 10:00:00,114.95
2008-03-06 11:00:00,77.95
2008-03-06 12:00:00,79.28
2008-03-06 13:00:00,81.85
2008-03-06 14:00:00,81.10
2008-03-06 15:00:00,80.52
2008-03-06 16:00:00,82.05
2008-03-06 17:00:00,78.58
2008-03-06 18:00:00,118.66
2008-03-06 19:00:00,78.54
2008-03-06 20:00:00,158.23
2008-03-06 21:00:00,192.20
2008-03-06 22:00:00,78.28
2008-03-06 23:00:00,32.45
2008-03-07 00:00:00,15.59
2008-03-07 01:00:00,18.37
2008-03-07 02:00:00,15.57
2008-03-07 03:00:00,16.39
2008-03-07 04:00:00,18.94
2008-03-07 05:00:00,53.55
2008-03-07 06:00:00,60.55
2008-03-07 07:00:00,129.01
2008-03-07 08:00:00,80.03
2008-03-07 09:00:00,52.99
2008-03-07 10:00:00,80.58
2008-03-07 11:00:00,270.58
2008-03-07 12:00:00,112.13
2008-03-07 13:00:00,100.56
2008-03-07 14:00:00,74.26
2008-03-07 15:00:00,34.58
2008-03-07 16:00:00,20.12
2008-03-07 17:00:00,44.60
2008-03-07 18:00:00,25.28
2008-03-07 19:00:00,72.72
2008-03-07 20:00:00,125.77
2008-03-07 21:00:00,190.56
2008-03-07 22:00:00,132.93
2008-03-07 23:00:00,117.28
2008-03-08 00:00:00,56.51
2008-03-08 01:00:00,21.52
2008-03-08 02:00:00,19.18
2008-03-08 03:00:00,19.99
2008-03-08 04:00:00,20.94
2008-03-08 05:00:00,18.61
2008-03-08 06:00:00,20.89
2008-03-08 07:00:00,59.87
2008-03-08 08:00:00,37.78
2008-03-08 09:00:00,25.08
2008-03-08 10:00:00,76.19
2008-03-08 11:00:00,35.21
2008-03-08 12:00:00,46.51
2008-03-08 13:00:00,114.47
2008-03-08 14:00:00,118.70
2008-03-08 15:00:00,94.54
2008-03-08 16:00:00,179.09
2008-03-08 17:00:00,190.35
2008-03-08 18:00:00,169.55
2008-03-08 19:00:00,265.18
2008-03-08 20:00:00,226.65
2008-03-08 21:00:00,128.94
2008-03-08 22:00:00,171.71
2008-03-08 23:00:00,131.20
2008-03-09 00:00:00,111.24
2008-03-09 01:00:00,120.40
2008-03-09 02:00:00,52.61
2008-03-09 03:00:00,26.32
2008-03-09 04:00:00,19.54
2008-03-09 05:00:00,19.95
2008-03-09 06:00:00,19.42
2008-03-09 07:00:00,18.55
2008-03-09 08:00:00,23.20
2008-03-09 09:00:00,62.68
2008-03-09 10:00:00,49.16
2008-03-09 11:00:00,29.61
2008-03-09 12:00:00,85.98
2008-03-09 13:00:00,67.07
2008-03-09 14:00:00,54.32
2008-03-09 15:00:00,89.02
2008-03-09 16:00:00,33.27
2008-03-09 17:00:00,40.20
2008-03-09 18:00:00,57.00
2008-03-09 19:00:00,111.60
2008-03-09 20:00:00,235.11
2008-03-09 21:00:00,150.16
2008-03-09 22:00:00,63.59
2008-03-09 23:00:00,20.45
2008-03-10 00:00:00,21.84
2008-03-10 01:00:00,18.75
2008-03-10 02:00:00,39.79
2008-03-10 03:00:00,38.16
2008-03-10 04:00:00,19.57
2008-03-10 05:00:00,19.89
2008-03-10 06:00:00,90.39
2008-03-10 07:00:00,168.91
2008-03-10 08:00:00,140.77
2008-03-10 09:00:00,82.85
2008-03-10 10:00:00,83.82
2008-03-10 11:00:00,84.28
2008-03-10 12:00:00,85.39
2008-03-10 13:00:00,52.14
2008-03-10 14:00:00,16.99
2008-03-10 15:00:00,21.04
2008-03-10 16:00:00,19.02
2008-03-10 17:00:00,20.95
2008-03-10 18:00:00,23.70
2008-03-10 19:00:00,111.21
2008-03-10 20:00:00,155.70
2008-03-10 21:00:00,145.49
2008-03-10 22:00:00,97.30
2008-03-10 23:00:00,60.72
2008-03-11 00:00:00,77.81
2008-03-11 01:00:00,63.09
2008-03-11 02:00:00,16.87
2008-03-11 03:00:00,19.90
2008-03-11 04:00:00,16.29
2008-03-11 05:00:00,15.76
2008-03-11 06:00:00,61.11
2008-03-11 07:00:00,124.21
2008-03-11 08:00:00,44.34
2008-03-11 09:00:00,31.02
2008-03-11 10:00:00,34.89
2008-03-11 11:00:00,116.11
2008-03-11 12:00:00,221.26
2008-03-11 13:00:00,188.51
2008-03-11 14:00:00,119.33
2008-03-11 15:00:00,56.99
2008-03-11 16:00:00,32.57
2008-03-11 17:00:00,40.70
2008-03-11 18:00:00,191.08
2008-03-11 19:00:00,174.15
2008-03-11 20:00:00,146.19
2008-03-11 21:00:00,133.49
2008-03-11 22:00:00,177.68
2008-03-11 23:00:00,96.72
2008-03-12 00:00:00,84.36
2008-03-12 01:00:00,81.23
2008-03-12 02:00:00,81.36
2008-03-12 03:00:00,83.16
2008-03-12 04:00:00,46.45
2008-03-12 05:00:00,17.09
2008-03-12 06:00:00,37.47
2008-03-12 07:00:00,84.40
2008-03-12 08:00:00,126.71
2008-03-12 09:00:00,84.84
2008-03-12 10:00:00,150.74
2008-03-12 11:00:00,32.67
2008-03-12 12:00:00,20.28
2008-03-12 13:00:00,57.19
2008-03-12 14:00:00,19.25
2008-03-12 15:00:00,23.68
2008-03-12 16:00:00,18.10
2008-03-12 17:00:00,18.37
2008-03-12 18:00:00,26.94
2008-03-12 19:00:00,172.52
2008-03-12 20:00:00,169.13
2008-03-12 21:00:00,177.08
2008-03-12 22:00:00,107.04
2008-03-12 23:00:00,54.16
2008-03-13 00:00:00,16.80
2008-03-13 01:00:00,16.26
2008-03-13 02:00:00,17.41
2008-03-13 03:00:00,20.04
2008-03-13 04:00:00,15.89
2008-03-13 05:00:00,50.98
2008-03-13 06:00:00,49.88
2008-03-13 07:00:00,122.89
2008-03-13 08:00:00,86.90
2008-03-13 09:00:00,86.03
2008-03-13 10:00:00,32.19
2008-03-13 11:00:00,22.37
2008-03-13 12:00:00,18.63
2008-03-13 13:00:00,48.87
2008-03-13 14:00:00,26.08
2008-03-13 15:00:00,21.05
2008-03-13 16:00:00,42.39
2008-03-13 17:00:00,34.72
2008-03-13 18:00:00,125.07
2008-03-13 19:00:00,178.58
2008-03-13 20:00:00,281.02
2008-03-13 21:00:00,300.85
2008-03-13 22:00:00,39.77
2008-03-13 23:00:00,20.84
2008-03-14 00:00:00,18.64
2008-03-14 01:00:00,20.03
2008-03-14 02:00:00,19.37
2008-03-14 03:00:00,16.57
2008-03-14 04:00:00,38.28
2008-03-14 05:00:00,27.75
2008-03-14 06:00:00,40.72
2008-03-14 07:00:00,135.42
2008-03-14 08:00:00,121.56
2008-03-14 09:00:00,93.10
2008-03-14 10:00:00,132.96
2008-03-14 11:00:00,110.94
2008-03-14 12:00:00,108.90
2008-03-14 13:00:00,106.55
2008-03-14 14:00:00,118.42
2008-03-14 15:00:00,166.91
2008-03-14 16:00:00,110.34
2008-03-14 17:00:00,93.81
2008-03-14 18:00:00,147.54
2008-03-14 19:00:00,153.28
2008-03-14 20:00:00,140.69
2008-03-14 21:00:00,169.92
2008-03-14 22:00:00,90.83
2008-03-14 23:00:00,27.70
2008-03-15 00:00:00,17.67
2008-03-15 01:00:00,20.03
2008-03-15 02:00:00,17.95
2008-03-15 03:00:00,61.80
2008-03-15 04:00:00,16.74
2008-03-15 05:00:00,20.96
2008-03-15 06:00:00,17.99
2008-03-15 07:00:00,48.17
2008-03-15 08:00:00,78.63
2008-03-15 09:00:00,122.79
2008-03-15 10:00:00,129.16
2008-03-15 11:00:00,113.05
2008-03-15 12:00:00,98.46
2008-03-15 13:00:00,93.51
2008-03-15 14:00:00,92.91
2008-03-15 15:00:00,49.19
2008-03-15 16:00:00,45.01
2008-03-15 17:00:00,31.86
2008-03-15 18:00:00,56.61
2008-03-15 19:00:00,87.35
2008-03-15 20:00:00,91.54
2008-03-15 21:00:00,102.41
2008-03-15 22:00:00,134.94
2008-03-15 23:00:00,27.56
2008-03-16 00:00:00,71.44
2008-03-16 01:00:00,28.50
2008-03-16 02:00:00,17.58
2008-03-16 03:00:00,16.76
2008-03-16 04:00:00,19.09
2008-03-16 05:00:00,36.65
2008-03-16 06:00:00,35.69
2008-03-16 07:00:00,16.44
2008-03-16 08:00:00,45.75
2008-03-16 09:00:00,27.00
2008-03-16 10:00:00,47.73
2008-03-16 11:00:00,87.02
2008-03-16 12:00:00,98.05
2008-03-16 13:00:00,94.52
2008-03-16 14:00:00,93.94
2008-03-16 15:00:00,73.66
2008-03-16 16:00:00,26.21
2008-03-16 17:00:00,23.26
2008-03-16 18:00:00,182.76
2008-03-16 19:00:00,172.69
2008-03-16 20:00:00,207.51
2008-03-16 21:00:00,172.95
2008-03-16 22:00:00,116.02
2008-03-16 23:00:00,90.74
2008-03-17 00:00:00,81.21
2008-03-17 01:00:00,58.30
2008-03-17 02:00:00,19.17
2008-03-17 03:00:00,16.27
2008-03-17 04:00:00,16.34
2008-03-17 05:00:00,16.00
2008-03-17 06:00:00,71.03
2008-03-17 07:00:00,145.41
2008-03-17 08:00:00,83.26
2008-03-17 09:00:00,79.49
2008-03-17 10:00:00,116.63
2008-03-17 11:00:00,188.56
2008-03-17 12:00:00,165.43
2008-03-17 13:00:00,40.08
2008-03-17 14:00:00,23.07
2008-03-17 15:00:00,80.59
2008-03-17 16:00:00,106.78
2008-03-17 17:00:00,32.78
2008-03-17 18:00:00,31.91
2008-03-17 19:00:00,76.50
2008-03-17 20:00:00,123.01
2008-03-17 21:00:00,78.63
2008-03-17 22:00:00,34.66
2008-03-17 23:00:00,21.80
2008-03-18 00:00:00,16.98
2008-03-18 01:00:00,17.07
2008-03-18 02:00:00,16.22
2008-03-18 03:00:00,19.72
2008-03-18 04:00:00,19.69
2008-03-18 05:00:00,16.01
2008-03-18 06:00:00,70.40
2008-03-18 07:00:00,109.94
2008-03-18 08:00:00,115.58
2008-03-18 09:00:00,122.42
2008-03-18 10:00:00,88.36
2008-03-18 11:00:00,85.72
2008-03-18 12:00:00,81.58
2008-03-18 13:00:00,23.87
2008-03-18 14:00:00,97.80
2008-03-18 15:00:00,103.73
2008-03-18 16:00:00,223.27
2008-03-18 17:00:00,108.25
2008-03-18 18:00:00,88.67
2008-03-18 19:00:00,119.48
2008-03-18 20:00:00,120.61
2008-03-18 21:00:00,105.38
2008-03-18 22:00:00,119.39
2008-03-18 23:00:00,27.43
2008-03-19 00:00:00,21.16
2008-03-19 01:00:00,17.82
2008-03-19 02:00:00,18.09
2008-03-19 03:00:00,20.05
2008-03-19 04:00:00,22.13
2008-03-19 05:00:00,19.88
2008-03-19 06:00:00,92.85
2008-03-19 07:00:00,118.21
2008-03-19 08:00:00,121.34
2008-03-19 09:00:00,116.14
2008-03-19 10:00:00,44.38
2008-03-19 11:00:00,36.76
2008-03-19 12:00:00,63.19
2008-03-19 13:00:00,19.66
2008-03-19 14:00:00,22.14
2008-03-19 15:00:00,21.24
2008-03-19 16:00:00,40.26
2008-03-19 17:00:00,35.20
2008-03-19 18:00:00,41.21
2008-03-19 19:00:00,114.74
2008-03-19 20:00:00,172.39
2008-03-19 21:00:00,82.60
2008-03-19 22:00:00,30.58
2008-03-19 23:00:00,16.43
2008-03-20 00:00:00,17.08
2008-03-20 01:00:00,19.20
2008-03-20 02:00:00,19.09
2008-03-20 03:00:00,19.03
2008-03-20 04:00:00,53.20
2008-03-20 05:00:00,16.16
2008-03-20 06:00:00,41.54
2008-03-20 07:00:00,68.57
2008-03-20 08:00:00,98.12
2008-03-20 09:00:00,93.36
2008-03-20 10:00:00,101.90
2008-03-20 11:00:00,112.79
2008-03-20 12:00:00,30.55
2008-03-20 13:00:00,18.98
2008-03-20 14:00:00,17.00
2008-03-20 15:00:00,16.33
2008-03-20 16:00:00,17.04
2008-03-20 17:00:00,21.00
2008-03-20 18:00:00,67.49
2008-03-20 19:00:00,167.92
2008-03-20 20:00:00,108.00
2008-03-20 21:00:00,71.82
2008-03-20 22:00:00,34.78
2008-03-20 23:00:00,22.33
2008-03-21 00:00:00,20.45
2008-03-21 01:00:00,19.13
2008-03-21 02:00:00,16.47
2008-03-21 03:00:00,57.96
2008-03-21 04:00:00,24.28
2008-03-21 05:00:00,19.39
2008-03-21 06:00:00,41.98
2008-03-21 07:00:00,107.12
2008-03-21 08:00:00,107.61
2008-03-21 09:00:00,83.89
2008-03-21 10:00:00,83.62
2008-03-21 11:00:00,81.93
2008-03-21 12:00:00,76.45
2008-03-21 13:00:00,31.72
2008-03-21 14:00:00,131.70
2008-03-21 15:00:00,165.59
2008-03-21 16:00:00,217.97
2008-03-21 17:00:00,108.78
2008-03-21 18:00:00,125.94
2008-03-21 19:00:00,120.65
2008-03-21 20:00:00,125.19
2008-03-21 21:00:00,181.72
2008-03-21 22:00:00,88.50
2008-03-21 23:00:00,28.38
2008-03-22 00:00:00,21.68
2008-03-22 01:00:00,20.92
2008-03-22 02:00:00,20.98
2008-03-22 03:00:00,20.73
2008-03-22 04:00:00,20.21
2008-03-22 05:00:00,49.81
2008-03-22 06:00:00,20.80
2008-03-22 07:00:00,41.95
2008-03-22 08:00:00,81.04
2008-03-22 09:00:00,77.51
2008-03-22 10:00:00,118.55
2008-03-22 11:00:00,104.50
2008-03-22 12:00:00,69.24
2008-03-22 13:00:00,44.15
2008-03-22 14:00:00,19.43
2008-03-22 15:00:00,17.68
2008-03-22 16:00:00,185.12
2008-03-22 17:00:00,131.79
2008-03-22 18:00:00,172.88
2008-03-22 19:00:00,214.98
2008-03-22 20:00:00,221.28
2008-03-22 21:00:00,173.58
2008-03-22 22:00:00,110.64
2008-03-22 23:00:00,94.08
2008-03-23 00:00:00,27.42
2008-03-23 01:00:00,18.69
2008-03-23 02:00:00,19.75
2008-03-23 03:00:00,17.74
2008-03-23 04:00:00,17.67
2008-03-23 05:00:00,17.92
2008-03-23 06:00:00,17.44
2008-03-23 07:00:00,29.08
2008-03-23 08:00:00,82.89
2008-03-23 09:00:00,119.80
2008-03-23 10:00:00,128.81
2008-03-23 11:00:00,85.97
2008-03-23 12:00:00,87.97
2008-03-23 13:00:00,191.83
2008-03-23 14:00:00,206.83
2008-03-23 15:00:00,104.42
2008-03-23 16:00:00,138.10
2008-03-23 17:00:00,100.85
2008-03-23 18:00:00,170.04
2008-03-23 19:00:00,196.65
2008-03-23 20:00:00,296.04
2008-03-23 21:00:00,103.34
2008-03-23 22:00:00,93.17
2008-03-23 23:00:00,53.58
2008-03-24 00:00:00,25.47
2008-03-24 01:00:00,28.01
2008-03-24 02:00:00,28.95
2008-03-24 03:00:00,60.74
2008-03-24 04:00:00,17.68
2008-03-24 05:00:00,17.11
2008-03-24 06:00:00,16.67
2008-03-24 07:00:00,36.10
2008-03-24 08:00:00,20.69
2008-03-24 09:00:00,191.38
2008-03-24 10:00:00,93.88
2008-03-24 11:00:00,99.74
2008-03-24 12:00:00,116.87
2008-03-24 13:00:00,100.38
2008-03-24 14:00:00,110.95
2008-03-24 15:00:00,186.21
2008-03-24 16:00:00,42.03
2008-03-24 17:00:00,57.57
2008-03-24 18:00:00,74.59
2008-03-24 19:00:00,152.61
2008-03-24 20:00:00,120.21
2008-03-24 21:00:00,134.96
2008-03-24 22:00:00,155.78
2008-03-24 23:00:00,87.69
2008-03-25 00:00:00,16.98
2008-03-25 01:00:00,19.96
2008-03-25 02:00:00,16.76
2008-03-25 03:00:00,16.09
2008-03-25 04:00:00,16.05
2008-03-25 05:00:00,18.00
2008-03-25 06:00:00,79.86
2008-03-25 07:00:00,133.01
2008-03-25 08:00:00,117.18
2008-03-25 09:00:00,113.30
2008-03-25 10:00:00,81.16
2008-03-25 11:00:00,127.69
2008-03-25 12:00:00,116.18
2008-03-25 13:00:00,209.90
2008-03-25 14:00:00,126.02
2008-03-25 15:00:00,87.62
2008-03-25 16:00:00,92.94
2008-03-25 17:00:00,61.46
2008-03-25 18:00:00,34.94
2008-03-25 19:00:00,108.35
2008-03-25 20:00:00,114.86
2008-03-25 21:00:00,204.38
2008-03-25 22:00:00,81.39
2008-03-25 23:00:00,21.78
2008-03-26 00:00:00,17.71
2008-03-26 01:00:00,16.07
2008-03-26 02:00:00,16.33
2008-03-26 03:00:00,18.86
2008-03-26 04:00:00,21.13
2008-03-26 05:00:00,52.51
2008-03-26 06:00:00,65.17
2008-03-26 07:00:00,103.10
2008-03-26 08:00:00,80.56
2008-03-26 09:00:00,116.64
2008-03-26 10:00:00,84.55
2008-03-26 11:00:00,158.74
2008-03-26 12:00:00,119.83
2008-03-26 13:00:00,32.56
2008-03-26 14:00:00,16.90
2008-03-26 15:00:00,52.29
2008-03-26 16:00:00,18.41
2008-03-26 17:00:00,45.32
2008-03-26 18:00:00,119.00
2008-03-26 19:00:00,122.76
2008-03-26 20:00:00,139.79
2008-03-26 21:00:00,109.93
2008-03-26 22:00:00,49.44
2008-03-26 23:00:00,55.88
2008-03-27 00:00:00,17.51
2008-03-27 01:00:00,39.65
2008-03-27 02:00:00,30.88
2008-03-27 03:00:00,18.49
2008-03-27 04:00:00,17.82
2008-03-27 05:00:00,16.02
2008-03-27 06:00:00,44.08
2008-03-27 07:00:00,107.99
2008-03-27 08:00:00,101.76
2008-03-27 09:00:00,80.49
2008-03-27 10:00:00,80.15
2008-03-27 11:00:00,89.25
2008-03-27 12:00:00,74.33
2008-03-27 13:00:00,17.50
2008-03-27 14:00:00,17.70
2008-03-27 15:00:00,18.81
2008-03-27 16:00:00,19.63
2008-03-27 17:00:00,82.33
2008-03-27 18:00:00,86.44
2008-03-27 19:00:00,57.61
2008-03-27 20:00:00,121.79
2008-03-27 21:00:00,134.12
2008-03-27 22:00:00,65.02
2008-03-27 23:00:00,31.45
2008-03-28 00:00:00,16.36
2008-03-28 01:00:00,19.95
2008-03-28 02:00:00,16.10
2008-03-28 03:00:00,35.51
2008-03-28 04:00:00,34.49
2008-03-28 05:00:00,18.23
2008-03-28 06:00:00,50.81
2008-03-28 07:00:00,111.56
2008-03-28 08:00:00,119.82
2008-03-28 09:00:00,129.55
2008-03-28 10:00:00,130.44
2008-03-28 11:00:00,207.46
2008-03-28 12:00:00,123.96
2008-03-28 13:00:00,83.32
2008-03-28 14:00:00,77.27
2008-03-28 15:00:00,17.16
2008-03-28 16:00:00,20.37
2008-03-28 17:00:00,26.70
2008-03-28 18:00:00,30.18
2008-03-28 19:00:00,229.56
2008-03-28 20:00:00,154.44
2008-03-28 21:00:00,154.45
2008-03-28 22:00:00,57.85
2008-03-28 23:00:00,19.89
2008-03-29 00:00:00,20.25
2008-03-29 01:00:00,17.38
2008-03-29 02:00:00,17.15
2008-03-29 03:00:00,16.05
2008-03-29 04:00:00,52.59
2008-03-29 05:00:00,18.06
2008-03-29 06:00:00,16.84
2008-03-29 07:00:00,27.34
2008-03-29 08:00:00,95.60
2008-03-29 09:00:00,122.20
2008-03-29 10:00:00,122.50
2008-03-29 11:00:00,176.86
2008-03-29 12:00:00,113.04
2008-03-29 13:00:00,113.29
2008-03-29 14:00:00,89.57
2008-03-29 15:00:00,87.93
2008-03-29 16:00:00,92.29
2008-03-29 17:00:00,157.33
2008-03-29 18:00:00,154.34
2008-03-29 19:00:00,203.70
2008-03-29 20:00:00,222.83
2008-03-29 21:00:00,190.53
2008-03-29 22:00:00,181.09
2008-03-29 23:00:00,162.41
2008-03-30 00:00:00,170.85
2008-03-30 01:00:00,138.32
2008-03-30 02:00:00,82.32
2008-03-30 03:00:00,78.86
2008-03-30 04:00:00,51.31
2008-03-30 05:00:00,18.55
2008-03-30 06:00:00,16.19
2008-03-30 07:00:00,16.47
2008-03-30 08:00:00,17.29
2008-03-30 09:00:00,41.53
2008-03-30 10:00:00,83.46
2008-03-30 11:00:00,115.29
2008-03-30 12:00:00,149.25
2008-03-30 13:00:00,138.88
2008-03-30 14:00:00,82.55
2008-03-30 15:00:00,40.62
2008-03-30 16:00:00,71.90
2008-03-30 17:00:00,35.32
2008-03-30 18:00:00,218.22
2008-03-30 19:00:00,96.86
2008-03-30 20:00:00,208.69
2008-03-30 21:00:00,183.34
2008-03-30 22:00:00,65.18
2008-03-30 23:00:00,25.11
2008-03-31 00:00:00,21.84
2008-03-31 01:00:00,20.60
2008-03-31 02:00:00,17.06
2008-03-31 03:00:00,17.08
2008-03-31 04:00:00,33.01
2008-03-31 05:00:00,35.61
2008-03-31 06:00:00,27.47
2008-03-31 07:00:00,153.54
2008-03-31 08:00:00,120.21
2008-03-31 09:00:00,81.03
2008-03-31 10:00:00,80.24
2008-03-31 11:00:00,77.91
2008-03-31 12:00:00,19.62
2008-03-31 13:00:00,16.56
2008-03-31 14:00:00,17.33
2008-03-31 15:00:00,18.62
2008-03-31 16:00:00,18.92
2008-03-31 17:00:00,18.03
2008-03-31 18:00:00,18.21
2008-03-31 19:00:00,55.03
2008-03-31 20:00:00,123.47
2008-03-31 21:00:00,157.57
2008-03-31 22:00:00,141.06
2008-03-31 23:00:00,87.55
2008-04-01 00:00:00,83.77
2008-04-01 01:00:00,46.79
2008-04-01 02:00:00,20.31
2008-04-01 03:00:00,20.67
2008-04-01 04:00:00,17.57
2008-04-01 05:00:00,16.46
2008-04-01 06:00:00,19.58
2008-04-01 07:00:00,78.49
2008-04-01 08:00:00,89.36
2008-04-01 09:00:00,89.99
2008-04-01 10:00:00,93.65
2008-04-01 11:00:00,92.35
2008-04-01 12:00:00,140.60
2008-04-01 13:00:00,200.74
2008-04-01 14:00:00,233.63
2008-04-01 15:00:00,221.61
2008-04-01 16:00:00,129.40
2008-04-01 17:00:00,59.76
2008-04-01 18:00:00,21.30
2008-04-01 19:00:00,37.34
2008-04-01 20:00:00,135.91
2008-04-01 21:00:00,149.45
2008-04-01 22:00:00,112.07
2008-04-01 23:00:00,18.26
2008-04-02 00:00:00,17.48
2008-04-02 01:00:00,17.60
2008-04-02 02:00:00,20.46
2008-04-02 03:00:00,16.69
2008-04-02 04:00:00,17.74
2008-04-02 05:00:00,18.94
2008-04-02 06:00:00,77.90
2008-04-02 07:00:00,120.14
2008-04-02 08:00:00,101.55
2008-04-02 09:00:00,92.59
2008-04-02 10:00:00,89.66
2008-04-02 11:00:00,81.99
2008-04-02 12:00:00,80.38
2008-04-02 13:00:00,51.63
2008-04-02 14:00:00,20.68
2008-04-02 15:00:00,19.54
2008-04-02 16:00:00,42.65
2008-04-02 17:00:00,23.32
2008-04-02 18:00:00,70.79
2008-04-02 19:00:00,161.35
2008-04-02 20:00:00,97.71
2008-04-02 21:00:00,204.38
2008-04-02 22:00:00,140.31
2008-04-02 23:00:00,106.20
2008-04-03 00:00:00,18.15
2008-04-03 01:00:00,16.67
2008-04-03 02:00:00,24.08
2008-04-03 03:00:00,55.19
2008-04-03 04:00:00,15.58
2008-04-03 05:00:00,16.29
2008-04-03 06:00:00,93.49
2008-04-03 07:00:00,120.97
2008-04-03 08:00:00,88.00
2008-04-03 09:00:00,84.36
2008-04-03 10:00:00,82.06
2008-04-03 11:00:00,53.65
2008-04-03 12:00:00,16.45
2008-04-03 13:00:00,19.39
2008-04-03 14:00:00,16.34
2008-04-03 15:00:00,29.15
2008-04-03 16:00:00,25.36
2008-04-03 17:00:00,28.61
2008-04-03 18:00:00,37.41
2008-04-03 19:00:00,76.82
2008-04-03 20:00:00,82.28
2008-04-03 21:00:00,81.63
2008-04-03 22:00:00,28.09
2008-04-03 23:00:00,18.75
2008-04-04 00:00:00,19.00
2008-04-04 01:00:00,57.87
2008-04-04 02:00:00,16.43
2008-04-04 03:00:00,18.62
2008-04-04 04:00:00,16.39
2008-04-04 05:00:00,15.85
2008-04-04 06:00:00,17.20
2008-04-04 07:00:00,115.44
2008-04-04 08:00:00,136.05
2008-04-04 09:00:00,124.26
2008-04-04 10:00:00,144.03
2008-04-04 11:00:00,82.41
2008-04-04 12:00:00,80.38
2008-04-04 13:00:00,81.16
2008-04-04 14:00:00,60.82
2008-04-04 15:00:00,16.70
2008-04-04 16:00:00,17.31
2008-04-04 17:00:00,22.05
2008-04-04 18:00:00,18.05
2008-04-04 19:00:00,99.56
2008-04-04 20:00:00,128.41
2008-04-04 21:00:00,136.78
2008-04-04 22:00:00,123.03
2008-04-04 23:00:00,84.10
2008-04-05 00:00:00,64.71
2008-04-05 01:00:00,16.40
2008-04-05 02:00:00,15.58
2008-04-05 03:00:00,16.98
2008-04-05 04:00:00,19.32
2008-04-05 05:00:00,16.01
2008-04-05 06:00:00,17.15
2008-04-05 07:00:00,56.68
2008-04-05 08:00:00,72.46
2008-04-05 09:00:00,86.12
2008-04-05 10:00:00,27.92
2008-04-05 11:00:00,76.67
2008-04-05 12:00:00,112.64
2008-04-05 13:00:00,127.69
2008-04-05 14:00:00,135.37
2008-04-05 15:00:00,102.34
2008-04-05 16:00:00,128.88
2008-04-05 17:00:00,138.62
2008-04-05 18:00:00,97.49
2008-04-05 19:00:00,128.19
2008-04-05 20:00:00,230.47
2008-04-05 21:00:00,158.32
2008-04-05 22:00:00,77.88
2008-04-05 23:00:00,46.88
2008-04-06 00:00:00,25.66
2008-04-06 01:00:00,20.91
2008-04-06 02:00:00,20.29
2008-04-06 03:00:00,18.16
2008-04-06 04:00:00,40.63
2008-04-06 05:00:00,30.51
2008-04-06 06:00:00,18.78
2008-04-06 07:00:00,18.49
2008-04-06 08:00:00,63.84
2008-04-06 09:00:00,72.07
2008-04-06 10:00:00,59.62
2008-04-06 11:00:00,220.80
2008-04-06 12:00:00,162.61
2008-04-06 13:00:00,112.62
2008-04-06 14:00:00,70.18
2008-04-06 15:00:00,23.98
2008-04-06 16:00:00,28.99
2008-04-06 17:00:00,30.65
2008-04-06 18:00:00,54.00
2008-04-06 19:00:00,139.04
2008-04-06 20:00:00,160.71
2008-04-06 21:00:00,136.73
2008-04-06 22:00:00,109.05
2008-04-06 23:00:00,58.02
2008-04-07 00:00:00,28.62
2008-04-07 01:00:00,19.03
2008-04-07 02:00:00,25.83
2008-04-07 03:00:00,46.45
2008-04-07 04:00:00,18.45
2008-04-07 05:00:00,19.09
2008-04-07 06:00:00,40.05
2008-04-07 07:00:00,81.47
2008-04-07 08:00:00,123.62
2008-04-07 09:00:00,121.47
2008-04-07 10:00:00,84.96
2008-04-07 11:00:00,86.10
2008-04-07 12:00:00,73.61
2008-04-07 13:00:00,27.35
2008-04-07 14:00:00,33.02
2008-04-07 15:00:00,26.71
2008-04-07 16:00:00,28.26
2008-04-07 17:00:00,21.58
2008-04-07 18:00:00,25.81
2008-04-07 19:00:00,186.93
2008-04-07 20:00:00,149.74
2008-04-07 21:00:00,163.57
2008-04-07 22:00:00,84.65
2008-04-07 23:00:00,22.47
2008-04-08 00:00:00,19.47
2008-04-08 01:00:00,19.19
2008-04-08 02:00:00,20.52
2008-04-08 03:00:00,29.61
2008-04-08 04:00:00,46.64
2008-04-08 05:00:00,18.52
2008-04-08 06:00:00,90.85
2008-04-08 07:00:00,209.95
2008-04-08 08:00:00,168.19
2008-04-08 09:00:00,129.07
2008-04-08 10:00:00,258.66
2008-04-08 11:00:00,280.73
2008-04-08 12:00:00,221.87
2008-04-08 13:00:00,215.79
2008-04-08 14:00:00,96.57
2008-04-08 15:00:00,86.68
2008-04-08 16:00:00,85.29
2008-04-08 17:00:00,87.50
2008-04-08 18:00:00,86.23
2008-04-08 19:00:00,134.97
2008-04-08 20:00:00,145.53
2008-04-08 21:00:00,110.62
2008-04-08 22:00:00,62.12
2008-04-08 23:00:00,32.95
2008-04-09 00:00:00,47.58
2008-04-09 01:00:00,20.84
2008-04-09 02:00:00,18.43
2008-04-09 03:00:00,18.39
2008-04-09 04:00:00,21.27
2008-04-09 05:00:00,19.25
2008-04-09 06:00:00,30.80
2008-04-09 07:00:00,171.10
2008-04-09 08:00:00,88.29
2008-04-09 09:00:00,83.02
2008-04-09 10:00:00,82.23
2008-04-09 11:00:00,84.88
2008-04-09 12:00:00,53.36
2008-04-09 13:00:00,22.52
2008-04-09 14:00:00,19.19
2008-04-09 15:00:00,20.04
2008-04-09 16:00:00,21.13
2008-04-09 17:00:00,18.17
2008-04-09 18:00:00,19.44
2008-04-09 19:00:00,87.18
2008-04-09 20:00:00,89.87
2008-04-09 21:00:00,86.78
2008-04-09 22:00:00,75.99
2008-04-09 23:00:00,19.09
2008-04-10 00:00:00,20.09
2008-04-10 01:00:00,22.70
2008-04-10 02:00:00,18.70
2008-04-10 03:00:00,17.98
2008-04-10 04:00:00,17.90
2008-04-10 05:00:00,18.11
2008-04-10 06:00:00,90.84
2008-04-10 07:00:00,150.18
2008-04-10 08:00:00,128.53
2008-04-10 09:00:00,120.54
2008-04-10 10:00:00,56.04
2008-04-10 11:00:00,20.87
2008-04-10 12:00:00,21.51
2008-04-10 13:00:00,19.10
2008-04-10 14:00:00,18.21
2008-04-10 15:00:00,18.19
2008-04-10 16:00:00,19.75
2008-04-10 17:00:00,26.21
2008-04-10 18:00:00,58.82
2008-04-10 19:00:00,70.34
2008-04-10 20:00:00,145.36
2008-04-10 21:00:00,112.80
2008-04-10 22:00:00,136.49
2008-04-10 23:00:00,148.49
2008-04-11 00:00:00,82.08
2008-04-11 01:00:00,50.99
2008-04-11 02:00:00,19.32
2008-04-11 03:00:00,22.13
2008-04-11 04:00:00,18.51
2008-04-11 05:00:00,17.73
2008-04-11 06:00:00,69.60
2008-04-11 07:00:00,141.03
2008-04-11 08:00:00,125.28
2008-04-11 09:00:00,90.16
2008-04-11 10:00:00,80.86
2008-04-11 11:00:00,80.48
2008-04-11 12:00:00,79.41
2008-04-11 13:00:00,19.21
2008-04-11 14:00:00,18.08
2008-04-11 15:00:00,86.95
2008-04-11 16:00:00,87.16
2008-04-11 17:00:00,86.36
2008-04-11 18:00:00,85.34
2008-04-11 19:00:00,134.12
2008-04-11 20:00:00,160.78
2008-04-11 21:00:00,107.41
2008-04-11 22:00:00,129.20
2008-04-11 23:00:00,85.49
2008-04-12 00:00:00,66.79
2008-04-12 01:00:00,59.49
2008-04-12 02:00:00,24.16
2008-04-12 03:00:00,18.72
2008-04-12 04:00:00,18.40
2008-04-12 05:00:00,18.89
2008-04-12 06:00:00,21.48
2008-04-12 07:00:00,39.05
2008-04-12 08:00:00,70.89
2008-04-12 09:00:00,115.94
2008-04-12 10:00:00,82.39
2008-04-12 11:00:00,70.46
2008-04-12 12:00:00,76.48
2008-04-12 13:00:00,54.33
2008-04-12 14:00:00,210.49
2008-04-12 15:00:00,154.80
2008-04-12 16:00:00,174.40
2008-04-12 17:00:00,184.79
2008-04-12 18:00:00,339.39
2008-04-12 19:00:00,223.18
2008-04-12 20:00:00,184.59
2008-04-12 21:00:00,206.35
2008-04-12 22:00:00,189.38
2008-04-12 23:00:00,195.17
2008-04-13 00:00:00,200.08
2008-04-13 01:00:00,86.34
2008-04-13 02:00:00,84.50
2008-04-13 03:00:00,84.73
2008-04-13 04:00:00,87.42
2008-04-13 05:00:00,26.34
2008-04-13 06:00:00,20.85
2008-04-13 07:00:00,34.05
2008-04-13 08:00:00,35.48
2008-04-13 09:00:00,98.16
2008-04-13 10:00:00,105.77
2008-04-13 11:00:00,57.40
2008-04-13 12:00:00,38.88
2008-04-13 13:00:00,73.37
2008-04-13 14:00:00,85.76
2008-04-13 15:00:00,38.23
2008-04-13 16:00:00,20.93
2008-04-13 17:00:00,164.42
2008-04-13 18:00:00,240.59
2008-04-13 19:00:00,187.69
2008-04-13 20:00:00,183.71
2008-04-13 21:00:00,153.30
2008-04-13 22:00:00,95.64
2008-04-13 23:00:00,29.32
2008-04-14 00:00:00,20.42
2008-04-14 01:00:00,19.89
2008-04-14 02:00:00,23.36
2008-04-14 03:00:00,31.08
2008-04-14 04:00:00,40.34
2008-04-14 05:00:00,19.62
2008-04-14 06:00:00,61.46
2008-04-14 07:00:00,180.72
2008-04-14 08:00:00,88.45
2008-04-14 09:00:00,88.88
2008-04-14 10:00:00,93.03
2008-04-14 11:00:00,90.76
2008-04-14 12:00:00,88.90
2008-04-14 13:00:00,90.80
2008-04-14 14:00:00,43.51
2008-04-14 15:00:00,23.80
2008-04-14 16:00:00,24.66
2008-04-14 17:00:00,25.62
2008-04-14 18:00:00,21.77
2008-04-14 19:00:00,33.83
2008-04-14 20:00:00,81.77
2008-04-14 21:00:00,134.74
2008-04-14 22:00:00,154.72
2008-04-14 23:00:00,107.44
2008-04-15 00:00:00,28.26
2008-04-15 01:00:00,20.47
2008-04-15 02:00:00,18.91
2008-04-15 03:00:00,19.74
2008-04-15 04:00:00,22.31
2008-04-15 05:00:00,19.33
2008-04-15 06:00:00,62.20
2008-04-15 07:00:00,57.23
2008-04-15 08:00:00,102.78
2008-04-15 09:00:00,85.36
2008-04-15 10:00:00,114.50
2008-04-15 11:00:00,166.66
2008-04-15 12:00:00,267.81
2008-04-15 13:00:00,122.66
2008-04-15 14:00:00,21.97
2008-04-15 15:00:00,20.19
2008-04-15 16:00:00,23.99
2008-04-15 17:00:00,20.35
2008-04-15 18:00:00,20.18
2008-04-15 19:00:00,25.78
2008-04-15 20:00:00,95.56
2008-04-15 21:00:00,101.31
2008-04-15 22:00:00,175.31
2008-04-15 23:00:00,57.55
2008-04-16 00:00:00,20.63
2008-04-16 01:00:00,20.72
2008-04-16 02:00:00,19.76
2008-04-16 03:00:00,22.75
2008-04-16 04:00:00,19.80
2008-04-16 05:00:00,24.78
2008-04-16 06:00:00,72.16
2008-04-16 07:00:00,107.69
2008-04-16 08:00:00,84.59
2008-04-16 09:00:00,86.92
2008-04-16 10:00:00,91.62
2008-04-16 11:00:00,24.08
2008-04-16 12:00:00,26.06
2008-04-16 13:00:00,63.37
2008-04-16 14:00:00,62.04
2008-04-16 15:00:00,29.75
2008-04-16 16:00:00,71.91
2008-04-16 17:00:00,84.54
2008-04-16 18:00:00,84.27
2008-04-16 19:00:00,103.64
2008-04-16 20:00:00,129.59
2008-04-16 21:00:00,105.98
2008-04-16 22:00:00,69.89
2008-04-16 23:00:00,62.53
2008-04-17 00:00:00,42.46
2008-04-17 01:00:00,41.03
2008-04-17 02:00:00,18.71
2008-04-17 03:00:00,18.33
2008-04-17 04:00:00,19.24
2008-04-17 05:00:00,21.29
2008-04-17 06:00:00,51.10
2008-04-17 07:00:00,118.97
2008-04-17 08:00:00,100.40
2008-04-17 09:00:00,84.93
2008-04-17 10:00:00,73.31
2008-04-17 11:00:00,19.00
2008-04-17 12:00:00,21.24
2008-04-17 13:00:00,21.86
2008-04-17 14:00:00,19.76
2008-04-17 15:00:00,19.73
2008-04-17 16:00:00,23.00
2008-04-17 17:00:00,21.65
2008-04-17 18:00:00,62.87
2008-04-17 19:00:00,41.85
2008-04-17 20:00:00,182.22
2008-04-17 21:00:00,233.57
2008-04-17 22:00:00,106.59
2008-04-17 23:00:00,32.73
2008-04-18 00:00:00,24.70
2008-04-18 01:00:00,20.15
2008-04-18 02:00:00,19.84
2008-04-18 03:00:00,20.90
2008-04-18 04:00:00,32.71
2008-04-18 05:00:00,45.78
2008-04-18 06:00:00,43.63
2008-04-18 07:00:00,94.97
2008-04-18 08:00:00,108.30
2008-04-18 09:00:00,87.15
2008-04-18 10:00:00,187.14
2008-04-18 11:00:00,197.18
2008-04-18 12:00:00,200.92
2008-04-18 13:00:00,91.87
2008-04-18 14:00:00,92.26
2008-04-18 15:00:00,39.95
2008-04-18 16:00:00,36.05
2008-04-18 17:00:00,20.84
2008-04-18 18:00:00,19.28
2008-04-18 19:00:00,34.14
2008-04-18 20:00:00,126.49
2008-04-18 21:00:00,118.91
2008-04-18 22:00:00,138.41
2008-04-18 23:00:00,60.82
2008-04-19 00:00:00,41.40
2008-04-19 01:00:00,20.53
2008-04-19 02:00:00,22.15
2008-04-19 03:00:00,24.42
2008-04-19 04:00:00,19.49
2008-04-19 05:00:00,53.11
2008-04-19 06:00:00,26.73
2008-04-19 07:00:00,37.81
2008-04-19 08:00:00,31.27
2008-04-19 09:00:00,125.33
2008-04-19 10:00:00,100.09
2008-04-19 11:00:00,104.43
2008-04-19 12:00:00,97.68
2008-04-19 13:00:00,79.39
2008-04-19 14:00:00,137.66
2008-04-19 15:00:00,212.02
2008-04-19 16:00:00,124.19
2008-04-19 17:00:00,105.39
2008-04-19 18:00:00,140.56
2008-04-19 19:00:00,161.70
2008-04-19 20:00:00,136.16
2008-04-19 21:00:00,177.87
2008-04-19 22:00:00,155.21
2008-04-19 23:00:00,119.13
2008-04-20 00:00:00,26.62
2008-04-20 01:00:00,65.31
2008-04-20 02:00:00,46.10
2008-04-20 03:00:00,21.50
2008-04-20 04:00:00,19.74
2008-04-20 05:00:00,20.29
2008-04-20 06:00:00,24.14
2008-04-20 07:00:00,83.90
2008-04-20 08:00:00,19.85
2008-04-20 09:00:00,28.02
2008-04-20 10:00:00,36.00
2008-04-20 11:00:00,67.21
2008-04-20 12:00:00,98.38
2008-04-20 13:00:00,101.77
2008-04-20 14:00:00,92.12
2008-04-20 15:00:00,92.64
2008-04-20 16:00:00,95.22
2008-04-20 17:00:00,28.58
2008-04-20 18:00:00,22.92
2008-04-20 19:00:00,105.24
2008-04-20 20:00:00,174.44
2008-04-20 21:00:00,340.28
2008-04-20 22:00:00,154.78
2008-04-20 23:00:00,26.35
2008-04-21 00:00:00,20.05
2008-04-21 01:00:00,22.11
2008-04-21 02:00:00,27.05
2008-04-21 03:00:00,19.99
2008-04-21 04:00:00,19.15
2008-04-21 05:00:00,54.72
2008-04-21 06:00:00,28.96
2008-04-21 07:00:00,109.02
2008-04-21 08:00:00,91.99
2008-04-21 09:00:00,86.81
2008-04-21 10:00:00,86.95
2008-04-21 11:00:00,43.43
2008-04-21 12:00:00,19.42
2008-04-21 13:00:00,25.59
2008-04-21 14:00:00,20.93
2008-04-21 15:00:00,19.78
2008-04-21 16:00:00,19.63
2008-04-21 17:00:00,23.56
2008-04-21 18:00:00,22.32
2008-04-21 19:00:00,43.38
2008-04-21 20:00:00,88.57
2008-04-21 21:00:00,81.59
2008-04-21 22:00:00,66.76
2008-04-21 23:00:00,122.38
2008-04-22 00:00:00,23.64
2008-04-22 01:00:00,21.90
2008-04-22 02:00:00,66.93
2008-04-22 03:00:00,22.55
2008-04-22 04:00:00,22.66
2008-04-22 05:00:00,18.86
2008-04-22 06:00:00,42.59
2008-04-22 07:00:00,120.10
2008-04-22 08:00:00,132.44
2008-04-22 09:00:00,18.82
2008-04-22 10:00:00,19.48
2008-04-22 11:00:00,23.23
2008-04-22 12:00:00,19.44
2008-04-22 13:00:00,160.77
2008-04-22 14:00:00,179.10
2008-04-22 15:00:00,209.64
2008-04-22 16:00:00,110.78
2008-04-22 17:00:00,85.21
2008-04-22 18:00:00,89.22
2008-04-22 19:00:00,68.79
2008-04-22 20:00:00,54.26
2008-04-22 21:00:00,69.15
2008-04-22 22:00:00,23.97
2008-04-22 23:00:00,24.15
2008-04-23 00:00:00,20.27
2008-04-23 01:00:00,21.90
2008-04-23 02:00:00,20.88
2008-04-23 03:00:00,22.22
2008-04-23 04:00:00,18.61
2008-04-23 05:00:00,74.29
2008-04-23 06:00:00,25.62
2008-04-23 07:00:00,62.39
2008-04-23 08:00:00,89.22
2008-04-23 09:00:00,82.61
2008-04-23 10:00:00,86.66
2008-04-23 11:00:00,61.94
2008-04-23 12:00:00,20.12
2008-04-23 13:00:00,21.73
2008-04-23 14:00:00,24.21
2008-04-23 15:00:00,19.54
2008-04-23 16:00:00,21.18
2008-04-23 17:00:00,48.59
2008-04-23 18:00:00,22.67
2008-04-23 19:00:00,91.57
2008-04-23 20:00:00,124.65
2008-04-23 21:00:00,161.58
2008-04-23 22:00:00,102.46
2008-04-23 23:00:00,112.42
2008-04-24 00:00:00,147.54
2008-04-24 01:00:00,70.03
2008-04-24 02:00:00,19.04
2008-04-24 03:00:00,21.11
2008-04-24 04:00:00,21.34
2008-04-24 05:00:00,18.85
2008-04-24 06:00:00,33.89
2008-04-24 07:00:00,93.37
2008-04-24 08:00:00,65.29
2008-04-24 09:00:00,19.24
2008-04-24 10:00:00,20.47
2008-04-24 11:00:00,21.37
2008-04-24 12:00:00,19.29
2008-04-24 13:00:00,18.58
2008-04-24 14:00:00,25.58
2008-04-24 15:00:00,32.03
2008-04-24 16:00:00,41.65
2008-04-24 17:00:00,19.84
2008-04-24 18:00:00,22.24
2008-04-24 19:00:00,25.78
2008-04-24 20:00:00,85.17
2008-04-24 21:00:00,76.03
2008-04-24 22:00:00,66.25
2008-04-24 23:00:00,59.79
2008-04-25 00:00:00,20.61
2008-04-25 01:00:00,21.45
2008-04-25 02:00:00,18.29
2008-04-25 03:00:00,18.99
2008-04-25 04:00:00,21.39
2008-04-25 05:00:00,19.13
2008-04-25 06:00:00,65.51
2008-04-25 07:00:00,94.84
2008-04-25 08:00:00,88.53
2008-04-25 09:00:00,84.19
2008-04-25 10:00:00,70.72
2008-04-25 11:00:00,22.36
2008-04-25 12:00:00,52.78
2008-04-25 13:00:00,185.87
2008-04-25 14:00:00,124.96
2008-04-25 15:00:00,86.42
2008-04-25 16:00:00,58.09
2008-04-25 17:00:00,18.43
2008-04-25 18:00:00,26.47
2008-04-25 19:00:00,48.15
2008-04-25 20:00:00,49.01
2008-04-25 21:00:00,28.35
2008-04-25 22:00:00,24.42
2008-04-25 23:00:00,18.78
2008-04-26 00:00:00,42.42
2008-04-26 01:00:00,37.96
2008-04-26 02:00:00,20.93
2008-04-26 03:00:00,18.37
2008-04-26 04:00:00,21.97
2008-04-26 05:00:00,19.98
2008-04-26 06:00:00,18.62
2008-04-26 07:00:00,19.28
2008-04-26 08:00:00,30.69
2008-04-26 09:00:00,28.57
2008-04-26 10:00:00,70.82
2008-04-26 11:00:00,48.90
2008-04-26 12:00:00,30.42
2008-04-26 13:00:00,34.19
2008-04-26 14:00:00,35.02
2008-04-26 15:00:00,42.74
2008-04-26 16:00:00,41.87
2008-04-26 17:00:00,36.27
2008-04-26 18:00:00,39.76
2008-04-26 19:00:00,40.03
2008-04-26 20:00:00,33.18
2008-04-26 21:00:00,113.62
2008-04-26 22:00:00,40.32
2008-04-26 23:00:00,37.22
2008-04-27 00:00:00,73.66
2008-04-27 01:00:00,60.68
2008-04-27 02:00:00,29.79
2008-04-27 03:00:00,22.52
2008-04-27 04:00:00,20.24
2008-04-27 05:00:00,21.28
2008-04-27 06:00:00,20.52
2008-04-27 07:00:00,36.67
2008-04-27 08:00:00,62.38
2008-04-27 09:00:00,38.26
2008-04-27 10:00:00,42.50
2008-04-27 11:00:00,30.90
2008-04-27 12:00:00,24.21
2008-04-27 13:00:00,48.61
2008-04-27 14:00:00,34.69
2008-04-27 15:00:00,49.71
2008-04-27 16:00:00,92.37
2008-04-27 17:00:00,30.06
2008-04-27 18:00:00,85.49
2008-04-27 19:00:00,81.30
2008-04-27 20:00:00,35.83
2008-04-27 21:00:00,23.37
2008-04-27 22:00:00,23.02
2008-04-27 23:00:00,20.18
2008-04-28 00:00:00,21.49
2008-04-28 01:00:00,37.46
2008-04-28 02:00:00,18.71
2008-04-28 03:00:00,30.64
2008-04-28 04:00:00,51.60
2008-04-28 05:00:00,23.43
2008-04-28 06:00:00,18.48
2008-04-28 07:00:00,20.84
2008-04-28 08:00:00,25.55
2008-04-28 09:00:00,18.80
2008-04-28 10:00:00,33.26
2008-04-28 11:00:00,41.25
2008-04-28 12:00:00,27.53
2008-04-28 13:00:00,19.52
2008-04-28 14:00:00,68.05
2008-04-28 15:00:00,23.57
2008-04-28 16:00:00,24.52
2008-04-28 17:00:00,25.36
2008-04-28 18:00:00,21.00
2008-04-28 19:00:00,21.24
2008-04-28 20:00:00,22.65
2008-04-28 21:00:00,18.75
2008-04-28 22:00:00,22.82
2008-04-28 23:00:00,22.56
2008-04-29 00:00:00,49.50
2008-04-29 01:00:00,44.70
2008-04-29 02:00:00,21.47
2008-04-29 03:00:00,18.69
2008-04-29 04:00:00,21.96
2008-04-29 05:00:00,22.32
2008-04-29 06:00:00,19.61
2008-04-29 07:00:00,18.79
2008-04-29 08:00:00,21.17
2008-04-29 09:00:00,21.94
2008-04-29 10:00:00,136.34
2008-04-29 11:00:00,154.63
2008-04-29 12:00:00,275.35
2008-04-29 13:00:00,228.19
2008-04-29 14:00:00,89.80
2008-04-29 15:00:00,63.18
2008-04-29 16:00:00,22.30
2008-04-29 17:00:00,31.79
2008-04-29 18:00:00,90.01
2008-04-29 19:00:00,125.86
2008-04-29 20:00:00,72.68
2008-04-29 21:00:00,104.70
2008-04-29 22:00:00,182.97
2008-04-29 23:00:00,134.68
2008-04-30 00:00:00,118.30
2008-04-30 01:00:00,123.28
2008-04-30 02:00:00,145.85
2008-04-30 03:00:00,89.93
2008-04-30 04:00:00,22.55
2008-04-30 05:00:00,18.82
2008-04-30 06:00:00,19.55
2008-04-30 07:00:00,21.30
2008-04-30 08:00:00,60.23
2008-04-30 09:00:00,83.34
2008-04-30 10:00:00,85.37
2008-04-30 11:00:00,32.19
2008-04-30 12:00:00,20.04
2008-04-30 13:00:00,18.89
2008-04-30 14:00:00,23.05
2008-04-30 15:00:00,22.91
2008-04-30 16:00:00,18.58
2008-04-30 17:00:00,18.54
2008-04-30 18:00:00,47.23
2008-04-30 19:00:00,32.94
2008-04-30 20:00:00,18.23
2008-04-30 21:00:00,19.48
2008-04-30 22:00:00,22.66
2008-04-30 23:00:00,18.47
2008-05-01 00:00:00,19.19
2008-05-01 01:00:00,20.51
2008-05-01 02:00:00,20.39
2008-05-01 03:00:00,18.86
2008-05-01 04:00:00,61.59
2008-05-01 05:00:00,22.19
2008-05-01 06:00:00,19.20
2008-05-01 07:00:00,18.88
2008-05-01 08:00:00,20.25
2008-05-01 09:00:00,21.31
2008-05-01 10:00:00,19.24
2008-05-01 11:00:00,18.17
2008-05-01 12:00:00,22.09
2008-05-01 13:00:00,19.81
2008-05-01 14:00:00,65.00
2008-05-01 15:00:00,25.68
2008-05-01 16:00:00,21.67
2008-05-01 17:00:00,19.08
2008-05-01 18:00:00,21.42
2008-05-01 19:00:00,21.67
2008-05-01 20:00:00,19.28
2008-05-01 21:00:00,18.93
2008-05-01 22:00:00,19.74
2008-05-01 23:00:00,21.87
2008-05-02 00:00:00,37.16
2008-05-02 01:00:00,56.69
2008-05-02 02:00:00,21.71
2008-05-02 03:00:00,19.78
2008-05-02 04:00:00,18.95
2008-05-02 05:00:00,18.80
2008-05-02 06:00:00,22.20
2008-05-02 07:00:00,18.79
2008-05-02 08:00:00,18.56
2008-05-02 09:00:00,91.73
2008-05-02 10:00:00,167.40
2008-05-02 11:00:00,87.30
2008-05-02 12:00:00,85.90
2008-05-02 13:00:00,48.22
2008-05-02 14:00:00,19.16
2008-05-02 15:00:00,18.87
2008-05-02 16:00:00,22.74
2008-05-02 17:00:00,23.87
2008-05-02 18:00:00,83.59
2008-05-02 19:00:00,89.81
2008-05-02 20:00:00,158.08
2008-05-02 21:00:00,94.06
2008-05-02 22:00:00,127.31
2008-05-02 23:00:00,147.10
2008-05-03 00:00:00,173.39
2008-05-03 01:00:00,141.85
2008-05-03 02:00:00,40.32
2008-05-03 03:00:00,28.80
2008-05-03 04:00:00,22.73
2008-05-03 05:00:00,23.55
2008-05-03 06:00:00,27.24
2008-05-03 07:00:00,23.26
2008-05-03 08:00:00,23.15
2008-05-03 09:00:00,55.48
2008-05-03 10:00:00,147.66
2008-05-03 11:00:00,114.01
2008-05-03 12:00:00,44.98
2008-05-03 13:00:00,24.21
2008-05-03 14:00:00,19.44
2008-05-03 15:00:00,22.44
2008-05-03 16:00:00,21.89
2008-05-03 17:00:00,21.04
2008-05-03 18:00:00,22.01
2008-05-03 19:00:00,20.36
2008-05-03 20:00:00,59.61
2008-05-03 21:00:00,19.49
2008-05-03 22:00:00,151.55
2008-05-03 23:00:00,41.15
2008-05-04 00:00:00,44.14
2008-05-04 01:00:00,54.84
2008-05-04 02:00:00,41.85
2008-05-04 03:00:00,22.98
2008-05-04 04:00:00,19.93
2008-05-04 05:00:00,22.16
2008-05-04 06:00:00,22.30
2008-05-04 07:00:00,20.26
2008-05-04 08:00:00,33.36
2008-05-04 09:00:00,43.44
2008-05-04 10:00:00,56.29
2008-05-04 11:00:00,28.50
2008-05-04 12:00:00,39.07
2008-05-04 13:00:00,41.45
2008-05-04 14:00:00,35.58
2008-05-04 15:00:00,87.76
2008-05-04 16:00:00,48.01
2008-05-04 17:00:00,63.65
2008-05-04 18:00:00,202.23
2008-05-04 19:00:00,191.60
2008-05-04 20:00:00,46.95
2008-05-04 21:00:00,189.25
2008-05-04 22:00:00,88.99
2008-05-04 23:00:00,26.38
2008-05-05 00:00:00,21.12
2008-05-05 01:00:00,25.01
2008-05-05 02:00:00,21.15
2008-05-05 03:00:00,56.40
2008-05-05 04:00:00,21.20
2008-05-05 05:00:00,19.50
2008-05-05 06:00:00,96.25
2008-05-05 07:00:00,107.16
2008-05-05 08:00:00,119.48
2008-05-05 09:00:00,112.08
2008-05-05 10:00:00,81.68
2008-05-05 11:00:00,88.18
2008-05-05 12:00:00,72.62
2008-05-05 13:00:00,21.09
2008-05-05 14:00:00,23.95
2008-05-05 15:00:00,20.09
2008-05-05 16:00:00,31.34
2008-05-05 17:00:00,26.47
2008-05-05 18:00:00,24.17
2008-05-05 19:00:00,46.38
2008-05-05 20:00:00,112.86
2008-05-05 21:00:00,81.15
2008-05-05 22:00:00,95.45
2008-05-05 23:00:00,42.13
2008-05-06 00:00:00,29.09
2008-05-06 01:00:00,22.17
2008-05-06 02:00:00,24.14
2008-05-06 03:00:00,61.06
2008-05-06 04:00:00,20.69
2008-05-06 05:00:00,23.10
2008-05-06 06:00:00,34.97
2008-05-06 07:00:00,83.77
2008-05-06 08:00:00,82.81
2008-05-06 09:00:00,88.34
2008-05-06 10:00:00,68.90
2008-05-06 11:00:00,24.23
2008-05-06 12:00:00,19.33
2008-05-06 13:00:00,20.59
2008-05-06 14:00:00,131.98
2008-05-06 15:00:00,228.63
2008-05-06 16:00:00,180.52
2008-05-06 17:00:00,188.67
2008-05-06 18:00:00,98.80
2008-05-06 19:00:00,92.34
2008-05-06 20:00:00,35.12
2008-05-06 21:00:00,74.17
2008-05-06 22:00:00,107.89
2008-05-06 23:00:00,48.67
2008-05-07 00:00:00,25.59
2008-05-07 01:00:00,21.76
2008-05-07 02:00:00,23.06
2008-05-07 03:00:00,20.49
2008-05-07 04:00:00,23.01
2008-05-07 05:00:00,20.05
2008-05-07 06:00:00,66.76
2008-05-07 07:00:00,98.57
2008-05-07 08:00:00,86.28
2008-05-07 09:00:00,86.05
2008-05-07 10:00:00,43.35
2008-05-07 11:00:00,33.20
2008-05-07 12:00:00,24.76
2008-05-07 13:00:00,29.28
2008-05-07 14:00:00,48.41
2008-05-07 15:00:00,27.24
2008-05-07 16:00:00,56.97
2008-05-07 17:00:00,21.22
2008-05-07 18:00:00,36.39
2008-05-07 19:00:00,60.07
2008-05-07 20:00:00,39.16
2008-05-07 21:00:00,87.09
2008-05-07 22:00:00,81.31
2008-05-07 23:00:00,116.17
2008-05-08 00:00:00,84.37
2008-05-08 01:00:00,64.02
2008-05-08 02:00:00,67.50
2008-05-08 03:00:00,63.80
2008-05-08 04:00:00,67.02
2008-05-08 05:00:00,66.74
2008-05-08 06:00:00,64.17
2008-05-08 07:00:00,61.30
2008-05-08 08:00:00,22.54
2008-05-08 09:00:00,92.26
2008-05-08 10:00:00,28.53
2008-05-08 11:00:00,73.82
2008-05-08 12:00:00,141.47
2008-05-08 13:00:00,104.59
2008-05-08 14:00:00,111.03
2008-05-08 15:00:00,125.59
2008-05-08 16:00:00,70.28
2008-05-08 17:00:00,27.40
2008-05-08 18:00:00,63.88
2008-05-08 19:00:00,174.72
2008-05-08 20:00:00,125.80
2008-05-08 21:00:00,107.99
2008-05-08 22:00:00,179.62
2008-05-08 23:00:00,128.24
2008-05-09 00:00:00,45.66
2008-05-09 01:00:00,23.95
2008-05-09 02:00:00,26.05
2008-05-09 03:00:00,27.50
2008-05-09 04:00:00,22.31
2008-05-09 05:00:00,26.09
2008-05-09 06:00:00,25.13
2008-05-09 07:00:00,76.00
2008-05-09 08:00:00,55.17
2008-05-09 09:00:00,149.28
2008-05-09 10:00:00,129.18
2008-05-09 11:00:00,119.35
2008-05-09 12:00:00,117.21
2008-05-09 13:00:00,158.55
2008-05-09 14:00:00,134.89
2008-05-09 15:00:00,64.41
2008-05-09 16:00:00,44.54
2008-05-09 17:00:00,47.76
2008-05-09 18:00:00,119.49
2008-05-09 19:00:00,115.07
2008-05-09 20:00:00,46.88
2008-05-09 21:00:00,100.68
2008-05-09 22:00:00,48.91
2008-05-09 23:00:00,23.21
2008-05-10 00:00:00,25.28
2008-05-10 01:00:00,28.58
2008-05-10 02:00:00,26.07
2008-05-10 03:00:00,20.85
2008-05-10 04:00:00,22.34
2008-05-10 05:00:00,27.74
2008-05-10 06:00:00,47.77
2008-05-10 07:00:00,48.15
2008-05-10 08:00:00,33.98
2008-05-10 09:00:00,94.54
2008-05-10 10:00:00,136.28
2008-05-10 11:00:00,73.16
2008-05-10 12:00:00,103.28
2008-05-10 13:00:00,97.26
2008-05-10 14:00:00,87.92
2008-05-10 15:00:00,104.69
2008-05-10 16:00:00,235.82
2008-05-10 17:00:00,85.58
2008-05-10 18:00:00,108.89
2008-05-10 19:00:00,102.13
2008-05-10 20:00:00,98.54
2008-05-10 21:00:00,96.78
2008-05-10 22:00:00,94.27
2008-05-10 23:00:00,109.23
2008-05-11 00:00:00,105.58
2008-05-11 01:00:00,129.70
2008-05-11 02:00:00,102.70
2008-05-11 03:00:00,42.49
2008-05-11 04:00:00,43.09
2008-05-11 05:00:00,21.93
2008-05-11 06:00:00,14.87
2008-05-11 07:00:00,19.41
2008-05-11 08:00:00,32.34
2008-05-11 09:00:00,35.83
2008-05-11 10:00:00,78.48
2008-05-11 11:00:00,79.62
2008-05-11 12:00:00,36.54
2008-05-11 13:00:00,38.49
2008-05-11 14:00:00,123.67
2008-05-11 15:00:00,125.24
2008-05-11 16:00:00,71.22
2008-05-11 17:00:00,61.51
2008-05-11 18:00:00,58.28
2008-05-11 19:00:00,57.36
2008-05-11 20:00:00,62.99
2008-05-11 21:00:00,64.58
2008-05-11 22:00:00,159.28
2008-05-11 23:00:00,45.73
2008-05-12 00:00:00,18.67
2008-05-12 01:00:00,20.91
2008-05-12 02:00:00,15.10
2008-05-12 03:00:00,17.59
2008-05-12 04:00:00,21.12
2008-05-12 05:00:00,13.83
2008-05-12 06:00:00,19.35
2008-05-12 07:00:00,19.25
2008-05-12 08:00:00,63.83
2008-05-12 09:00:00,29.44
2008-05-12 10:00:00,136.30
2008-05-12 11:00:00,145.50
2008-05-12 12:00:00,105.31
2008-05-12 13:00:00,73.84
2008-05-12 14:00:00,109.75
2008-05-12 15:00:00,83.09
2008-05-12 16:00:00,89.39
2008-05-12 17:00:00,88.59
2008-05-12 18:00:00,50.83
2008-05-12 19:00:00,31.61
2008-05-12 20:00:00,64.77
2008-05-12 21:00:00,97.39
2008-05-12 22:00:00,156.81
2008-05-12 23:00:00,51.92
2008-05-13 00:00:00,22.73
2008-05-13 01:00:00,18.98
2008-05-13 02:00:00,16.70
2008-05-13 03:00:00,18.57
2008-05-13 04:00:00,13.09
2008-05-13 05:00:00,19.75
2008-05-13 06:00:00,43.98
2008-05-13 07:00:00,110.35
2008-05-13 08:00:00,79.61
2008-05-13 09:00:00,71.46
2008-05-13 10:00:00,17.48
2008-05-13 11:00:00,17.28
2008-05-13 12:00:00,16.64
2008-05-13 13:00:00,19.24
2008-05-13 14:00:00,78.98
2008-05-13 15:00:00,199.65
2008-05-13 16:00:00,180.50
2008-05-13 17:00:00,132.92
2008-05-13 18:00:00,41.83
2008-05-13 19:00:00,33.12
2008-05-13 20:00:00,81.03
2008-05-13 21:00:00,59.61
2008-05-13 22:00:00,106.98
2008-05-13 23:00:00,76.43
2008-05-14 00:00:00,30.23
2008-05-14 01:00:00,19.64
2008-05-14 02:00:00,51.36
2008-05-14 03:00:00,19.83
2008-05-14 04:00:00,16.12
2008-05-14 05:00:00,17.58
2008-05-14 06:00:00,79.66
2008-05-14 07:00:00,110.00
2008-05-14 08:00:00,91.66
2008-05-14 09:00:00,81.40
2008-05-14 10:00:00,143.18
2008-05-14 11:00:00,84.62
2008-05-14 12:00:00,19.39
2008-05-14 13:00:00,51.76
2008-05-14 14:00:00,56.09
2008-05-14 15:00:00,89.06
2008-05-14 16:00:00,68.79
2008-05-14 17:00:00,120.77
2008-05-14 18:00:00,43.02
2008-05-14 19:00:00,78.33
2008-05-14 20:00:00,131.81
2008-05-14 21:00:00,90.60
2008-05-14 22:00:00,35.70
2008-05-14 23:00:00,53.68
2008-05-15 00:00:00,27.70
2008-05-15 01:00:00,17.73
2008-05-15 02:00:00,19.06
2008-05-15 03:00:00,17.77
2008-05-15 04:00:00,17.45
2008-05-15 05:00:00,17.39
2008-05-15 06:00:00,43.90
2008-05-15 07:00:00,114.68
2008-05-15 08:00:00,111.96
2008-05-15 09:00:00,106.32
2008-05-15 10:00:00,33.73
2008-05-15 11:00:00,15.83
2008-05-15 12:00:00,34.18
2008-05-15 13:00:00,20.67
2008-05-15 14:00:00,34.23
2008-05-15 15:00:00,27.12
2008-05-15 16:00:00,34.19
2008-05-15 17:00:00,47.17
2008-05-15 18:00:00,61.67
2008-05-15 19:00:00,39.54
2008-05-15 20:00:00,80.04
2008-05-15 21:00:00,161.00
2008-05-15 22:00:00,61.56
2008-05-15 23:00:00,17.89
2008-05-16 00:00:00,22.38
2008-05-16 01:00:00,17.49
2008-05-16 02:00:00,18.82
2008-05-16 03:00:00,55.05
2008-05-16 04:00:00,19.57
2008-05-16 05:00:00,16.13
2008-05-16 06:00:00,33.57
2008-05-16 07:00:00,107.75
2008-05-16 08:00:00,63.59
2008-05-16 09:00:00,18.63
2008-05-16 10:00:00,55.16
2008-05-16 11:00:00,21.49
2008-05-16 12:00:00,87.74
2008-05-16 13:00:00,140.64
2008-05-16 14:00:00,202.14
2008-05-16 15:00:00,85.43
2008-05-16 16:00:00,28.36
2008-05-16 17:00:00,39.43
2008-05-16 18:00:00,74.51
2008-05-16 19:00:00,64.47
2008-05-16 20:00:00,139.32
2008-05-16 21:00:00,200.50
2008-05-16 22:00:00,114.59
2008-05-16 23:00:00,24.36
2008-05-17 00:00:00,17.79
2008-05-17 01:00:00,48.20
2008-05-17 02:00:00,16.43
2008-05-17 03:00:00,19.75
2008-05-17 04:00:00,13.37
2008-05-17 05:00:00,20.95
2008-05-17 06:00:00,14.11
2008-05-17 07:00:00,49.54
2008-05-17 08:00:00,117.52
2008-05-17 09:00:00,131.10
2008-05-17 10:00:00,99.95
2008-05-17 11:00:00,56.78
2008-05-17 12:00:00,32.10
2008-05-17 13:00:00,92.43
2008-05-17 14:00:00,54.65
2008-05-17 15:00:00,24.70
2008-05-17 16:00:00,29.20
2008-05-17 17:00:00,30.95
2008-05-17 18:00:00,49.58
2008-05-17 19:00:00,105.81
2008-05-17 20:00:00,110.26
2008-05-17 21:00:00,148.20
2008-05-17 22:00:00,173.66
2008-05-17 23:00:00,200.43
2008-05-18 00:00:00,63.73
2008-05-18 01:00:00,84.57
2008-05-18 02:00:00,89.61
2008-05-18 03:00:00,18.43
2008-05-18 04:00:00,20.26
2008-05-18 05:00:00,15.11
2008-05-18 06:00:00,14.11
2008-05-18 07:00:00,21.03
2008-05-18 08:00:00,33.37
2008-05-18 09:00:00,36.68
2008-05-18 10:00:00,99.07
2008-05-18 11:00:00,115.44
2008-05-18 12:00:00,107.70
2008-05-18 13:00:00,78.69
2008-05-18 14:00:00,22.62
2008-05-18 15:00:00,16.22
2008-05-18 16:00:00,16.97
2008-05-18 17:00:00,50.71
2008-05-18 18:00:00,46.13
2008-05-18 19:00:00,105.94
2008-05-18 20:00:00,253.84
2008-05-18 21:00:00,267.99
2008-05-18 22:00:00,172.77
2008-05-18 23:00:00,52.97
2008-05-19 00:00:00,22.39
2008-05-19 01:00:00,14.99
2008-05-19 02:00:00,13.77
2008-05-19 03:00:00,19.49
2008-05-19 04:00:00,13.69
2008-05-19 05:00:00,20.29
2008-05-19 06:00:00,75.60
2008-05-19 07:00:00,135.92
2008-05-19 08:00:00,77.50
2008-05-19 09:00:00,79.82
2008-05-19 10:00:00,77.91
2008-05-19 11:00:00,22.45
2008-05-19 12:00:00,15.94
2008-05-19 13:00:00,13.05
2008-05-19 14:00:00,18.26
2008-05-19 15:00:00,13.77
2008-05-19 16:00:00,13.73
2008-05-19 17:00:00,15.20
2008-05-19 18:00:00,16.35
2008-05-19 19:00:00,22.08
2008-05-19 20:00:00,106.56
2008-05-19 21:00:00,104.94
2008-05-19 22:00:00,95.02
2008-05-19 23:00:00,21.54
2008-05-20 00:00:00,16.74
2008-05-20 01:00:00,15.61
2008-05-20 02:00:00,61.16
2008-05-20 03:00:00,15.95
2008-05-20 04:00:00,16.08
2008-05-20 05:00:00,13.28
2008-05-20 06:00:00,40.29
2008-05-20 07:00:00,108.22
2008-05-20 08:00:00,76.89
2008-05-20 09:00:00,62.58
2008-05-20 10:00:00,59.13
2008-05-20 11:00:00,140.74
2008-05-20 12:00:00,232.59
2008-05-20 13:00:00,117.53
2008-05-20 14:00:00,80.43
2008-05-20 15:00:00,79.78
2008-05-20 16:00:00,56.67
2008-05-20 17:00:00,15.40
2008-05-20 18:00:00,15.57
2008-05-20 19:00:00,66.79
2008-05-20 20:00:00,80.56
2008-05-20 21:00:00,116.13
2008-05-20 22:00:00,67.10
2008-05-20 23:00:00,26.12
2008-05-21 00:00:00,20.08
2008-05-21 01:00:00,12.61
2008-05-21 02:00:00,13.42
2008-05-21 03:00:00,16.62
2008-05-21 04:00:00,29.59
2008-05-21 05:00:00,38.24
2008-05-21 06:00:00,45.51
2008-05-21 07:00:00,100.51
2008-05-21 08:00:00,94.88
2008-05-21 09:00:00,82.22
2008-05-21 10:00:00,83.87
2008-05-21 11:00:00,77.34
2008-05-21 12:00:00,20.92
2008-05-21 13:00:00,19.39
2008-05-21 14:00:00,19.82
2008-05-21 15:00:00,43.09
2008-05-21 16:00:00,47.86
2008-05-21 17:00:00,16.56
2008-05-21 18:00:00,22.45
2008-05-21 19:00:00,55.33
2008-05-21 20:00:00,78.18
2008-05-21 21:00:00,136.31
2008-05-21 22:00:00,133.53
2008-05-21 23:00:00,115.80
2008-05-22 00:00:00,15.73
2008-05-22 01:00:00,20.47
2008-05-22 02:00:00,15.85
2008-05-22 03:00:00,18.62
2008-05-22 04:00:00,16.74
2008-05-22 05:00:00,14.78
2008-05-22 06:00:00,37.50
2008-05-22 07:00:00,59.73
2008-05-22 08:00:00,96.10
2008-05-22 09:00:00,76.25
2008-05-22 10:00:00,68.33
2008-05-22 11:00:00,14.15
2008-05-22 12:00:00,13.22
2008-05-22 13:00:00,19.72
2008-05-22 14:00:00,25.86
2008-05-22 15:00:00,26.71
2008-05-22 16:00:00,19.39
2008-05-22 17:00:00,15.18
2008-05-22 18:00:00,15.21
2008-05-22 19:00:00,80.84
2008-05-22 20:00:00,50.35
2008-05-22 21:00:00,80.37
2008-05-22 22:00:00,101.03
2008-05-22 23:00:00,74.75
2008-05-23 00:00:00,16.85
2008-05-23 01:00:00,13.83
2008-05-23 02:00:00,17.67
2008-05-23 03:00:00,14.13
2008-05-23 04:00:00,12.91
2008-05-23 05:00:00,19.10
2008-05-23 06:00:00,90.59
2008-05-23 07:00:00,109.74
2008-05-23 08:00:00,94.94
2008-05-23 09:00:00,94.16
2008-05-23 10:00:00,162.52
2008-05-23 11:00:00,97.96
2008-05-23 12:00:00,81.57
2008-05-23 13:00:00,82.50
2008-05-23 14:00:00,81.09
2008-05-23 15:00:00,79.02
2008-05-23 16:00:00,85.81
2008-05-23 17:00:00,80.78
2008-05-23 18:00:00,73.15
2008-05-23 19:00:00,14.74
2008-05-23 20:00:00,27.16
2008-05-23 21:00:00,40.83
2008-05-23 22:00:00,41.46
2008-05-23 23:00:00,52.40
2008-05-24 00:00:00,16.25
2008-05-24 01:00:00,15.53
2008-05-24 02:00:00,17.48
2008-05-24 03:00:00,27.24
2008-05-24 04:00:00,59.15
2008-05-24 05:00:00,12.79
2008-05-24 06:00:00,19.19
2008-05-24 07:00:00,33.24
2008-05-24 08:00:00,89.29
2008-05-24 09:00:00,82.88
2008-05-24 10:00:00,81.90
2008-05-24 11:00:00,30.62
2008-05-24 12:00:00,55.84
2008-05-24 13:00:00,64.35
2008-05-24 14:00:00,72.50
2008-05-24 15:00:00,86.04
2008-05-24 16:00:00,76.96
2008-05-24 17:00:00,95.49
2008-05-24 18:00:00,127.31
2008-05-24 19:00:00,110.63
2008-05-24 20:00:00,65.29
2008-05-24 21:00:00,134.35
2008-05-24 22:00:00,113.05
2008-05-24 23:00:00,92.81
2008-05-25 00:00:00,45.36
2008-05-25 01:00:00,43.14
2008-05-25 02:00:00,35.28
2008-05-25 03:00:00,38.09
2008-05-25 04:00:00,31.05
2008-05-25 05:00:00,52.20
2008-05-25 06:00:00,16.59
2008-05-25 07:00:00,17.93
2008-05-25 08:00:00,38.22
2008-05-25 09:00:00,52.90
2008-05-25 10:00:00,44.21
2008-05-25 11:00:00,104.56
2008-05-25 12:00:00,141.99
2008-05-25 13:00:00,147.25
2008-05-25 14:00:00,133.84
2008-05-25 15:00:00,36.50
2008-05-25 16:00:00,133.25
2008-05-25 17:00:00,48.32
2008-05-25 18:00:00,121.72
2008-05-25 19:00:00,187.78
2008-05-25 20:00:00,170.88
2008-05-25 21:00:00,138.60
2008-05-25 22:00:00,238.69
2008-05-25 23:00:00,30.15
2008-05-26 00:00:00,19.77
2008-05-26 01:00:00,21.15
2008-05-26 02:00:00,17.22
2008-05-26 03:00:00,19.81
2008-05-26 04:00:00,18.58
2008-05-26 05:00:00,16.71
2008-05-26 06:00:00,55.61
2008-05-26 07:00:00,101.70
2008-05-26 08:00:00,97.67
2008-05-26 09:00:00,88.76
2008-05-26 10:00:00,97.37
2008-05-26 11:00:00,100.18
2008-05-26 12:00:00,45.26
2008-05-26 13:00:00,40.25
2008-05-26 14:00:00,31.81
2008-05-26 15:00:00,27.23
2008-05-26 16:00:00,28.00
2008-05-26 17:00:00,24.84
2008-05-26 18:00:00,29.42
2008-05-26 19:00:00,34.92
2008-05-26 20:00:00,48.86
2008-05-26 21:00:00,104.75
2008-05-26 22:00:00,164.73
2008-05-26 23:00:00,55.12
2008-05-27 00:00:00,19.36
2008-05-27 01:00:00,18.77
2008-05-27 02:00:00,18.49
2008-05-27 03:00:00,17.11
2008-05-27 04:00:00,16.45
2008-05-27 05:00:00,17.37
2008-05-27 06:00:00,56.81
2008-05-27 07:00:00,114.15
2008-05-27 08:00:00,87.43
2008-05-27 09:00:00,89.19
2008-05-27 10:00:00,100.47
2008-05-27 11:00:00,73.08
2008-05-27 12:00:00,44.79
2008-05-27 13:00:00,28.52
2008-05-27 14:00:00,37.17
2008-05-27 15:00:00,112.63
2008-05-27 16:00:00,181.78
2008-05-27 17:00:00,210.26
2008-05-27 18:00:00,131.40
2008-05-27 19:00:00,76.32
2008-05-27 20:00:00,55.15
2008-05-27 21:00:00,39.51
2008-05-27 22:00:00,129.34
2008-05-27 23:00:00,33.17
2008-05-28 00:00:00,18.07
2008-05-28 01:00:00,13.42
2008-05-28 02:00:00,20.03
2008-05-28 03:00:00,13.23
2008-05-28 04:00:00,15.32
2008-05-28 05:00:00,17.35
2008-05-28 06:00:00,54.05
2008-05-28 07:00:00,68.52
2008-05-28 08:00:00,100.25
2008-05-28 09:00:00,86.77
2008-05-28 10:00:00,45.92
2008-05-28 11:00:00,17.26
2008-05-28 12:00:00,30.40
2008-05-28 13:00:00,17.48
2008-05-28 14:00:00,27.11
2008-05-28 15:00:00,38.83
2008-05-28 16:00:00,45.06
2008-05-28 17:00:00,16.79
2008-05-28 18:00:00,83.58
2008-05-28 19:00:00,113.49
2008-05-28 20:00:00,65.97
2008-05-28 21:00:00,123.68
2008-05-28 22:00:00,64.78
2008-05-28 23:00:00,17.00
2008-05-29 00:00:00,19.56
2008-05-29 01:00:00,20.06
2008-05-29 02:00:00,17.33
2008-05-29 03:00:00,21.14
2008-05-29 04:00:00,15.82
2008-05-29 05:00:00,22.07
2008-05-29 06:00:00,85.57
2008-05-29 07:00:00,92.84
2008-05-29 08:00:00,96.67
2008-05-29 09:00:00,81.76
2008-05-29 10:00:00,92.49
2008-05-29 11:00:00,87.91
2008-05-29 12:00:00,58.68
2008-05-29 13:00:00,17.17
2008-05-29 14:00:00,14.71
2008-05-29 15:00:00,15.09
2008-05-29 16:00:00,17.63
2008-05-29 17:00:00,18.36
2008-05-29 18:00:00,13.77
2008-05-29 19:00:00,27.04
2008-05-29 20:00:00,63.36
2008-05-29 21:00:00,96.87
2008-05-29 22:00:00,100.81
2008-05-29 23:00:00,38.37
2008-05-30 00:00:00,20.03
2008-05-30 01:00:00,15.92
2008-05-30 02:00:00,18.34
2008-05-30 03:00:00,14.94
2008-05-30 04:00:00,16.49
2008-05-30 05:00:00,16.23
2008-05-30 06:00:00,47.38
2008-05-30 07:00:00,87.94
2008-05-30 08:00:00,96.07
2008-05-30 09:00:00,108.05
2008-05-30 10:00:00,115.77
2008-05-30 11:00:00,204.84
2008-05-30 12:00:00,106.42
2008-05-30 13:00:00,89.93
2008-05-30 14:00:00,57.79
2008-05-30 15:00:00,28.92
2008-05-30 16:00:00,26.22
2008-05-30 17:00:00,30.72
2008-05-30 18:00:00,24.73
2008-05-30 19:00:00,42.86
2008-05-30 20:00:00,96.52
2008-05-30 21:00:00,78.15
2008-05-30 22:00:00,26.03
2008-05-30 23:00:00,26.93
2008-05-31 00:00:00,16.74
2008-05-31 01:00:00,16.26
2008-05-31 02:00:00,16.02
2008-05-31 03:00:00,16.96
2008-05-31 04:00:00,14.67
2008-05-31 05:00:00,39.07
2008-05-31 06:00:00,30.62
2008-05-31 07:00:00,48.57
2008-05-31 08:00:00,85.10
2008-05-31 09:00:00,87.69
2008-05-31 10:00:00,57.30
2008-05-31 11:00:00,34.88
2008-05-31 12:00:00,41.03
2008-05-31 13:00:00,141.82
2008-05-31 14:00:00,158.80
2008-05-31 15:00:00,61.82
2008-05-31 16:00:00,47.46
2008-05-31 17:00:00,95.77
2008-05-31 18:00:00,100.71
2008-05-31 19:00:00,136.51
2008-05-31 20:00:00,110.88
2008-05-31 21:00:00,74.39
2008-05-31 22:00:00,89.95
2008-05-31 23:00:00,118.43
2008-06-01 00:00:00,79.90
2008-06-01 01:00:00,97.23
2008-06-01 02:00:00,54.10
2008-06-01 03:00:00,20.80
2008-06-01 04:00:00,13.15
2008-06-01 05:00:00,16.18
2008-06-01 06:00:00,17.56
2008-06-01 07:00:00,13.68
2008-06-01 08:00:00,61.02
2008-06-01 09:00:00,63.81
2008-06-01 10:00:00,83.32
2008-06-01 11:00:00,85.48
2008-06-01 12:00:00,90.00
2008-06-01 13:00:00,52.02
2008-06-01 14:00:00,52.23
2008-06-01 15:00:00,113.65
2008-06-01 16:00:00,52.31
2008-06-01 17:00:00,79.57
2008-06-01 18:00:00,86.15
2008-06-01 19:00:00,175.94
2008-06-01 20:00:00,130.90
2008-06-01 21:00:00,174.06
2008-06-01 22:00:00,163.10
2008-06-01 23:00:00,72.69
2008-06-02 00:00:00,15.32
2008-06-02 01:00:00,18.73
2008-06-02 02:00:00,17.21
2008-06-02 03:00:00,16.56
2008-06-02 04:00:00,16.57
2008-06-02 05:00:00,15.04
2008-06-02 06:00:00,66.89
2008-06-02 07:00:00,140.50
2008-06-02 08:00:00,119.82
2008-06-02 09:00:00,119.65
2008-06-02 10:00:00,38.42
2008-06-02 11:00:00,33.20
2008-06-02 12:00:00,29.98
2008-06-02 13:00:00,38.87
2008-06-02 14:00:00,32.09
2008-06-02 15:00:00,40.05
2008-06-02 16:00:00,27.16
2008-06-02 17:00:00,24.06
2008-06-02 18:00:00,23.44
2008-06-02 19:00:00,79.14
2008-06-02 20:00:00,38.76
2008-06-02 21:00:00,40.94
2008-06-02 22:00:00,61.37
2008-06-02 23:00:00,20.25
2008-06-03 00:00:00,12.85
2008-06-03 01:00:00,19.68
2008-06-03 02:00:00,12.64
2008-06-03 03:00:00,62.85
2008-06-03 04:00:00,21.12
2008-06-03 05:00:00,17.03
2008-06-03 06:00:00,52.93
2008-06-03 07:00:00,112.58
2008-06-03 08:00:00,100.13
2008-06-03 09:00:00,101.52
2008-06-03 10:00:00,77.20
2008-06-03 11:00:00,96.96
2008-06-03 12:00:00,39.46
2008-06-03 13:00:00,22.82
2008-06-03 14:00:00,15.70
2008-06-03 15:00:00,24.03
2008-06-03 16:00:00,57.70
2008-06-03 17:00:00,12.73
2008-06-03 18:00:00,18.86
2008-06-03 19:00:00,128.41
2008-06-03 20:00:00,209.53
2008-06-03 21:00:00,123.42
2008-06-03 22:00:00,152.41
2008-06-03 23:00:00,105.25
2008-06-04 00:00:00,48.82
2008-06-04 01:00:00,17.45
2008-06-04 02:00:00,16.31
2008-06-04 03:00:00,15.99
2008-06-04 04:00:00,23.41
2008-06-04 05:00:00,48.58
2008-06-04 06:00:00,72.22
2008-06-04 07:00:00,206.85
2008-06-04 08:00:00,95.46
2008-06-04 09:00:00,80.32
2008-06-04 10:00:00,71.37
2008-06-04 11:00:00,125.85
2008-06-04 12:00:00,51.75
2008-06-04 13:00:00,20.16
2008-06-04 14:00:00,59.53
2008-06-04 15:00:00,116.98
2008-06-04 16:00:00,30.92
2008-06-04 17:00:00,14.96
2008-06-04 18:00:00,36.04
2008-06-04 19:00:00,52.41
2008-06-04 20:00:00,57.34
2008-06-04 21:00:00,117.96
2008-06-04 22:00:00,127.04
2008-06-04 23:00:00,81.20
2008-06-05 00:00:00,55.33
2008-06-05 01:00:00,20.17
2008-06-05 02:00:00,14.57
2008-06-05 03:00:00,21.10
2008-06-05 04:00:00,14.50
2008-06-05 05:00:00,17.09
2008-06-05 06:00:00,39.23
2008-06-05 07:00:00,73.74
2008-06-05 08:00:00,88.83
2008-06-05 09:00:00,77.35
2008-06-05 10:00:00,75.24
2008-06-05 11:00:00,77.48
2008-06-05 12:00:00,68.21
2008-06-05 13:00:00,24.54
2008-06-05 14:00:00,23.57
2008-06-05 15:00:00,15.71
2008-06-05 16:00:00,15.13
2008-06-05 17:00:00,53.81
2008-06-05 18:00:00,24.25
2008-06-05 19:00:00,81.63
2008-06-05 20:00:00,111.23
2008-06-05 21:00:00,57.51
2008-06-05 22:00:00,54.17
2008-06-05 23:00:00,15.70
2008-06-06 00:00:00,18.70
2008-06-06 01:00:00,19.20
2008-06-06 02:00:00,16.10
2008-06-06 03:00:00,22.16
2008-06-06 04:00:00,16.23
2008-06-06 05:00:00,62.58
2008-06-06 06:00:00,39.93
2008-06-06 07:00:00,54.18
2008-06-06 08:00:00,89.52
2008-06-06 09:00:00,76.19
2008-06-06 10:00:00,38.55
2008-06-06 11:00:00,27.65
2008-06-06 12:00:00,25.94
2008-06-06 13:00:00,23.60
2008-06-06 14:00:00,37.91
2008-06-06 15:00:00,41.93
2008-06-06 16:00:00,31.31
2008-06-06 17:00:00,26.59
2008-06-06 18:00:00,55.66
2008-06-06 19:00:00,38.62
2008-06-06 20:00:00,183.81
2008-06-06 21:00:00,177.98
2008-06-06 22:00:00,60.66
2008-06-06 23:00:00,32.72
2008-06-07 00:00:00,37.09
2008-06-07 01:00:00,33.43
2008-06-07 02:00:00,31.95
2008-06-07 03:00:00,38.45
2008-06-07 04:00:00,31.58
2008-06-07 05:00:00,37.26
2008-06-07 06:00:00,65.63
2008-06-07 07:00:00,87.94
2008-06-07 08:00:00,115.15
2008-06-07 09:00:00,96.97
2008-06-07 10:00:00,103.49
2008-06-07 11:00:00,115.22
2008-06-07 12:00:00,117.13
2008-06-07 13:00:00,234.07
2008-06-07 14:00:00,137.35
2008-06-07 15:00:00,84.47
2008-06-07 16:00:00,83.34
2008-06-07 17:00:00,93.26
2008-06-07 18:00:00,45.52
2008-06-07 19:00:00,121.33
2008-06-07 20:00:00,104.42
2008-06-07 21:00:00,27.41
2008-06-07 22:00:00,20.42
2008-06-07 23:00:00,19.60
2008-06-08 00:00:00,21.56
2008-06-08 01:00:00,22.99
2008-06-08 02:00:00,18.79
2008-06-08 03:00:00,12.73
2008-06-08 04:00:00,47.80
2008-06-08 05:00:00,22.71
2008-06-08 06:00:00,15.15
2008-06-08 07:00:00,16.23
2008-06-08 08:00:00,26.72
2008-06-08 09:00:00,19.15
2008-06-08 10:00:00,12.00
2008-06-08 11:00:00,81.82
2008-06-08 12:00:00,39.70
2008-06-08 13:00:00,80.37
2008-06-08 14:00:00,112.15
2008-06-08 15:00:00,131.24
2008-06-08 16:00:00,109.81
2008-06-08 17:00:00,114.10
2008-06-08 18:00:00,90.90
2008-06-08 19:00:00,153.97
2008-06-08 20:00:00,83.38
2008-06-08 21:00:00,199.47
2008-06-08 22:00:00,92.38
2008-06-08 23:00:00,17.21
2008-06-09 00:00:00,18.19
2008-06-09 01:00:00,18.52
2008-06-09 02:00:00,14.58
2008-06-09 03:00:00,20.06
2008-06-09 04:00:00,13.20
2008-06-09 05:00:00,19.65
2008-06-09 06:00:00,72.85
2008-06-09 07:00:00,100.25
2008-06-09 08:00:00,189.75
2008-06-09 09:00:00,63.66
2008-06-09 10:00:00,30.97
2008-06-09 11:00:00,64.03
2008-06-09 12:00:00,99.12
2008-06-09 13:00:00,41.32
2008-06-09 14:00:00,23.61
2008-06-09 15:00:00,30.25
2008-06-09 16:00:00,26.59
2008-06-09 17:00:00,27.55
2008-06-09 18:00:00,32.20
2008-06-09 19:00:00,83.78
2008-06-09 20:00:00,33.40
2008-06-09 21:00:00,67.35
2008-06-09 22:00:00,181.58
2008-06-09 23:00:00,53.23
2008-06-10 00:00:00,22.49
2008-06-10 01:00:00,17.13
2008-06-10 02:00:00,18.62
2008-06-10 03:00:00,14.21
2008-06-10 04:00:00,17.74
2008-06-10 05:00:00,18.31
2008-06-10 06:00:00,80.29
2008-06-10 07:00:00,105.32
2008-06-10 08:00:00,79.97
2008-06-10 09:00:00,82.57
2008-06-10 10:00:00,81.24
2008-06-10 11:00:00,91.39
2008-06-10 12:00:00,25.06
2008-06-10 13:00:00,19.11
2008-06-10 14:00:00,18.70
2008-06-10 15:00:00,16.59
2008-06-10 16:00:00,16.75
2008-06-10 17:00:00,19.13
2008-06-10 18:00:00,19.67
2008-06-10 19:00:00,63.54
2008-06-10 20:00:00,41.56
2008-06-10 21:00:00,131.05
2008-06-10 22:00:00,46.07
2008-06-10 23:00:00,20.58
2008-06-11 00:00:00,16.60
2008-06-11 01:00:00,19.61
2008-06-11 02:00:00,15.06
2008-06-11 03:00:00,17.38
2008-06-11 04:00:00,52.65
2008-06-11 05:00:00,28.23
2008-06-11 06:00:00,49.76
2008-06-11 07:00:00,129.39
2008-06-11 08:00:00,103.57
2008-06-11 09:00:00,71.97
2008-06-11 10:00:00,26.23
2008-06-11 11:00:00,26.20
2008-06-11 12:00:00,30.20
2008-06-11 13:00:00,22.20
2008-06-11 14:00:00,14.22
2008-06-11 15:00:00,57.77
2008-06-11 16:00:00,18.06
2008-06-11 17:00:00,42.38
2008-06-11 18:00:00,17.08
2008-06-11 19:00:00,71.74
2008-06-11 20:00:00,61.23
2008-06-11 21:00:00,135.06
2008-06-11 22:00:00,75.11
2008-06-11 23:00:00,21.50
2008-06-12 00:00:00,18.83
2008-06-12 01:00:00,18.57
2008-06-12 02:00:00,20.71
2008-06-12 03:00:00,19.31
2008-06-12 04:00:00,17.58
2008-06-12 05:00:00,19.49
2008-06-12 06:00:00,73.12
2008-06-12 07:00:00,113.49
2008-06-12 08:00:00,132.02
2008-06-12 09:00:00,121.26
2008-06-12 10:00:00,88.23
2008-06-12 11:00:00,54.98
2008-06-12 12:00:00,25.89
2008-06-12 13:00:00,43.84
2008-06-12 14:00:00,31.19
2008-06-12 15:00:00,27.64
2008-06-12 16:00:00,17.12
2008-06-12 17:00:00,18.93
2008-06-12 18:00:00,45.43
2008-06-12 19:00:00,54.59
2008-06-12 20:00:00,126.17
2008-06-12 21:00:00,82.77
2008-06-12 22:00:00,64.04
2008-06-12 23:00:00,24.14
2008-06-13 00:00:00,13.43
2008-06-13 01:00:00,19.00
2008-06-13 02:00:00,12.77
2008-06-13 03:00:00,19.07
2008-06-13 04:00:00,49.03
2008-06-13 05:00:00,17.51
2008-06-13 06:00:00,45.64
2008-06-13 07:00:00,96.98
2008-06-13 08:00:00,116.95
2008-06-13 09:00:00,80.17
2008-06-13 10:00:00,77.21
2008-06-13 11:00:00,52.21
2008-06-13 12:00:00,123.34
2008-06-13 13:00:00,44.53
2008-06-13 14:00:00,183.02
2008-06-13 15:00:00,57.75
2008-06-13 16:00:00,58.93
2008-06-13 17:00:00,174.41
2008-06-13 18:00:00,108.47
2008-06-13 19:00:00,108.72
2008-06-13 20:00:00,97.76
2008-06-13 21:00:00,98.24
2008-06-13 22:00:00,157.18
2008-06-13 23:00:00,62.79
2008-06-14 00:00:00,20.56
2008-06-14 01:00:00,19.86
2008-06-14 02:00:00,17.32
2008-06-14 03:00:00,22.06
2008-06-14 04:00:00,15.88
2008-06-14 05:00:00,22.06
2008-06-14 06:00:00,41.96
2008-06-14 07:00:00,96.59
2008-06-14 08:00:00,23.53
2008-06-14 09:00:00,27.02
2008-06-14 10:00:00,63.16
2008-06-14 11:00:00,45.92
2008-06-14 12:00:00,100.19
2008-06-14 13:00:00,96.69
2008-06-14 14:00:00,87.12
2008-06-14 15:00:00,86.70
2008-06-14 16:00:00,82.55
2008-06-14 17:00:00,23.97
2008-06-14 18:00:00,42.64
2008-06-14 19:00:00,96.85
2008-06-14 20:00:00,60.02
2008-06-14 21:00:00,125.08
2008-06-14 22:00:00,100.92
2008-06-14 23:00:00,66.28
2008-06-15 00:00:00,44.93
2008-06-15 01:00:00,32.81
2008-06-15 02:00:00,27.88
2008-06-15 03:00:00,30.92
2008-06-15 04:00:00,47.16
2008-06-15 05:00:00,23.72
2008-06-15 06:00:00,12.47
2008-06-15 07:00:00,35.96
2008-06-15 08:00:00,53.51
2008-06-15 09:00:00,79.08
2008-06-15 10:00:00,107.97
2008-06-15 11:00:00,102.69
2008-06-15 12:00:00,190.52
2008-06-15 13:00:00,257.73
2008-06-15 14:00:00,140.62
2008-06-15 15:00:00,129.26
2008-06-15 16:00:00,83.30
2008-06-15 17:00:00,97.35
2008-06-15 18:00:00,143.91
2008-06-15 19:00:00,206.56
2008-06-15 20:00:00,126.20
2008-06-15 21:00:00,213.92
2008-06-15 22:00:00,54.87
2008-06-15 23:00:00,45.77
2008-06-16 00:00:00,29.67
2008-06-16 01:00:00,24.97
2008-06-16 02:00:00,15.82
2008-06-16 03:00:00,15.17
2008-06-16 04:00:00,15.65
2008-06-16 05:00:00,15.14
2008-06-16 06:00:00,91.99
2008-06-16 07:00:00,140.46
2008-06-16 08:00:00,96.85
2008-06-16 09:00:00,94.19
2008-06-16 10:00:00,77.97
2008-06-16 11:00:00,13.41
2008-06-16 12:00:00,16.51
2008-06-16 13:00:00,12.71
2008-06-16 14:00:00,16.08
2008-06-16 15:00:00,66.30
2008-06-16 16:00:00,31.20
2008-06-16 17:00:00,21.28
2008-06-16 18:00:00,24.19
2008-06-16 19:00:00,69.46
2008-06-16 20:00:00,91.62
2008-06-16 21:00:00,174.34
2008-06-16 22:00:00,97.66
2008-06-16 23:00:00,50.40
2008-06-17 00:00:00,16.96
2008-06-17 01:00:00,17.33
2008-06-17 02:00:00,13.66
2008-06-17 03:00:00,16.46
2008-06-17 04:00:00,13.53
2008-06-17 05:00:00,17.19
2008-06-17 06:00:00,95.29
2008-06-17 07:00:00,102.46
2008-06-17 08:00:00,76.54
2008-06-17 09:00:00,80.02
2008-06-17 10:00:00,29.49
2008-06-17 11:00:00,21.54
2008-06-17 12:00:00,21.58
2008-06-17 13:00:00,28.71
2008-06-17 14:00:00,23.57
2008-06-17 15:00:00,60.07
2008-06-17 16:00:00,29.96
2008-06-17 17:00:00,28.95
2008-06-17 18:00:00,24.47
2008-06-17 19:00:00,48.77
2008-06-17 20:00:00,98.48
2008-06-17 21:00:00,131.13
2008-06-17 22:00:00,126.45
2008-06-17 23:00:00,22.47
2008-06-18 00:00:00,16.59
2008-06-18 01:00:00,14.46
2008-06-18 02:00:00,15.09
2008-06-18 03:00:00,18.06
2008-06-18 04:00:00,12.16
2008-06-18 05:00:00,16.61
2008-06-18 06:00:00,84.05
2008-06-18 07:00:00,115.80
2008-06-18 08:00:00,108.68
2008-06-18 09:00:00,111.47
2008-06-18 10:00:00,122.89
2008-06-18 11:00:00,149.00
2008-06-18 12:00:00,52.44
2008-06-18 13:00:00,28.56
2008-06-18 14:00:00,51.99
2008-06-18 15:00:00,45.56
2008-06-18 16:00:00,219.16
2008-06-18 17:00:00,95.56
2008-06-18 18:00:00,33.15
2008-06-18 19:00:00,184.83
2008-06-18 20:00:00,103.40
2008-06-18 21:00:00,100.82
2008-06-18 22:00:00,111.80
2008-06-18 23:00:00,81.47
2008-06-19 00:00:00,23.52
2008-06-19 01:00:00,17.31
2008-06-19 02:00:00,16.98
2008-06-19 03:00:00,16.95
2008-06-19 04:00:00,12.29
2008-06-19 05:00:00,17.99
2008-06-19 06:00:00,85.20
2008-06-19 07:00:00,122.57
2008-06-19 08:00:00,93.67
2008-06-19 09:00:00,103.84
2008-06-19 10:00:00,32.45
2008-06-19 11:00:00,65.30
2008-06-19 12:00:00,29.42
2008-06-19 13:00:00,17.37
2008-06-19 14:00:00,13.47
2008-06-19 15:00:00,25.33
2008-06-19 16:00:00,55.00
2008-06-19 17:00:00,67.50
2008-06-19 18:00:00,66.64
2008-06-19 19:00:00,191.65
2008-06-19 20:00:00,150.22
2008-06-19 21:00:00,201.12
2008-06-19 22:00:00,121.40
2008-06-19 23:00:00,40.91
2008-06-20 00:00:00,18.36
2008-06-20 01:00:00,12.37
2008-06-20 02:00:00,17.66
2008-06-20 03:00:00,15.12
2008-06-20 04:00:00,14.09
2008-06-20 05:00:00,15.59
2008-06-20 06:00:00,93.23
2008-06-20 07:00:00,119.84
2008-06-20 08:00:00,101.34
2008-06-20 09:00:00,82.16
2008-06-20 10:00:00,88.73
2008-06-20 11:00:00,119.83
2008-06-20 12:00:00,59.68
2008-06-20 13:00:00,76.44
2008-06-20 14:00:00,14.33
2008-06-20 15:00:00,16.44
2008-06-20 16:00:00,16.80
2008-06-20 17:00:00,13.21
2008-06-20 18:00:00,134.41
2008-06-20 19:00:00,223.92
2008-06-20 20:00:00,138.43
2008-06-20 21:00:00,154.52
2008-06-20 22:00:00,70.53
2008-06-20 23:00:00,59.07
2008-06-21 00:00:00,48.05
2008-06-21 01:00:00,43.95
2008-06-21 02:00:00,28.44
2008-06-21 03:00:00,12.79
2008-06-21 04:00:00,17.16
2008-06-21 05:00:00,11.68
2008-06-21 06:00:00,46.74
2008-06-21 07:00:00,48.14
2008-06-21 08:00:00,78.51
2008-06-21 09:00:00,37.29
2008-06-21 10:00:00,18.10
2008-06-21 11:00:00,125.96
2008-06-21 12:00:00,59.93
2008-06-21 13:00:00,100.80
2008-06-21 14:00:00,189.52
2008-06-21 15:00:00,133.95
2008-06-21 16:00:00,128.49
2008-06-21 17:00:00,74.53
2008-06-21 18:00:00,94.75
2008-06-21 19:00:00,81.85
2008-06-21 20:00:00,78.47
2008-06-21 21:00:00,97.82
2008-06-21 22:00:00,126.11
2008-06-21 23:00:00,51.22
2008-06-22 00:00:00,50.43
2008-06-22 01:00:00,28.00
2008-06-22 02:00:00,18.72
2008-06-22 03:00:00,15.24
2008-06-22 04:00:00,15.84
2008-06-22 05:00:00,16.58
2008-06-22 06:00:00,39.33
2008-06-22 07:00:00,33.28
2008-06-22 08:00:00,12.66
2008-06-22 09:00:00,49.79
2008-06-22 10:00:00,110.62
2008-06-22 11:00:00,126.96
2008-06-22 12:00:00,23.14
2008-06-22 13:00:00,109.42
2008-06-22 14:00:00,49.79
2008-06-22 15:00:00,48.54
2008-06-22 16:00:00,94.51
2008-06-22 17:00:00,150.79
2008-06-22 18:00:00,130.82
2008-06-22 19:00:00,101.11
2008-06-22 20:00:00,110.13
2008-06-22 21:00:00,103.36
2008-06-22 22:00:00,96.72
2008-06-22 23:00:00,30.64
2008-06-23 00:00:00,18.64
2008-06-23 01:00:00,17.56
2008-06-23 02:00:00,17.27
2008-06-23 03:00:00,14.53
2008-06-23 04:00:00,40.93
2008-06-23 05:00:00,37.30
2008-06-23 06:00:00,16.05
2008-06-23 07:00:00,83.05
2008-06-23 08:00:00,83.83
2008-06-23 09:00:00,74.70
2008-06-23 10:00:00,45.85
2008-06-23 11:00:00,16.21
2008-06-23 12:00:00,28.82
2008-06-23 13:00:00,27.71
2008-06-23 14:00:00,105.88
2008-06-23 15:00:00,51.11
2008-06-23 16:00:00,22.73
2008-06-23 17:00:00,33.86
2008-06-23 18:00:00,23.14
2008-06-23 19:00:00,107.81
2008-06-23 20:00:00,89.96
2008-06-23 21:00:00,88.41
2008-06-23 22:00:00,139.12
2008-06-23 23:00:00,67.32
2008-06-24 00:00:00,16.90
2008-06-24 01:00:00,17.85
2008-06-24 02:00:00,15.61
2008-06-24 03:00:00,15.39
2008-06-24 04:00:00,17.29
2008-06-24 05:00:00,29.88
2008-06-24 06:00:00,104.82
2008-06-24 07:00:00,92.54
2008-06-24 08:00:00,91.14
2008-06-24 09:00:00,87.79
2008-06-24 10:00:00,93.59
2008-06-24 11:00:00,179.21
2008-06-24 12:00:00,87.92
2008-06-24 13:00:00,83.38
2008-06-24 14:00:00,183.36
2008-06-24 15:00:00,83.15
2008-06-24 16:00:00,50.58
2008-06-24 17:00:00,27.67
2008-06-24 18:00:00,50.56
2008-06-24 19:00:00,102.09
2008-06-24 20:00:00,100.04
2008-06-24 21:00:00,41.37
2008-06-24 22:00:00,120.54
2008-06-24 23:00:00,61.78
2008-06-25 00:00:00,44.56
2008-06-25 01:00:00,18.06
2008-06-25 02:00:00,19.20
2008-06-25 03:00:00,15.60
2008-06-25 04:00:00,19.90
2008-06-25 05:00:00,15.81
2008-06-25 06:00:00,83.70
2008-06-25 07:00:00,96.32
2008-06-25 08:00:00,62.55
2008-06-25 09:00:00,21.29
2008-06-25 10:00:00,20.25
2008-06-25 11:00:00,74.11
2008-06-25 12:00:00,72.45
2008-06-25 13:00:00,56.99
2008-06-25 14:00:00,38.84
2008-06-25 15:00:00,79.08
2008-06-25 16:00:00,27.04
2008-06-25 17:00:00,31.74
2008-06-25 18:00:00,23.69
2008-06-25 19:00:00,73.06
2008-06-25 20:00:00,115.93
2008-06-25 21:00:00,116.15
2008-06-25 22:00:00,78.95
2008-06-25 23:00:00,56.48
2008-06-26 00:00:00,19.18
2008-06-26 01:00:00,19.15
2008-06-26 02:00:00,16.41
2008-06-26 03:00:00,19.17
2008-06-26 04:00:00,16.01
2008-06-26 05:00:00,18.24
2008-06-26 06:00:00,95.18
2008-06-26 07:00:00,91.73
2008-06-26 08:00:00,81.70
2008-06-26 09:00:00,85.66
2008-06-26 10:00:00,67.30
2008-06-26 11:00:00,19.15
2008-06-26 12:00:00,25.62
2008-06-26 13:00:00,23.60
2008-06-26 14:00:00,83.18
2008-06-26 15:00:00,49.80
2008-06-26 16:00:00,17.36
2008-06-26 17:00:00,18.17
2008-06-26 18:00:00,17.24
2008-06-26 19:00:00,75.89
2008-06-26 20:00:00,37.40
2008-06-26 21:00:00,86.50
2008-06-26 22:00:00,54.73
2008-06-26 23:00:00,17.63
2008-06-27 00:00:00,16.68
2008-06-27 01:00:00,17.49
2008-06-27 02:00:00,17.24
2008-06-27 03:00:00,17.01
2008-06-27 04:00:00,17.16
2008-06-27 05:00:00,16.28
2008-06-27 06:00:00,39.14
2008-06-27 07:00:00,104.88
2008-06-27 08:00:00,109.52
2008-06-27 09:00:00,60.27
2008-06-27 10:00:00,33.38
2008-06-27 11:00:00,77.07
2008-06-27 12:00:00,15.68
2008-06-27 13:00:00,28.57
2008-06-27 14:00:00,42.08
2008-06-27 15:00:00,85.59
2008-06-27 16:00:00,140.18
2008-06-27 17:00:00,63.64
2008-06-27 18:00:00,171.90
2008-06-27 19:00:00,140.20
2008-06-27 20:00:00,67.82
2008-06-27 21:00:00,151.07
2008-06-27 22:00:00,208.93
2008-06-27 23:00:00,113.37
2008-06-28 00:00:00,25.07
2008-06-28 01:00:00,15.78
2008-06-28 02:00:00,18.22
2008-06-28 03:00:00,17.77
2008-06-28 04:00:00,18.26
2008-06-28 05:00:00,12.83
2008-06-28 06:00:00,38.02
2008-06-28 07:00:00,28.01
2008-06-28 08:00:00,89.91
2008-06-28 09:00:00,70.81
2008-06-28 10:00:00,81.78
2008-06-28 11:00:00,98.04
2008-06-28 12:00:00,92.37
2008-06-28 13:00:00,99.28
2008-06-28 14:00:00,73.31
2008-06-28 15:00:00,94.36
2008-06-28 16:00:00,49.99
2008-06-28 17:00:00,26.67
2008-06-28 18:00:00,28.41
2008-06-28 19:00:00,27.98
2008-06-28 20:00:00,32.48
2008-06-28 21:00:00,36.88
2008-06-28 22:00:00,61.62
2008-06-28 23:00:00,70.96
2008-06-29 00:00:00,63.56
2008-06-29 01:00:00,66.26
2008-06-29 02:00:00,31.22
2008-06-29 03:00:00,33.06
2008-06-29 04:00:00,17.36
2008-06-29 05:00:00,18.10
2008-06-29 06:00:00,17.76
2008-06-29 07:00:00,16.32
2008-06-29 08:00:00,15.55
2008-06-29 09:00:00,17.99
2008-06-29 10:00:00,21.77
2008-06-29 11:00:00,14.92
2008-06-29 12:00:00,91.31
2008-06-29 13:00:00,29.34
2008-06-29 14:00:00,49.69
2008-06-29 15:00:00,14.52
2008-06-29 16:00:00,17.25
2008-06-29 17:00:00,17.40
2008-06-29 18:00:00,17.64
2008-06-29 19:00:00,18.78
2008-06-29 20:00:00,26.98
2008-06-29 21:00:00,27.02
2008-06-29 22:00:00,27.29
2008-06-29 23:00:00,78.27
2008-06-30 00:00:00,46.61
2008-06-30 01:00:00,13.41
2008-06-30 02:00:00,18.03
2008-06-30 03:00:00,16.23
2008-06-30 04:00:00,18.88
2008-06-30 05:00:00,11.19
2008-06-30 06:00:00,18.99
2008-06-30 07:00:00,15.06
2008-06-30 08:00:00,14.77
2008-06-30 09:00:00,21.36
2008-06-30 10:00:00,84.36
2008-06-30 11:00:00,88.98
2008-06-30 12:00:00,90.69
2008-06-30 13:00:00,76.00
2008-06-30 14:00:00,27.89
2008-06-30 15:00:00,28.20
2008-06-30 16:00:00,23.17
2008-06-30 17:00:00,28.80
2008-06-30 18:00:00,25.86
2008-06-30 19:00:00,25.52
2008-06-30 20:00:00,15.84
2008-06-30 21:00:00,15.39
2008-06-30 22:00:00,16.83
2008-06-30 23:00:00,62.13
2008-07-01 00:00:00,21.40
2008-07-01 01:00:00,17.33
2008-07-01 02:00:00,13.70
2008-07-01 03:00:00,17.42
2008-07-01 04:00:00,17.20
2008-07-01 05:00:00,17.01
2008-07-01 06:00:00,14.11
2008-07-01 07:00:00,15.77
2008-07-01 08:00:00,18.56
2008-07-01 09:00:00,15.28
2008-07-01 10:00:00,27.99
2008-07-01 11:00:00,66.23
2008-07-01 12:00:00,29.62
2008-07-01 13:00:00,29.65
2008-07-01 14:00:00,43.04
2008-07-01 15:00:00,29.11
2008-07-01 16:00:00,47.42
2008-07-01 17:00:00,59.40
2008-07-01 18:00:00,38.38
2008-07-01 19:00:00,178.00
2008-07-01 20:00:00,152.40
2008-07-01 21:00:00,106.86
2008-07-01 22:00:00,136.68
2008-07-01 23:00:00,102.69
2008-07-02 00:00:00,22.04
2008-07-02 01:00:00,19.80
2008-07-02 02:00:00,19.89
2008-07-02 03:00:00,17.67
2008-07-02 04:00:00,19.97
2008-07-02 05:00:00,17.61
2008-07-02 06:00:00,81.25
2008-07-02 07:00:00,64.14
2008-07-02 08:00:00,47.53
2008-07-02 09:00:00,49.53
2008-07-02 10:00:00,39.83
2008-07-02 11:00:00,37.07
2008-07-02 12:00:00,20.86
2008-07-02 13:00:00,82.15
2008-07-02 14:00:00,97.37
2008-07-02 15:00:00,61.75
2008-07-02 16:00:00,23.93
2008-07-02 17:00:00,20.61
2008-07-02 18:00:00,32.02
2008-07-02 19:00:00,75.95
2008-07-02 20:00:00,58.97
2008-07-02 21:00:00,85.53
2008-07-02 22:00:00,101.71
2008-07-02 23:00:00,50.04
2008-07-03 00:00:00,17.12
2008-07-03 01:00:00,18.21
2008-07-03 02:00:00,15.62
2008-07-03 03:00:00,18.67
2008-07-03 04:00:00,15.11
2008-07-03 05:00:00,17.63
2008-07-03 06:00:00,93.64
2008-07-03 07:00:00,88.79
2008-07-03 08:00:00,57.36
2008-07-03 09:00:00,18.82
2008-07-03 10:00:00,19.32
2008-07-03 11:00:00,17.59
2008-07-03 12:00:00,13.10
2008-07-03 13:00:00,60.11
2008-07-03 14:00:00,19.28
2008-07-03 15:00:00,16.69
2008-07-03 16:00:00,19.19
2008-07-03 17:00:00,18.60
2008-07-03 18:00:00,18.13
2008-07-03 19:00:00,58.62
2008-07-03 20:00:00,48.28
2008-07-03 21:00:00,219.37
2008-07-03 22:00:00,148.48
2008-07-03 23:00:00,60.65
2008-07-04 00:00:00,21.12
2008-07-04 01:00:00,17.79
2008-07-04 02:00:00,18.28
2008-07-04 03:00:00,16.20
2008-07-04 04:00:00,17.04
2008-07-04 05:00:00,18.61
2008-07-04 06:00:00,69.06
2008-07-04 07:00:00,90.16
2008-07-04 08:00:00,70.38
2008-07-04 09:00:00,29.16
2008-07-04 10:00:00,24.22
2008-07-04 11:00:00,14.17
2008-07-04 12:00:00,62.68
2008-07-04 13:00:00,18.19
2008-07-04 14:00:00,15.23
2008-07-04 15:00:00,15.40
2008-07-04 16:00:00,18.23
2008-07-04 17:00:00,69.26
2008-07-04 18:00:00,81.95
2008-07-04 19:00:00,72.66
2008-07-04 20:00:00,39.38
2008-07-04 21:00:00,39.26
2008-07-04 22:00:00,43.04
2008-07-04 23:00:00,60.55
2008-07-05 00:00:00,27.19
2008-07-05 01:00:00,28.72
2008-07-05 02:00:00,22.93
2008-07-05 03:00:00,15.65
2008-07-05 04:00:00,18.14
2008-07-05 05:00:00,15.14
2008-07-05 06:00:00,17.62
2008-07-05 07:00:00,23.03
2008-07-05 08:00:00,50.45
2008-07-05 09:00:00,39.54
2008-07-05 10:00:00,22.96
2008-07-05 11:00:00,41.56
2008-07-05 12:00:00,92.87
2008-07-05 13:00:00,128.77
2008-07-05 14:00:00,134.30
2008-07-05 15:00:00,172.89
2008-07-05 16:00:00,88.95
2008-07-05 17:00:00,103.49
2008-07-05 18:00:00,71.17
2008-07-05 19:00:00,85.98
2008-07-05 20:00:00,41.98
2008-07-05 21:00:00,62.33
2008-07-05 22:00:00,108.31
2008-07-05 23:00:00,55.10
2008-07-06 00:00:00,38.60
2008-07-06 01:00:00,44.24
2008-07-06 02:00:00,38.48
2008-07-06 03:00:00,44.72
2008-07-06 04:00:00,41.64
2008-07-06 05:00:00,25.87
2008-07-06 06:00:00,51.78
2008-07-06 07:00:00,13.41
2008-07-06 08:00:00,28.61
2008-07-06 09:00:00,41.43
2008-07-06 10:00:00,64.75
2008-07-06 11:00:00,103.37
2008-07-06 12:00:00,106.76
2008-07-06 13:00:00,96.47
2008-07-06 14:00:00,129.67
2008-07-06 15:00:00,91.01
2008-07-06 16:00:00,101.35
2008-07-06 17:00:00,109.56
2008-07-06 18:00:00,88.16
2008-07-06 19:00:00,124.63
2008-07-06 20:00:00,82.65
2008-07-06 21:00:00,68.08
2008-07-06 22:00:00,200.23
2008-07-06 23:00:00,69.60
2008-07-07 00:00:00,22.00
2008-07-07 01:00:00,16.90
2008-07-07 02:00:00,19.37
2008-07-07 03:00:00,12.15
2008-07-07 04:00:00,19.87
2008-07-07 05:00:00,16.55
2008-07-07 06:00:00,26.44
2008-07-07 07:00:00,78.75
2008-07-07 08:00:00,81.47
2008-07-07 09:00:00,80.24
2008-07-07 10:00:00,55.82
2008-07-07 11:00:00,16.46
2008-07-07 12:00:00,16.56
2008-07-07 13:00:00,18.15
2008-07-07 14:00:00,20.93
2008-07-07 15:00:00,39.78
2008-07-07 16:00:00,54.31
2008-07-07 17:00:00,17.29
2008-07-07 18:00:00,14.29
2008-07-07 19:00:00,57.74
2008-07-07 20:00:00,83.81
2008-07-07 21:00:00,138.13
2008-07-07 22:00:00,34.75
2008-07-07 23:00:00,41.64
2008-07-08 00:00:00,18.19
2008-07-08 01:00:00,12.93
2008-07-08 02:00:00,17.19
2008-07-08 03:00:00,15.74
2008-07-08 04:00:00,52.05
2008-07-08 05:00:00,15.06
2008-07-08 06:00:00,52.59
2008-07-08 07:00:00,93.83
2008-07-08 08:00:00,68.51
2008-07-08 09:00:00,62.19
2008-07-08 10:00:00,28.35
2008-07-08 11:00:00,43.07
2008-07-08 12:00:00,41.23
2008-07-08 13:00:00,44.12
2008-07-08 14:00:00,13.58
2008-07-08 15:00:00,21.41
2008-07-08 16:00:00,20.10
2008-07-08 17:00:00,56.92
2008-07-08 18:00:00,30.40
2008-07-08 19:00:00,34.99
2008-07-08 20:00:00,39.93
2008-07-08 21:00:00,123.59
2008-07-08 22:00:00,148.72
2008-07-08 23:00:00,71.52
2008-07-09 00:00:00,18.15
2008-07-09 01:00:00,12.09
2008-07-09 02:00:00,17.57
2008-07-09 03:00:00,13.46
2008-07-09 04:00:00,15.70
2008-07-09 05:00:00,17.41
2008-07-09 06:00:00,57.48
2008-07-09 07:00:00,102.70
2008-07-09 08:00:00,80.99
2008-07-09 09:00:00,48.19
2008-07-09 10:00:00,24.94
2008-07-09 11:00:00,25.10
2008-07-09 12:00:00,13.98
2008-07-09 13:00:00,61.03
2008-07-09 14:00:00,16.32
2008-07-09 15:00:00,14.50
2008-07-09 16:00:00,15.18
2008-07-09 17:00:00,15.26
2008-07-09 18:00:00,19.48
2008-07-09 19:00:00,48.82
2008-07-09 20:00:00,96.71
2008-07-09 21:00:00,69.52
2008-07-09 22:00:00,63.77
2008-07-09 23:00:00,50.96
2008-07-10 00:00:00,15.67
2008-07-10 01:00:00,13.59
2008-07-10 02:00:00,16.45
2008-07-10 03:00:00,16.22
2008-07-10 04:00:00,34.01
2008-07-10 05:00:00,31.31
2008-07-10 06:00:00,55.49
2008-07-10 07:00:00,87.21
2008-07-10 08:00:00,117.33
2008-07-10 09:00:00,114.36
2008-07-10 10:00:00,41.68
2008-07-10 11:00:00,11.92
2008-07-10 12:00:00,20.16
2008-07-10 13:00:00,35.38
2008-07-10 14:00:00,29.32
2008-07-10 15:00:00,15.98
2008-07-10 16:00:00,66.48
2008-07-10 17:00:00,58.49
2008-07-10 18:00:00,62.12
2008-07-10 19:00:00,124.27
2008-07-10 20:00:00,64.62
2008-07-10 21:00:00,84.44
2008-07-10 22:00:00,80.88
2008-07-10 23:00:00,53.88
2008-07-11 00:00:00,18.96
2008-07-11 01:00:00,19.22
2008-07-11 02:00:00,18.14
2008-07-11 03:00:00,16.71
2008-07-11 04:00:00,17.18
2008-07-11 05:00:00,16.88
2008-07-11 06:00:00,79.27
2008-07-11 07:00:00,114.42
2008-07-11 08:00:00,123.32
2008-07-11 09:00:00,44.68
2008-07-11 10:00:00,75.64
2008-07-11 11:00:00,37.84
2008-07-11 12:00:00,65.46
2008-07-11 13:00:00,87.56
2008-07-11 14:00:00,47.74
2008-07-11 15:00:00,18.96
2008-07-11 16:00:00,16.78
2008-07-11 17:00:00,18.51
2008-07-11 18:00:00,81.65
2008-07-11 19:00:00,50.05
2008-07-11 20:00:00,40.35
2008-07-11 21:00:00,33.32
2008-07-11 22:00:00,98.06
2008-07-11 23:00:00,113.51
2008-07-12 00:00:00,81.46
2008-07-12 01:00:00,46.69
2008-07-12 02:00:00,15.45
2008-07-12 03:00:00,16.94
2008-07-12 04:00:00,17.57
2008-07-12 05:00:00,16.31
2008-07-12 06:00:00,68.65
2008-07-12 07:00:00,77.22
2008-07-12 08:00:00,14.47
2008-07-12 09:00:00,30.59
2008-07-12 10:00:00,56.67
2008-07-12 11:00:00,45.41
2008-07-12 12:00:00,28.38
2008-07-12 13:00:00,168.97
2008-07-12 14:00:00,79.82
2008-07-12 15:00:00,239.58
2008-07-12 16:00:00,59.63
2008-07-12 17:00:00,39.12
2008-07-12 18:00:00,19.52
2008-07-12 19:00:00,19.84
2008-07-12 20:00:00,48.88
2008-07-12 21:00:00,15.62
2008-07-12 22:00:00,94.27
2008-07-12 23:00:00,27.77
2008-07-13 00:00:00,20.50
2008-07-13 01:00:00,14.04
2008-07-13 02:00:00,18.55
2008-07-13 03:00:00,17.15
2008-07-13 04:00:00,17.82
2008-07-13 05:00:00,17.63
2008-07-13 06:00:00,50.02
2008-07-13 07:00:00,85.08
2008-07-13 08:00:00,27.95
2008-07-13 09:00:00,118.58
2008-07-13 10:00:00,54.65
2008-07-13 11:00:00,56.90
2008-07-13 12:00:00,163.69
2008-07-13 13:00:00,117.40
2008-07-13 14:00:00,31.62
2008-07-13 15:00:00,48.70
2008-07-13 16:00:00,24.52
2008-07-13 17:00:00,25.66
2008-07-13 18:00:00,34.51
2008-07-13 19:00:00,33.09
2008-07-13 20:00:00,74.63
2008-07-13 21:00:00,25.63
2008-07-13 22:00:00,77.78
2008-07-13 23:00:00,98.55
2008-07-14 00:00:00,52.01
2008-07-14 01:00:00,16.20
2008-07-14 02:00:00,14.34
2008-07-14 03:00:00,15.95
2008-07-14 04:00:00,17.74
2008-07-14 05:00:00,12.35
2008-07-14 06:00:00,18.18
2008-07-14 07:00:00,94.33
2008-07-14 08:00:00,85.06
2008-07-14 09:00:00,78.20
2008-07-14 10:00:00,27.53
2008-07-14 11:00:00,18.60
2008-07-14 12:00:00,14.92
2008-07-14 13:00:00,19.19
2008-07-14 14:00:00,26.13
2008-07-14 15:00:00,77.36
2008-07-14 16:00:00,28.37
2008-07-14 17:00:00,25.74
2008-07-14 18:00:00,136.57
2008-07-14 19:00:00,137.62
2008-07-14 20:00:00,105.28
2008-07-14 21:00:00,53.78
2008-07-14 22:00:00,42.41
2008-07-14 23:00:00,20.07
2008-07-15 00:00:00,20.50
2008-07-15 01:00:00,16.44
2008-07-15 02:00:00,19.18
2008-07-15 03:00:00,20.85
2008-07-15 04:00:00,46.62
2008-07-15 05:00:00,42.63
2008-07-15 06:00:00,94.66
2008-07-15 07:00:00,51.31
2008-07-15 08:00:00,98.46
2008-07-15 09:00:00,81.92
2008-07-15 10:00:00,30.63
2008-07-15 11:00:00,15.19
2008-07-15 12:00:00,75.62
2008-07-15 13:00:00,47.59
2008-07-15 14:00:00,20.51
2008-07-15 15:00:00,112.45
2008-07-15 16:00:00,93.25
2008-07-15 17:00:00,24.73
2008-07-15 18:00:00,25.09
2008-07-15 19:00:00,22.11
2008-07-15 20:00:00,24.81
2008-07-15 21:00:00,58.11
2008-07-15 22:00:00,57.38
2008-07-15 23:00:00,55.81
2008-07-16 00:00:00,26.21
2008-07-16 01:00:00,53.33
2008-07-16 02:00:00,15.89
2008-07-16 03:00:00,19.06
2008-07-16 04:00:00,16.70
2008-07-16 05:00:00,18.23
2008-07-16 06:00:00,17.07
2008-07-16 07:00:00,33.69
2008-07-16 08:00:00,78.90
2008-07-16 09:00:00,29.06
2008-07-16 10:00:00,18.29
2008-07-16 11:00:00,21.62
2008-07-16 12:00:00,31.69
2008-07-16 13:00:00,46.94
2008-07-16 14:00:00,48.00
2008-07-16 15:00:00,20.75
2008-07-16 16:00:00,25.13
2008-07-16 17:00:00,50.58
2008-07-16 18:00:00,42.89
2008-07-16 19:00:00,49.71
2008-07-16 20:00:00,94.82
2008-07-16 21:00:00,230.35
2008-07-16 22:00:00,50.89
2008-07-16 23:00:00,37.24
2008-07-17 00:00:00,33.71
2008-07-17 01:00:00,16.68
2008-07-17 02:00:00,20.62
2008-07-17 03:00:00,17.54
2008-07-17 04:00:00,19.26
2008-07-17 05:00:00,37.83
2008-07-17 06:00:00,53.69
2008-07-17 07:00:00,72.19
2008-07-17 08:00:00,75.96
2008-07-17 09:00:00,72.61
2008-07-17 10:00:00,21.37
2008-07-17 11:00:00,25.01
2008-07-17 12:00:00,53.73
2008-07-17 13:00:00,35.46
2008-07-17 14:00:00,79.65
2008-07-17 15:00:00,101.15
2008-07-17 16:00:00,35.25
2008-07-17 17:00:00,28.85
2008-07-17 18:00:00,87.06
2008-07-17 19:00:00,100.76
2008-07-17 20:00:00,79.72
2008-07-17 21:00:00,84.31
2008-07-17 22:00:00,91.74
2008-07-17 23:00:00,74.94
2008-07-18 00:00:00,49.73
2008-07-18 01:00:00,22.62
2008-07-18 02:00:00,17.73
2008-07-18 03:00:00,19.17
2008-07-18 04:00:00,53.92
2008-07-18 05:00:00,18.52
2008-07-18 06:00:00,87.71
2008-07-18 07:00:00,86.82
2008-07-18 08:00:00,82.40
2008-07-18 09:00:00,49.37
2008-07-18 10:00:00,36.03
2008-07-18 11:00:00,37.72
2008-07-18 12:00:00,28.49
2008-07-18 13:00:00,37.08
2008-07-18 14:00:00,49.34
2008-07-18 15:00:00,38.55
2008-07-18 16:00:00,41.16
2008-07-18 17:00:00,73.76
2008-07-18 18:00:00,36.16
2008-07-18 19:00:00,35.70
2008-07-18 20:00:00,106.94
2008-07-18 21:00:00,124.16
2008-07-18 22:00:00,104.68
2008-07-18 23:00:00,23.83
2008-07-19 00:00:00,15.59
2008-07-19 01:00:00,18.08
2008-07-19 02:00:00,15.65
2008-07-19 03:00:00,18.22
2008-07-19 04:00:00,17.90
2008-07-19 05:00:00,46.16
2008-07-19 06:00:00,15.45
2008-07-19 07:00:00,34.21
2008-07-19 08:00:00,20.88
2008-07-19 09:00:00,34.90
2008-07-19 10:00:00,115.63
2008-07-19 11:00:00,160.50
2008-07-19 12:00:00,87.94
2008-07-19 13:00:00,83.50
2008-07-19 14:00:00,157.34
2008-07-19 15:00:00,83.23
2008-07-19 16:00:00,79.44
2008-07-19 17:00:00,67.87
2008-07-19 18:00:00,20.16
2008-07-19 19:00:00,32.66
2008-07-19 20:00:00,36.66
2008-07-19 21:00:00,34.98
2008-07-19 22:00:00,63.75
2008-07-19 23:00:00,83.32
2008-07-20 00:00:00,126.45
2008-07-20 01:00:00,35.86
2008-07-20 02:00:00,17.19
2008-07-20 03:00:00,16.67
2008-07-20 04:00:00,20.77
2008-07-20 05:00:00,16.47
2008-07-20 06:00:00,13.38
2008-07-20 07:00:00,17.46
2008-07-20 08:00:00,79.61
2008-07-20 09:00:00,20.46
2008-07-20 10:00:00,28.32
2008-07-20 11:00:00,40.03
2008-07-20 12:00:00,90.86
2008-07-20 13:00:00,62.10
2008-07-20 14:00:00,88.44
2008-07-20 15:00:00,29.53
2008-07-20 16:00:00,17.90
2008-07-20 17:00:00,14.75
2008-07-20 18:00:00,15.57
2008-07-20 19:00:00,20.69
2008-07-20 20:00:00,35.62
2008-07-20 21:00:00,77.09
2008-07-20 22:00:00,37.46
2008-07-20 23:00:00,18.84
2008-07-21 00:00:00,13.56
2008-07-21 01:00:00,16.38
2008-07-21 02:00:00,18.48
2008-07-21 03:00:00,14.40
2008-07-21 04:00:00,14.66
2008-07-21 05:00:00,18.37
2008-07-21 06:00:00,36.07
2008-07-21 07:00:00,69.66
2008-07-21 08:00:00,81.40
2008-07-21 09:00:00,79.96
2008-07-21 10:00:00,40.16
2008-07-21 11:00:00,28.58
2008-07-21 12:00:00,33.16
2008-07-21 13:00:00,55.47
2008-07-21 14:00:00,92.25
2008-07-21 15:00:00,87.46
2008-07-21 16:00:00,40.22
2008-07-21 17:00:00,20.18
2008-07-21 18:00:00,17.03
2008-07-21 19:00:00,88.88
2008-07-21 20:00:00,68.97
2008-07-21 21:00:00,133.33
2008-07-21 22:00:00,70.80
2008-07-21 23:00:00,17.05
2008-07-22 00:00:00,16.84
2008-07-22 01:00:00,16.37
2008-07-22 02:00:00,14.52
2008-07-22 03:00:00,15.89
2008-07-22 04:00:00,16.46
2008-07-22 05:00:00,16.69
2008-07-22 06:00:00,58.08
2008-07-22 07:00:00,46.90
2008-07-22 08:00:00,74.43
2008-07-22 09:00:00,17.44
2008-07-22 10:00:00,17.57
2008-07-22 11:00:00,29.08
2008-07-22 12:00:00,40.75
2008-07-22 13:00:00,29.07
2008-07-22 14:00:00,32.43
2008-07-22 15:00:00,25.73
2008-07-22 16:00:00,17.53
2008-07-22 17:00:00,47.60
2008-07-22 18:00:00,17.88
2008-07-22 19:00:00,23.03
2008-07-22 20:00:00,44.24
2008-07-22 21:00:00,60.08
2008-07-22 22:00:00,35.27
2008-07-22 23:00:00,26.36
2008-07-23 00:00:00,18.85
2008-07-23 01:00:00,15.15
2008-07-23 02:00:00,17.87
2008-07-23 03:00:00,17.84
2008-07-23 04:00:00,15.61
2008-07-23 05:00:00,55.30
2008-07-23 06:00:00,15.16
2008-07-23 07:00:00,87.26
2008-07-23 08:00:00,83.67
2008-07-23 09:00:00,81.68
2008-07-23 10:00:00,30.99
2008-07-23 11:00:00,35.30
2008-07-23 12:00:00,35.33
2008-07-23 13:00:00,33.36
2008-07-23 14:00:00,27.79
2008-07-23 15:00:00,17.57
2008-07-23 16:00:00,27.53
2008-07-23 17:00:00,19.99
2008-07-23 18:00:00,28.19
2008-07-23 19:00:00,58.60
2008-07-23 20:00:00,70.36
2008-07-23 21:00:00,61.02
2008-07-23 22:00:00,61.56
2008-07-23 23:00:00,26.63
2008-07-24 00:00:00,54.63
2008-07-24 01:00:00,36.24
2008-07-24 02:00:00,23.84
2008-07-24 03:00:00,25.02
2008-07-24 04:00:00,24.05
2008-07-24 05:00:00,26.09
2008-07-24 06:00:00,52.63
2008-07-24 07:00:00,98.53
2008-07-24 08:00:00,88.56
2008-07-24 09:00:00,85.28
2008-07-24 10:00:00,45.58
2008-07-24 11:00:00,24.61
2008-07-24 12:00:00,24.83
2008-07-24 13:00:00,20.31
2008-07-24 14:00:00,26.45
2008-07-24 15:00:00,23.55
2008-07-24 16:00:00,25.00
2008-07-24 17:00:00,27.50
2008-07-24 18:00:00,26.33
2008-07-24 19:00:00,82.07
2008-07-24 20:00:00,37.39
2008-07-24 21:00:00,171.94
2008-07-24 22:00:00,24.58
2008-07-24 23:00:00,18.43
2008-07-25 00:00:00,19.41
2008-07-25 01:00:00,17.35
2008-07-25 02:00:00,18.49
2008-07-25 03:00:00,17.23
2008-07-25 04:00:00,19.19
2008-07-25 05:00:00,20.03
2008-07-25 06:00:00,71.72
2008-07-25 07:00:00,58.99
2008-07-25 08:00:00,85.34
2008-07-25 09:00:00,56.97
2008-07-25 10:00:00,17.94
2008-07-25 11:00:00,18.42
2008-07-25 12:00:00,16.67
2008-07-25 13:00:00,18.02
2008-07-25 14:00:00,19.11
2008-07-25 15:00:00,15.84
2008-07-25 16:00:00,19.26
2008-07-25 17:00:00,17.46
2008-07-25 18:00:00,60.59
2008-07-25 19:00:00,17.80
2008-07-25 20:00:00,45.61
2008-07-25 21:00:00,100.45
2008-07-25 22:00:00,68.86
2008-07-25 23:00:00,44.77
2008-07-26 00:00:00,19.44
2008-07-26 01:00:00,16.95
2008-07-26 02:00:00,17.23
2008-07-26 03:00:00,19.03
2008-07-26 04:00:00,17.35
2008-07-26 05:00:00,17.23
2008-07-26 06:00:00,20.68
2008-07-26 07:00:00,75.52
2008-07-26 08:00:00,23.09
2008-07-26 09:00:00,52.96
2008-07-26 10:00:00,78.63
2008-07-26 11:00:00,33.44
2008-07-26 12:00:00,16.87
2008-07-26 13:00:00,26.57
2008-07-26 14:00:00,24.99
2008-07-26 15:00:00,48.60
2008-07-26 16:00:00,92.99
2008-07-26 17:00:00,83.27
2008-07-26 18:00:00,33.61
2008-07-26 19:00:00,23.82
2008-07-26 20:00:00,17.64
2008-07-26 21:00:00,19.62
2008-07-26 22:00:00,16.50
2008-07-26 23:00:00,19.66
2008-07-27 00:00:00,27.22
2008-07-27 01:00:00,17.41
2008-07-27 02:00:00,35.95
2008-07-27 03:00:00,36.07
2008-07-27 04:00:00,18.75
2008-07-27 05:00:00,15.67
2008-07-27 06:00:00,18.52
2008-07-27 07:00:00,17.39
2008-07-27 08:00:00,29.72
2008-07-27 09:00:00,54.72
2008-07-27 10:00:00,47.48
2008-07-27 11:00:00,21.05
2008-07-27 12:00:00,23.20
2008-07-27 13:00:00,54.36
2008-07-27 14:00:00,110.51
2008-07-27 15:00:00,73.24
2008-07-27 16:00:00,46.51
2008-07-27 17:00:00,64.96
2008-07-27 18:00:00,61.36
2008-07-27 19:00:00,100.02
2008-07-27 20:00:00,97.64
2008-07-27 21:00:00,97.87
2008-07-27 22:00:00,52.95
2008-07-27 23:00:00,24.83
2008-07-28 00:00:00,20.19
2008-07-28 01:00:00,18.68
2008-07-28 02:00:00,18.34
2008-07-28 03:00:00,18.47
2008-07-28 04:00:00,20.06
2008-07-28 05:00:00,59.82
2008-07-28 06:00:00,87.58
2008-07-28 07:00:00,106.17
2008-07-28 08:00:00,38.88
2008-07-28 09:00:00,18.05
2008-07-28 10:00:00,18.78
2008-07-28 11:00:00,19.95
2008-07-28 12:00:00,16.39
2008-07-28 13:00:00,20.02
2008-07-28 14:00:00,21.98
2008-07-28 15:00:00,31.64
2008-07-28 16:00:00,32.80
2008-07-28 17:00:00,67.01
2008-07-28 18:00:00,35.51
2008-07-28 19:00:00,32.81
2008-07-28 20:00:00,30.93
2008-07-28 21:00:00,30.91
2008-07-28 22:00:00,30.68
2008-07-28 23:00:00,30.17
2008-07-29 00:00:00,35.35
2008-07-29 01:00:00,31.32
2008-07-29 02:00:00,45.25
2008-07-29 03:00:00,59.35
2008-07-29 04:00:00,31.33
2008-07-29 05:00:00,30.52
2008-07-29 06:00:00,29.26
2008-07-29 07:00:00,41.85
2008-07-29 08:00:00,114.81
2008-07-29 09:00:00,83.39
2008-07-29 10:00:00,55.46
2008-07-29 11:00:00,32.03
2008-07-29 12:00:00,29.64
2008-07-29 13:00:00,30.14
2008-07-29 14:00:00,30.34
2008-07-29 15:00:00,37.37
2008-07-29 16:00:00,34.59
2008-07-29 17:00:00,32.76
2008-07-29 18:00:00,61.11
2008-07-29 19:00:00,95.77
2008-07-29 20:00:00,50.04
2008-07-29 21:00:00,89.45
2008-07-29 22:00:00,38.13
2008-07-29 23:00:00,47.31
2008-07-30 00:00:00,53.38
2008-07-30 01:00:00,29.15
2008-07-30 02:00:00,31.51
2008-07-30 03:00:00,27.88
2008-07-30 04:00:00,30.12
2008-07-30 05:00:00,29.57
2008-07-30 06:00:00,39.88
2008-07-30 07:00:00,94.10
2008-07-30 08:00:00,95.85
2008-07-30 09:00:00,47.23
2008-07-30 10:00:00,25.20
2008-07-30 11:00:00,31.10
2008-07-30 12:00:00,29.08
2008-07-30 13:00:00,30.01
2008-07-30 14:00:00,29.41
2008-07-30 15:00:00,29.31
2008-07-30 16:00:00,31.59
2008-07-30 17:00:00,27.45
2008-07-30 18:00:00,79.81
2008-07-30 19:00:00,97.71
2008-07-30 20:00:00,118.80
2008-07-30 21:00:00,135.12
2008-07-30 22:00:00,118.53
2008-07-30 23:00:00,38.12
2008-07-31 00:00:00,22.14
2008-07-31 01:00:00,25.16
2008-07-31 02:00:00,20.87
2008-07-31 03:00:00,20.03
2008-07-31 04:00:00,19.14
2008-07-31 05:00:00,19.84
2008-07-31 06:00:00,58.23
2008-07-31 07:00:00,89.57
2008-07-31 08:00:00,70.23
2008-07-31 09:00:00,44.71
2008-07-31 10:00:00,78.10
2008-07-31 11:00:00,62.98
2008-07-31 12:00:00,44.03
2008-07-31 13:00:00,75.43
2008-07-31 14:00:00,20.46
2008-07-31 15:00:00,17.19
2008-07-31 16:00:00,20.79
2008-07-31 17:00:00,20.19
2008-07-31 18:00:00,32.32
2008-07-31 19:00:00,90.74
2008-07-31 20:00:00,145.33
2008-07-31 21:00:00,99.71
2008-07-31 22:00:00,181.88
2008-07-31 23:00:00,113.58
2008-08-01 00:00:00,27.62
2008-08-01 01:00:00,24.36
2008-08-01 02:00:00,23.44
2008-08-01 03:00:00,21.69
2008-08-01 04:00:00,24.07
2008-08-01 05:00:00,20.17
2008-08-01 06:00:00,39.41
2008-08-01 07:00:00,101.65
2008-08-01 08:00:00,51.67
2008-08-01 09:00:00,69.48
2008-08-01 10:00:00,69.63
2008-08-01 11:00:00,19.33
2008-08-01 12:00:00,18.41
2008-08-01 13:00:00,20.21
2008-08-01 14:00:00,11.82
2008-08-01 15:00:00,20.30
2008-08-01 16:00:00,18.02
2008-08-01 17:00:00,18.54
2008-08-01 18:00:00,17.81
2008-08-01 19:00:00,18.36
2008-08-01 20:00:00,29.40
2008-08-01 21:00:00,36.98
2008-08-01 22:00:00,18.23
2008-08-01 23:00:00,18.97
2008-08-02 00:00:00,17.52
2008-08-02 01:00:00,17.29
2008-08-02 02:00:00,18.37
2008-08-02 03:00:00,18.10
2008-08-02 04:00:00,15.85
2008-08-02 05:00:00,15.30
2008-08-02 06:00:00,18.02
2008-08-02 07:00:00,18.88
2008-08-02 08:00:00,37.70
2008-08-02 09:00:00,44.90
2008-08-02 10:00:00,14.77
2008-08-02 11:00:00,16.43
2008-08-02 12:00:00,18.20
2008-08-02 13:00:00,18.05
2008-08-02 14:00:00,17.87
2008-08-02 15:00:00,13.17
2008-08-02 16:00:00,17.18
2008-08-02 17:00:00,18.95
2008-08-02 18:00:00,16.82
2008-08-02 19:00:00,16.79
2008-08-02 20:00:00,56.32
2008-08-02 21:00:00,24.74
2008-08-02 22:00:00,17.54
2008-08-02 23:00:00,17.01
2008-08-03 00:00:00,13.99
2008-08-03 01:00:00,17.29
2008-08-03 02:00:00,15.66
2008-08-03 03:00:00,19.19
2008-08-03 04:00:00,16.67
2008-08-03 05:00:00,12.74
2008-08-03 06:00:00,18.20
2008-08-03 07:00:00,16.56
2008-08-03 08:00:00,60.28
2008-08-03 09:00:00,28.05
2008-08-03 10:00:00,15.12
2008-08-03 11:00:00,17.03
2008-08-03 12:00:00,15.66
2008-08-03 13:00:00,18.91
2008-08-03 14:00:00,12.80
2008-08-03 15:00:00,16.54
2008-08-03 16:00:00,17.33
2008-08-03 17:00:00,17.31
2008-08-03 18:00:00,17.81
2008-08-03 19:00:00,12.06
2008-08-03 20:00:00,48.69
2008-08-03 21:00:00,42.63
2008-08-03 22:00:00,15.92
2008-08-03 23:00:00,18.33
2008-08-04 00:00:00,13.55
2008-08-04 01:00:00,16.51
2008-08-04 02:00:00,17.09
2008-08-04 03:00:00,17.47
2008-08-04 04:00:00,17.29
2008-08-04 05:00:00,15.50
2008-08-04 06:00:00,14.00
2008-08-04 07:00:00,18.99
2008-08-04 08:00:00,31.26
2008-08-04 09:00:00,57.71
2008-08-04 10:00:00,13.99
2008-08-04 11:00:00,15.97
2008-08-04 12:00:00,17.10
2008-08-04 13:00:00,16.64
2008-08-04 14:00:00,18.27
2008-08-04 15:00:00,12.04
2008-08-04 16:00:00,21.98
2008-08-04 17:00:00,63.91
2008-08-04 18:00:00,130.27
2008-08-04 19:00:00,153.96
2008-08-04 20:00:00,95.81
2008-08-04 21:00:00,138.50
2008-08-04 22:00:00,104.35
2008-08-04 23:00:00,104.37
2008-08-05 00:00:00,67.95
2008-08-05 01:00:00,22.24
2008-08-05 02:00:00,19.12
2008-08-05 03:00:00,17.96
2008-08-05 04:00:00,18.69
2008-08-05 05:00:00,16.74
2008-08-05 06:00:00,17.49
2008-08-05 07:00:00,88.67
2008-08-05 08:00:00,115.48
2008-08-05 09:00:00,114.28
2008-08-05 10:00:00,78.49
2008-08-05 11:00:00,79.56
2008-08-05 12:00:00,17.12
2008-08-05 13:00:00,17.15
2008-08-05 14:00:00,19.79
2008-08-05 15:00:00,9.96
2008-08-05 16:00:00,13.32
2008-08-05 17:00:00,14.16
2008-08-05 18:00:00,13.68
2008-08-05 19:00:00,14.54
2008-08-05 20:00:00,12.82
2008-08-05 21:00:00,14.40
2008-08-05 22:00:00,11.06
2008-08-05 23:00:00,12.43
2008-08-06 00:00:00,13.69
2008-08-06 01:00:00,15.41
2008-08-06 02:00:00,13.23
2008-08-06 03:00:00,12.30
2008-08-06 04:00:00,14.76
2008-08-06 05:00:00,14.59
2008-08-06 06:00:00,11.37
2008-08-06 07:00:00,11.39
2008-08-06 08:00:00,14.80
2008-08-06 09:00:00,13.82
2008-08-06 10:00:00,12.84
2008-08-06 11:00:00,13.90
2008-08-06 12:00:00,14.00
2008-08-06 13:00:00,12.36
2008-08-06 14:00:00,11.70
2008-08-06 15:00:00,14.39
2008-08-06 16:00:00,13.11
2008-08-06 17:00:00,14.78
2008-08-06 18:00:00,15.10
2008-08-06 19:00:00,14.40
2008-08-06 20:00:00,13.21
2008-08-06 21:00:00,14.79
2008-08-06 22:00:00,12.82
2008-08-06 23:00:00,13.34
2008-08-07 00:00:00,13.66
2008-08-07 01:00:00,15.50
2008-08-07 02:00:00,14.50
2008-08-07 03:00:00,14.54
2008-08-07 04:00:00,14.17
2008-08-07 05:00:00,15.08
2008-08-07 06:00:00,13.06
2008-08-07 07:00:00,15.65
2008-08-07 08:00:00,14.44
2008-08-07 09:00:00,14.05
2008-08-07 10:00:00,13.20
2008-08-07 11:00:00,15.99
2008-08-07 12:00:00,10.70
2008-08-07 13:00:00,13.09
2008-08-07 14:00:00,13.59
2008-08-07 15:00:00,15.35
2008-08-07 16:00:00,14.03
2008-08-07 17:00:00,14.18
2008-08-07 18:00:00,13.84
2008-08-07 19:00:00,11.32
2008-08-07 20:00:00,13.14
2008-08-07 21:00:00,15.14
2008-08-07 22:00:00,13.63
2008-08-07 23:00:00,13.04
2008-08-08 00:00:00,14.14
2008-08-08 01:00:00,14.56
2008-08-08 02:00:00,10.45
2008-08-08 03:00:00,11.73
2008-08-08 04:00:00,14.93
2008-08-08 05:00:00,14.56
2008-08-08 06:00:00,10.93
2008-08-08 07:00:00,11.44
2008-08-08 08:00:00,14.47
2008-08-08 09:00:00,14.13
2008-08-08 10:00:00,10.65
2008-08-08 11:00:00,11.40
2008-08-08 12:00:00,13.84
2008-08-08 13:00:00,12.61
2008-08-08 14:00:00,12.95
2008-08-08 15:00:00,10.06
2008-08-08 16:00:00,13.49
2008-08-08 17:00:00,13.49
2008-08-08 18:00:00,13.47
2008-08-08 19:00:00,9.21
2008-08-08 20:00:00,13.81
2008-08-08 21:00:00,13.65
2008-08-08 22:00:00,11.97
2008-08-08 23:00:00,10.21
2008-08-09 00:00:00,14.06
2008-08-09 01:00:00,13.62
2008-08-09 02:00:00,8.21
2008-08-09 03:00:00,13.58
2008-08-09 04:00:00,14.10
2008-08-09 05:00:00,11.78
2008-08-09 06:00:00,9.42
2008-08-09 07:00:00,13.83
2008-08-09 08:00:00,13.08
2008-08-09 09:00:00,8.56
2008-08-09 10:00:00,13.28
2008-08-09 11:00:00,13.98
2008-08-09 12:00:00,8.75
2008-08-09 13:00:00,12.00
2008-08-09 14:00:00,16.60
2008-08-09 15:00:00,74.67
2008-08-09 16:00:00,9.97
2008-08-09 17:00:00,14.45
2008-08-09 18:00:00,12.81
2008-08-09 19:00:00,12.54
2008-08-09 20:00:00,10.39
2008-08-09 21:00:00,12.78
2008-08-09 22:00:00,13.62
2008-08-09 23:00:00,12.85
2008-08-10 00:00:00,13.17
2008-08-10 01:00:00,9.30
2008-08-10 02:00:00,13.99
2008-08-10 03:00:00,13.56
2008-08-10 04:00:00,10.95
2008-08-10 05:00:00,11.40
2008-08-10 06:00:00,13.42
2008-08-10 07:00:00,11.84
2008-08-10 08:00:00,13.15
2008-08-10 09:00:00,13.02
2008-08-10 10:00:00,9.99
2008-08-10 11:00:00,12.72
2008-08-10 12:00:00,13.44
2008-08-10 13:00:00,8.79
2008-08-10 14:00:00,13.24
2008-08-10 15:00:00,13.88
2008-08-10 16:00:00,12.45
2008-08-10 17:00:00,8.85
2008-08-10 18:00:00,18.03
2008-08-10 19:00:00,24.88
2008-08-10 20:00:00,22.06
2008-08-10 21:00:00,21.15
2008-08-10 22:00:00,25.11
2008-08-10 23:00:00,23.64
2008-08-11 00:00:00,24.21
2008-08-11 01:00:00,20.83
2008-08-11 02:00:00,23.83
2008-08-11 03:00:00,24.89
2008-08-11 04:00:00,24.92
2008-08-11 05:00:00,19.71
2008-08-11 06:00:00,23.91
2008-08-11 07:00:00,17.40
2008-08-11 08:00:00,12.23
2008-08-11 09:00:00,9.08
2008-08-11 10:00:00,12.63
2008-08-11 11:00:00,13.67
2008-08-11 12:00:00,10.57
2008-08-11 13:00:00,11.01
2008-08-11 14:00:00,12.46
2008-08-11 15:00:00,12.83
2008-08-11 16:00:00,10.59
2008-08-11 17:00:00,12.83
2008-08-11 18:00:00,11.57
2008-08-11 19:00:00,14.20
2008-08-11 20:00:00,11.20
2008-08-11 21:00:00,10.71
2008-08-11 22:00:00,13.22
2008-08-11 23:00:00,13.41
2008-08-12 00:00:00,9.50
2008-08-12 01:00:00,12.99
2008-08-12 02:00:00,12.85
2008-08-12 03:00:00,12.22
2008-08-12 04:00:00,10.59
2008-08-12 05:00:00,13.30
2008-08-12 06:00:00,11.73
2008-08-12 07:00:00,12.87
2008-08-12 08:00:00,10.47
2008-08-12 09:00:00,13.49
2008-08-12 10:00:00,11.46
2008-08-12 11:00:00,12.80
2008-08-12 12:00:00,10.26
2008-08-12 13:00:00,12.19
2008-08-12 14:00:00,13.96
2008-08-12 15:00:00,9.37
2008-08-12 16:00:00,11.76
2008-08-12 17:00:00,13.83
2008-08-12 18:00:00,13.05
2008-08-12 19:00:00,9.14
2008-08-12 20:00:00,14.69
2008-08-12 21:00:00,13.72
2008-08-12 22:00:00,8.74
2008-08-12 23:00:00,13.99
2008-08-13 00:00:00,12.87
2008-08-13 01:00:00,11.44
2008-08-13 02:00:00,11.13
2008-08-13 03:00:00,13.36
2008-08-13 04:00:00,11.68
2008-08-13 05:00:00,9.01
2008-08-13 06:00:00,14.04
2008-08-13 07:00:00,13.35
2008-08-13 08:00:00,9.04
2008-08-13 09:00:00,13.15
2008-08-13 10:00:00,11.97
2008-08-13 11:00:00,10.19
2008-08-13 12:00:00,13.02
2008-08-13 13:00:00,9.14
2008-08-13 14:00:00,12.11
2008-08-13 15:00:00,13.88
2008-08-13 16:00:00,10.02
2008-08-13 17:00:00,11.18
2008-08-13 18:00:00,13.29
2008-08-13 19:00:00,10.52
2008-08-13 20:00:00,13.34
2008-08-13 21:00:00,10.24
2008-08-13 22:00:00,12.33
2008-08-13 23:00:00,12.27
2008-08-14 00:00:00,10.60
2008-08-14 01:00:00,13.16
2008-08-14 02:00:00,11.28
2008-08-14 03:00:00,9.89
2008-08-14 04:00:00,14.26
2008-08-14 05:00:00,7.83
2008-08-14 06:00:00,12.83
2008-08-14 07:00:00,13.73
2008-08-14 08:00:00,8.67
2008-08-14 09:00:00,13.52
2008-08-14 10:00:00,9.08
2008-08-14 11:00:00,11.21
2008-08-14 12:00:00,10.72
2008-08-14 13:00:00,12.70
2008-08-14 14:00:00,10.99
2008-08-14 15:00:00,9.16
2008-08-14 16:00:00,13.66
2008-08-14 17:00:00,11.36
2008-08-14 18:00:00,10.25
2008-08-14 19:00:00,12.49
2008-08-14 20:00:00,11.37
2008-08-14 21:00:00,10.98
2008-08-14 22:00:00,12.55
2008-08-14 23:00:00,7.95
2008-08-15 00:00:00,13.31
2008-08-15 01:00:00,13.37
2008-08-15 02:00:00,8.47
2008-08-15 03:00:00,12.50
2008-08-15 04:00:00,12.95
2008-08-15 05:00:00,9.41
2008-08-15 06:00:00,12.74
2008-08-15 07:00:00,9.86
2008-08-15 08:00:00,10.97
2008-08-15 09:00:00,10.64
2008-08-15 10:00:00,13.35
2008-08-15 11:00:00,10.46
2008-08-15 12:00:00,9.72
2008-08-15 13:00:00,13.51
2008-08-15 14:00:00,8.84
2008-08-15 15:00:00,12.66
2008-08-15 16:00:00,9.19
2008-08-15 17:00:00,11.59
2008-08-15 18:00:00,14.60
2008-08-15 19:00:00,9.78
2008-08-15 20:00:00,11.29
2008-08-15 21:00:00,9.48
2008-08-15 22:00:00,13.87
2008-08-15 23:00:00,11.10
2008-08-16 00:00:00,9.76
2008-08-16 01:00:00,12.92
2008-08-16 02:00:00,12.07
2008-08-16 03:00:00,10.43
2008-08-16 04:00:00,12.13
2008-08-16 05:00:00,11.40
2008-08-16 06:00:00,10.62
2008-08-16 07:00:00,13.11
2008-08-16 08:00:00,12.72
2008-08-16 09:00:00,8.92
2008-08-16 10:00:00,13.43
2008-08-16 11:00:00,9.32
2008-08-16 12:00:00,11.96
2008-08-16 13:00:00,12.80
2008-08-16 14:00:00,8.21
2008-08-16 15:00:00,13.62
2008-08-16 16:00:00,13.08
2008-08-16 17:00:00,7.65
2008-08-16 18:00:00,12.98
2008-08-16 19:00:00,14.05
2008-08-16 20:00:00,8.99
2008-08-16 21:00:00,12.95
2008-08-16 22:00:00,12.48
2008-08-16 23:00:00,9.22
2008-08-17 00:00:00,13.45
2008-08-17 01:00:00,13.23
2008-08-17 02:00:00,7.89
2008-08-17 03:00:00,13.47
2008-08-17 04:00:00,13.99
2008-08-17 05:00:00,8.03
2008-08-17 06:00:00,13.12
2008-08-17 07:00:00,9.33
2008-08-17 08:00:00,12.29
2008-08-17 09:00:00,13.74
2008-08-17 10:00:00,9.26
2008-08-17 11:00:00,11.08
2008-08-17 12:00:00,9.87
2008-08-17 13:00:00,14.01
2008-08-17 14:00:00,11.27
2008-08-17 15:00:00,9.48
2008-08-17 16:00:00,13.17
2008-08-17 17:00:00,8.57
2008-08-17 18:00:00,13.66
2008-08-17 19:00:00,12.80
2008-08-17 20:00:00,7.86
2008-08-17 21:00:00,13.88
2008-08-17 22:00:00,13.04
2008-08-17 23:00:00,8.29
2008-08-18 00:00:00,12.92
2008-08-18 01:00:00,9.97
2008-08-18 02:00:00,12.26
2008-08-18 03:00:00,12.85
2008-08-18 04:00:00,10.00
2008-08-18 05:00:00,10.88
2008-08-18 06:00:00,13.58
2008-08-18 07:00:00,10.85
2008-08-18 08:00:00,10.55
2008-08-18 09:00:00,9.80
2008-08-18 10:00:00,13.06
2008-08-18 11:00:00,8.92
2008-08-18 12:00:00,13.24
2008-08-18 13:00:00,12.23
2008-08-18 14:00:00,8.14
2008-08-18 15:00:00,13.30
2008-08-18 16:00:00,10.90
2008-08-18 17:00:00,10.97
2008-08-18 18:00:00,13.24
2008-08-18 19:00:00,10.35
2008-08-18 20:00:00,11.67
2008-08-18 21:00:00,13.37
2008-08-18 22:00:00,9.92
2008-08-18 23:00:00,10.80
2008-08-19 00:00:00,14.17
2008-08-19 01:00:00,10.28
2008-08-19 02:00:00,11.21
2008-08-19 03:00:00,9.84
2008-08-19 04:00:00,12.76
2008-08-19 05:00:00,12.31
2008-08-19 06:00:00,9.64
2008-08-19 07:00:00,13.22
2008-08-19 08:00:00,10.89
2008-08-19 09:00:00,10.53
2008-08-19 10:00:00,13.73
2008-08-19 11:00:00,10.41
2008-08-19 12:00:00,9.78
2008-08-19 13:00:00,12.97
2008-08-19 14:00:00,8.90
2008-08-19 15:00:00,13.38
2008-08-19 16:00:00,12.35
2008-08-19 17:00:00,8.30
2008-08-19 18:00:00,13.46
2008-08-19 19:00:00,14.16
2008-08-19 20:00:00,8.15
2008-08-19 21:00:00,12.42
2008-08-19 22:00:00,10.18
2008-08-19 23:00:00,11.62
2008-08-20 00:00:00,13.59
2008-08-20 01:00:00,9.83
2008-08-20 02:00:00,10.70
2008-08-20 03:00:00,13.56
2008-08-20 04:00:00,10.29
2008-08-20 05:00:00,11.30
2008-08-20 06:00:00,9.62
2008-08-20 07:00:00,12.75
2008-08-20 08:00:00,9.94
2008-08-20 09:00:00,12.13
2008-08-20 10:00:00,12.50
2008-08-20 11:00:00,8.21
2008-08-20 12:00:00,13.04
2008-08-20 13:00:00,10.51
2008-08-20 14:00:00,10.43
2008-08-20 15:00:00,12.71
2008-08-20 16:00:00,9.66
2008-08-20 17:00:00,11.52
2008-08-20 18:00:00,10.71
2008-08-20 19:00:00,12.09
2008-08-20 20:00:00,8.31
2008-08-20 21:00:00,13.58
2008-08-20 22:00:00,12.79
2008-08-20 23:00:00,8.69
2008-08-21 00:00:00,12.20
2008-08-21 01:00:00,9.20
2008-08-21 02:00:00,12.92
2008-08-21 03:00:00,9.53
2008-08-21 04:00:00,12.09
2008-08-21 05:00:00,8.45
2008-08-21 06:00:00,12.90
2008-08-21 07:00:00,10.99
2008-08-21 08:00:00,10.11
2008-08-21 09:00:00,12.60
2008-08-21 10:00:00,9.01
2008-08-21 11:00:00,12.22
2008-08-21 12:00:00,10.10
2008-08-21 13:00:00,11.10
2008-08-21 14:00:00,9.03
2008-08-21 15:00:00,13.67
2008-08-21 16:00:00,8.84
2008-08-21 17:00:00,12.21
2008-08-21 18:00:00,9.29
2008-08-21 19:00:00,11.34
2008-08-21 20:00:00,13.42
2008-08-21 21:00:00,9.72
2008-08-21 22:00:00,11.26
2008-08-21 23:00:00,9.09
2008-08-22 00:00:00,13.73
2008-08-22 01:00:00,11.79
2008-08-22 02:00:00,9.46
2008-08-22 03:00:00,12.89
2008-08-22 04:00:00,7.65
2008-08-22 05:00:00,13.66
2008-08-22 06:00:00,13.08
2008-08-22 07:00:00,7.90
2008-08-22 08:00:00,12.70
2008-08-22 09:00:00,9.82
2008-08-22 10:00:00,12.22
2008-08-22 11:00:00,9.71
2008-08-22 12:00:00,12.12
2008-08-22 13:00:00,10.89
2008-08-22 14:00:00,10.15
2008-08-22 15:00:00,13.11
2008-08-22 16:00:00,7.61
2008-08-22 17:00:00,12.43
2008-08-22 18:00:00,12.75
2008-08-22 19:00:00,9.86
2008-08-22 20:00:00,13.32
2008-08-22 21:00:00,8.62
2008-08-22 22:00:00,11.10
2008-08-22 23:00:00,10.56
2008-08-23 00:00:00,12.59
2008-08-23 01:00:00,8.65
2008-08-23 02:00:00,11.73
2008-08-23 03:00:00,9.10
2008-08-23 04:00:00,12.23
2008-08-23 05:00:00,10.03
2008-08-23 06:00:00,11.20
2008-08-23 07:00:00,8.43
2008-08-23 08:00:00,12.74
2008-08-23 09:00:00,8.91
2008-08-23 10:00:00,11.88
2008-08-23 11:00:00,9.39
2008-08-23 12:00:00,10.31
2008-08-23 13:00:00,10.38
2008-08-23 14:00:00,12.57
2008-08-23 15:00:00,7.98
2008-08-23 16:00:00,11.65
2008-08-23 17:00:00,10.01
2008-08-23 18:00:00,11.34
2008-08-23 19:00:00,10.16
2008-08-23 20:00:00,12.70
2008-08-23 21:00:00,7.44
2008-08-23 22:00:00,12.91
2008-08-23 23:00:00,10.31
2008-08-24 00:00:00,10.62
2008-08-24 01:00:00,9.65
2008-08-24 02:00:00,11.02
2008-08-24 03:00:00,12.50
2008-08-24 04:00:00,10.23
2008-08-24 05:00:00,10.96
2008-08-24 06:00:00,9.23
2008-08-24 07:00:00,12.76
2008-08-24 08:00:00,9.47
2008-08-24 09:00:00,9.03
2008-08-24 10:00:00,12.43
2008-08-24 11:00:00,7.60
2008-08-24 12:00:00,12.84
2008-08-24 13:00:00,10.79
2008-08-24 14:00:00,10.31
2008-08-24 15:00:00,9.54
2008-08-24 16:00:00,11.87
2008-08-24 17:00:00,8.92
2008-08-24 18:00:00,12.39
2008-08-24 19:00:00,10.62
2008-08-24 20:00:00,10.74
2008-08-24 21:00:00,9.54
2008-08-24 22:00:00,10.60
2008-08-24 23:00:00,11.07
2008-08-25 00:00:00,9.79
2008-08-25 01:00:00,11.27
2008-08-25 02:00:00,9.48
2008-08-25 03:00:00,12.72
2008-08-25 04:00:00,8.33
2008-08-25 05:00:00,12.01
2008-08-25 06:00:00,9.13
2008-08-25 07:00:00,9.92
2008-08-25 08:00:00,12.40
2008-08-25 09:00:00,9.57
2008-08-25 10:00:00,10.17
2008-08-25 11:00:00,10.09
2008-08-25 12:00:00,12.86
2008-08-25 13:00:00,8.22
2008-08-25 14:00:00,9.28
2008-08-25 15:00:00,11.95
2008-08-25 16:00:00,8.96
2008-08-25 17:00:00,12.89
2008-08-25 18:00:00,9.05
2008-08-25 19:00:00,11.37
2008-08-25 20:00:00,9.46
2008-08-25 21:00:00,9.68
2008-08-25 22:00:00,12.00
2008-08-25 23:00:00,9.70
2008-08-26 00:00:00,11.21
2008-08-26 01:00:00,8.84
2008-08-26 02:00:00,12.93
2008-08-26 03:00:00,9.03
2008-08-26 04:00:00,11.73
2008-08-26 05:00:00,9.01
2008-08-26 06:00:00,11.87
2008-08-26 07:00:00,10.58
2008-08-26 08:00:00,12.89
2008-08-26 09:00:00,7.75
2008-08-26 10:00:00,9.20
2008-08-26 11:00:00,13.34
2008-08-26 12:00:00,8.28
2008-08-26 13:00:00,12.84
2008-08-26 14:00:00,9.12
2008-08-26 15:00:00,11.25
2008-08-26 16:00:00,10.69
2008-08-26 17:00:00,12.63
2008-08-26 18:00:00,8.05
2008-08-26 19:00:00,11.75
2008-08-26 20:00:00,10.83
2008-08-26 21:00:00,11.62
2008-08-26 22:00:00,9.73
2008-08-26 23:00:00,12.39
2008-08-27 00:00:00,7.66
2008-08-27 01:00:00,13.43
2008-08-27 02:00:00,12.87
2008-08-27 03:00:00,8.10
2008-08-27 04:00:00,12.58
2008-08-27 05:00:00,8.25
2008-08-27 06:00:00,12.52
2008-08-27 07:00:00,11.23
2008-08-27 08:00:00,10.13
2008-08-27 09:00:00,10.07
2008-08-27 10:00:00,9.36
2008-08-27 11:00:00,11.50
2008-08-27 12:00:00,10.21
2008-08-27 13:00:00,12.00
2008-08-27 14:00:00,8.05
2008-08-27 15:00:00,12.63
2008-08-27 16:00:00,10.40
2008-08-27 17:00:00,11.54
2008-08-27 18:00:00,9.53
2008-08-27 19:00:00,12.92
2008-08-27 20:00:00,11.47
2008-08-27 21:00:00,10.18
2008-08-27 22:00:00,13.53
2008-08-27 23:00:00,7.96
2008-08-28 00:00:00,12.38
2008-08-28 01:00:00,13.38
2008-08-28 02:00:00,8.40
2008-08-28 03:00:00,13.15
2008-08-28 04:00:00,9.79
2008-08-28 05:00:00,10.32
2008-08-28 06:00:00,10.12
2008-08-28 07:00:00,14.05
2008-08-28 08:00:00,8.82
2008-08-28 09:00:00,12.31
2008-08-28 10:00:00,12.00
2008-08-28 11:00:00,8.78
2008-08-28 12:00:00,13.74
2008-08-28 13:00:00,9.23
2008-08-28 14:00:00,11.73
2008-08-28 15:00:00,9.55
2008-08-28 16:00:00,11.78
2008-08-28 17:00:00,10.81
2008-08-28 18:00:00,11.65
2008-08-28 19:00:00,12.88
2008-08-28 20:00:00,8.77
2008-08-28 21:00:00,12.66
2008-08-28 22:00:00,9.71
2008-08-28 23:00:00,12.24
2008-08-29 00:00:00,9.73
2008-08-29 01:00:00,11.12
2008-08-29 02:00:00,12.08
2008-08-29 03:00:00,10.83
2008-08-29 04:00:00,11.78
2008-08-29 05:00:00,9.28
2008-08-29 06:00:00,13.08
2008-08-29 07:00:00,8.15
2008-08-29 08:00:00,13.50
2008-08-29 09:00:00,10.49
2008-08-29 10:00:00,10.34
2008-08-29 11:00:00,9.60
2008-08-29 12:00:00,12.79
2008-08-29 13:00:00,8.56
2008-08-29 14:00:00,13.37
2008-08-29 15:00:00,9.16
2008-08-29 16:00:00,11.11
2008-08-29 17:00:00,9.96
2008-08-29 18:00:00,13.38
2008-08-29 19:00:00,9.14
2008-08-29 20:00:00,12.79
2008-08-29 21:00:00,13.06
2008-08-29 22:00:00,11.24
2008-08-29 23:00:00,13.05
2008-08-30 00:00:00,10.44
2008-08-30 01:00:00,11.56
2008-08-30 02:00:00,9.30
2008-08-30 03:00:00,12.41
2008-08-30 04:00:00,8.81
2008-08-30 05:00:00,13.40
2008-08-30 06:00:00,12.41
2008-08-30 07:00:00,8.37
2008-08-30 08:00:00,12.93
2008-08-30 09:00:00,9.44
2008-08-30 10:00:00,12.84
2008-08-30 11:00:00,10.59
2008-08-30 12:00:00,10.86
2008-08-30 13:00:00,9.58
2008-08-30 14:00:00,12.83
2008-08-30 15:00:00,8.42
2008-08-30 16:00:00,13.80
2008-08-30 17:00:00,10.07
2008-08-30 18:00:00,10.93
2008-08-30 19:00:00,13.91
2008-08-30 20:00:00,10.94
2008-08-30 21:00:00,12.35
2008-08-30 22:00:00,12.59
2008-08-30 23:00:00,11.62
2008-08-31 00:00:00,11.47
2008-08-31 01:00:00,9.80
2008-08-31 02:00:00,13.84
2008-08-31 03:00:00,12.35
2008-08-31 04:00:00,11.06
2008-08-31 05:00:00,13.26
2008-08-31 06:00:00,11.28
2008-08-31 07:00:00,10.12
2008-08-31 08:00:00,12.68
2008-08-31 09:00:00,9.24
2008-08-31 10:00:00,13.72
2008-08-31 11:00:00,12.80
2008-08-31 12:00:00,8.62
2008-08-31 13:00:00,12.52
2008-08-31 14:00:00,96.72
2008-08-31 15:00:00,144.11
2008-08-31 16:00:00,128.56
2008-08-31 17:00:00,173.28
2008-08-31 18:00:00,153.68
2008-08-31 19:00:00,158.59
2008-08-31 20:00:00,98.28
2008-08-31 21:00:00,190.72
2008-08-31 22:00:00,108.39
2008-08-31 23:00:00,87.47
2008-09-01 00:00:00,53.58
2008-09-01 01:00:00,18.14
2008-09-01 02:00:00,20.89
2008-09-01 03:00:00,18.47
2008-09-01 04:00:00,13.61
2008-09-01 05:00:00,16.39
2008-09-01 06:00:00,17.93
2008-09-01 07:00:00,111.04
2008-09-01 08:00:00,112.14
2008-09-01 09:00:00,81.06
2008-09-01 10:00:00,118.74
2008-09-01 11:00:00,101.91
2008-09-01 12:00:00,95.04
2008-09-01 13:00:00,72.17
2008-09-01 14:00:00,26.33
2008-09-01 15:00:00,28.23
2008-09-01 16:00:00,25.06
2008-09-01 17:00:00,26.24
2008-09-01 18:00:00,14.92
2008-09-01 19:00:00,16.87
2008-09-01 20:00:00,16.69
2008-09-01 21:00:00,59.71
2008-09-01 22:00:00,122.59
2008-09-01 23:00:00,59.75
2008-09-02 00:00:00,21.33
2008-09-02 01:00:00,16.63
2008-09-02 02:00:00,19.96
2008-09-02 03:00:00,18.08
2008-09-02 04:00:00,16.50
2008-09-02 05:00:00,17.21
2008-09-02 06:00:00,17.82
2008-09-02 07:00:00,68.79
2008-09-02 08:00:00,61.06
2008-09-02 09:00:00,16.70
2008-09-02 10:00:00,68.47
2008-09-02 11:00:00,103.88
2008-09-02 12:00:00,88.93
2008-09-02 13:00:00,69.80
2008-09-02 14:00:00,53.44
2008-09-02 15:00:00,18.90
2008-09-02 16:00:00,19.40
2008-09-02 17:00:00,101.74
2008-09-02 18:00:00,40.53
2008-09-02 19:00:00,144.89
2008-09-02 20:00:00,109.98
2008-09-02 21:00:00,125.79
2008-09-02 22:00:00,123.38
2008-09-02 23:00:00,40.93
2008-09-03 00:00:00,18.70
2008-09-03 01:00:00,18.62
2008-09-03 02:00:00,15.91
2008-09-03 03:00:00,17.13
2008-09-03 04:00:00,16.45
2008-09-03 05:00:00,55.33
2008-09-03 06:00:00,16.18
2008-09-03 07:00:00,110.78
2008-09-03 08:00:00,87.26
2008-09-03 09:00:00,87.49
2008-09-03 10:00:00,65.76
2008-09-03 11:00:00,101.71
2008-09-03 12:00:00,50.29
2008-09-03 13:00:00,99.62
2008-09-03 14:00:00,93.42
2008-09-03 15:00:00,90.45
2008-09-03 16:00:00,22.38
2008-09-03 17:00:00,15.13
2008-09-03 18:00:00,21.07
2008-09-03 19:00:00,46.59
2008-09-03 20:00:00,174.87
2008-09-03 21:00:00,108.49
2008-09-03 22:00:00,36.20
2008-09-03 23:00:00,18.67
2008-09-04 00:00:00,15.86
2008-09-04 01:00:00,44.26
2008-09-04 02:00:00,21.84
2008-09-04 03:00:00,17.54
2008-09-04 04:00:00,15.66
2008-09-04 05:00:00,14.89
2008-09-04 06:00:00,16.01
2008-09-04 07:00:00,46.52
2008-09-04 08:00:00,83.14
2008-09-04 09:00:00,78.58
2008-09-04 10:00:00,68.03
2008-09-04 11:00:00,73.82
2008-09-04 12:00:00,76.79
2008-09-04 13:00:00,84.30
2008-09-04 14:00:00,45.89
2008-09-04 15:00:00,26.43
2008-09-04 16:00:00,24.11
2008-09-04 17:00:00,13.80
2008-09-04 18:00:00,15.81
2008-09-04 19:00:00,87.11
2008-09-04 20:00:00,94.21
2008-09-04 21:00:00,169.10
2008-09-04 22:00:00,71.21
2008-09-04 23:00:00,20.31
2008-09-05 00:00:00,16.26
2008-09-05 01:00:00,16.12
2008-09-05 02:00:00,11.92
2008-09-05 03:00:00,17.09
2008-09-05 04:00:00,17.11
2008-09-05 05:00:00,12.38
2008-09-05 06:00:00,67.80
2008-09-05 07:00:00,148.35
2008-09-05 08:00:00,78.49
2008-09-05 09:00:00,80.41
2008-09-05 10:00:00,46.79
2008-09-05 11:00:00,14.36
2008-09-05 12:00:00,13.07
2008-09-05 13:00:00,14.50
2008-09-05 14:00:00,16.73
2008-09-05 15:00:00,14.23
2008-09-05 16:00:00,14.16
2008-09-05 17:00:00,15.55
2008-09-05 18:00:00,13.72
2008-09-05 19:00:00,84.09
2008-09-05 20:00:00,77.71
2008-09-05 21:00:00,43.13
2008-09-05 22:00:00,22.59
2008-09-05 23:00:00,17.42
2008-09-06 00:00:00,15.90
2008-09-06 01:00:00,12.71
2008-09-06 02:00:00,16.61
2008-09-06 03:00:00,42.36
2008-09-06 04:00:00,30.15
2008-09-06 05:00:00,15.85
2008-09-06 06:00:00,19.71
2008-09-06 07:00:00,127.22
2008-09-06 08:00:00,104.24
2008-09-06 09:00:00,73.15
2008-09-06 10:00:00,154.94
2008-09-06 11:00:00,153.88
2008-09-06 12:00:00,22.34
2008-09-06 13:00:00,99.52
2008-09-06 14:00:00,83.56
2008-09-06 15:00:00,133.16
2008-09-06 16:00:00,117.90
2008-09-06 17:00:00,35.95
2008-09-06 18:00:00,78.07
2008-09-06 19:00:00,152.11
2008-09-06 20:00:00,108.93
2008-09-06 21:00:00,87.18
2008-09-06 22:00:00,88.32
2008-09-06 23:00:00,94.83
2008-09-07 00:00:00,29.74
2008-09-07 01:00:00,20.86
2008-09-07 02:00:00,18.35
2008-09-07 03:00:00,17.98
2008-09-07 04:00:00,17.35
2008-09-07 05:00:00,15.88
2008-09-07 06:00:00,17.27
2008-09-07 07:00:00,17.04
2008-09-07 08:00:00,32.70
2008-09-07 09:00:00,68.72
2008-09-07 10:00:00,27.96
2008-09-07 11:00:00,22.07
2008-09-07 12:00:00,89.86
2008-09-07 13:00:00,85.42
2008-09-07 14:00:00,61.57
2008-09-07 15:00:00,104.99
2008-09-07 16:00:00,182.85
2008-09-07 17:00:00,33.39
2008-09-07 18:00:00,32.25
2008-09-07 19:00:00,84.53
2008-09-07 20:00:00,142.81
2008-09-07 21:00:00,147.18
2008-09-07 22:00:00,83.12
2008-09-07 23:00:00,18.76
2008-09-08 00:00:00,18.66
2008-09-08 01:00:00,17.90
2008-09-08 02:00:00,15.45
2008-09-08 03:00:00,17.45
2008-09-08 04:00:00,16.89
2008-09-08 05:00:00,16.31
2008-09-08 06:00:00,110.39
2008-09-08 07:00:00,110.12
2008-09-08 08:00:00,80.91
2008-09-08 09:00:00,77.71
2008-09-08 10:00:00,78.92
2008-09-08 11:00:00,78.75
2008-09-08 12:00:00,55.78
2008-09-08 13:00:00,16.66
2008-09-08 14:00:00,16.11
2008-09-08 15:00:00,16.12
2008-09-08 16:00:00,15.41
2008-09-08 17:00:00,17.17
2008-09-08 18:00:00,17.37
2008-09-08 19:00:00,22.27
2008-09-08 20:00:00,146.19
2008-09-08 21:00:00,183.32
2008-09-08 22:00:00,123.18
2008-09-08 23:00:00,40.30
2008-09-09 00:00:00,57.22
2008-09-09 01:00:00,34.19
2008-09-09 02:00:00,16.04
2008-09-09 03:00:00,17.39
2008-09-09 04:00:00,15.09
2008-09-09 05:00:00,17.12
2008-09-09 06:00:00,38.45
2008-09-09 07:00:00,138.76
2008-09-09 08:00:00,79.38
2008-09-09 09:00:00,123.61
2008-09-09 10:00:00,71.82
2008-09-09 11:00:00,42.85
2008-09-09 12:00:00,67.41
2008-09-09 13:00:00,76.37
2008-09-09 14:00:00,22.53
2008-09-09 15:00:00,19.28
2008-09-09 16:00:00,17.37
2008-09-09 17:00:00,20.65
2008-09-09 18:00:00,17.67
2008-09-09 19:00:00,48.78
2008-09-09 20:00:00,56.55
2008-09-09 21:00:00,95.48
2008-09-09 22:00:00,44.07
2008-09-09 23:00:00,21.56
2008-09-10 00:00:00,21.89
2008-09-10 01:00:00,15.97
2008-09-10 02:00:00,15.66
2008-09-10 03:00:00,16.90
2008-09-10 04:00:00,16.52
2008-09-10 05:00:00,15.69
2008-09-10 06:00:00,35.93
2008-09-10 07:00:00,138.69
2008-09-10 08:00:00,121.49
2008-09-10 09:00:00,112.75
2008-09-10 10:00:00,103.45
2008-09-10 11:00:00,93.08
2008-09-10 12:00:00,97.91
2008-09-10 13:00:00,63.80
2008-09-10 14:00:00,29.22
2008-09-10 15:00:00,17.20
2008-09-10 16:00:00,16.48
2008-09-10 17:00:00,18.53
2008-09-10 18:00:00,19.11
2008-09-10 19:00:00,24.29
2008-09-10 20:00:00,48.78
2008-09-10 21:00:00,133.08
2008-09-10 22:00:00,105.95
2008-09-10 23:00:00,18.41
2008-09-11 00:00:00,17.41
2008-09-11 01:00:00,16.39
2008-09-11 02:00:00,15.67
2008-09-11 03:00:00,17.25
2008-09-11 04:00:00,17.02
2008-09-11 05:00:00,16.73
2008-09-11 06:00:00,40.93
2008-09-11 07:00:00,108.88
2008-09-11 08:00:00,85.25
2008-09-11 09:00:00,74.48
2008-09-11 10:00:00,85.13
2008-09-11 11:00:00,30.97
2008-09-11 12:00:00,17.81
2008-09-11 13:00:00,45.81
2008-09-11 14:00:00,61.75
2008-09-11 15:00:00,47.63
2008-09-11 16:00:00,16.04
2008-09-11 17:00:00,17.06
2008-09-11 18:00:00,18.57
2008-09-11 19:00:00,45.35
2008-09-11 20:00:00,106.60
2008-09-11 21:00:00,79.90
2008-09-11 22:00:00,29.78
2008-09-11 23:00:00,16.29
2008-09-12 00:00:00,26.96
2008-09-12 01:00:00,41.24
2008-09-12 02:00:00,18.06
2008-09-12 03:00:00,15.68
2008-09-12 04:00:00,16.75
2008-09-12 05:00:00,16.82
2008-09-12 06:00:00,50.14
2008-09-12 07:00:00,121.38
2008-09-12 08:00:00,104.71
2008-09-12 09:00:00,128.37
2008-09-12 10:00:00,88.53
2008-09-12 11:00:00,50.37
2008-09-12 12:00:00,32.67
2008-09-12 13:00:00,15.05
2008-09-12 14:00:00,17.06
2008-09-12 15:00:00,17.92
2008-09-12 16:00:00,16.10
2008-09-12 17:00:00,29.63
2008-09-12 18:00:00,54.38
2008-09-12 19:00:00,118.74
2008-09-12 20:00:00,128.55
2008-09-12 21:00:00,125.84
2008-09-12 22:00:00,99.13
2008-09-12 23:00:00,58.69
2008-09-13 00:00:00,27.36
2008-09-13 01:00:00,18.74
2008-09-13 02:00:00,18.22
2008-09-13 03:00:00,15.04
2008-09-13 04:00:00,15.71
2008-09-13 05:00:00,16.45
2008-09-13 06:00:00,73.38
2008-09-13 07:00:00,107.11
2008-09-13 08:00:00,107.17
2008-09-13 09:00:00,86.96
2008-09-13 10:00:00,162.29
2008-09-13 11:00:00,78.19
2008-09-13 12:00:00,26.70
2008-09-13 13:00:00,20.22
2008-09-13 14:00:00,83.42
2008-09-13 15:00:00,178.77
2008-09-13 16:00:00,159.64
2008-09-13 17:00:00,101.59
2008-09-13 18:00:00,20.84
2008-09-13 19:00:00,100.44
2008-09-13 20:00:00,99.45
2008-09-13 21:00:00,42.28
2008-09-13 22:00:00,30.27
2008-09-13 23:00:00,41.21
2008-09-14 00:00:00,26.88
2008-09-14 01:00:00,32.33
2008-09-14 02:00:00,20.90
2008-09-14 03:00:00,16.64
2008-09-14 04:00:00,19.58
2008-09-14 05:00:00,57.61
2008-09-14 06:00:00,18.50
2008-09-14 07:00:00,16.00
2008-09-14 08:00:00,30.25
2008-09-14 09:00:00,23.91
2008-09-14 10:00:00,31.73
2008-09-14 11:00:00,137.94
2008-09-14 12:00:00,214.48
2008-09-14 13:00:00,123.39
2008-09-14 14:00:00,106.24
2008-09-14 15:00:00,80.15
2008-09-14 16:00:00,43.10
2008-09-14 17:00:00,35.53
2008-09-14 18:00:00,51.27
2008-09-14 19:00:00,76.66
2008-09-14 20:00:00,198.17
2008-09-14 21:00:00,109.56
2008-09-14 22:00:00,68.47
2008-09-14 23:00:00,37.06
2008-09-15 00:00:00,29.57
2008-09-15 01:00:00,30.08
2008-09-15 02:00:00,30.68
2008-09-15 03:00:00,24.14
2008-09-15 04:00:00,60.63
2008-09-15 05:00:00,28.98
2008-09-15 06:00:00,76.71
2008-09-15 07:00:00,119.11
2008-09-15 08:00:00,99.92
2008-09-15 09:00:00,90.74
2008-09-15 10:00:00,94.04
2008-09-15 11:00:00,49.26
2008-09-15 12:00:00,37.06
2008-09-15 13:00:00,48.03
2008-09-15 14:00:00,41.20
2008-09-15 15:00:00,38.12
2008-09-15 16:00:00,36.23
2008-09-15 17:00:00,85.42
2008-09-15 18:00:00,93.14
2008-09-15 19:00:00,160.26
2008-09-15 20:00:00,136.65
2008-09-15 21:00:00,155.37
2008-09-15 22:00:00,79.05
2008-09-15 23:00:00,53.32
2008-09-16 00:00:00,21.13
2008-09-16 01:00:00,15.78
2008-09-16 02:00:00,17.18
2008-09-16 03:00:00,18.65
2008-09-16 04:00:00,15.65
2008-09-16 05:00:00,16.62
2008-09-16 06:00:00,92.10
2008-09-16 07:00:00,117.80
2008-09-16 08:00:00,84.99
2008-09-16 09:00:00,84.64
2008-09-16 10:00:00,40.63
2008-09-16 11:00:00,54.64
2008-09-16 12:00:00,65.27
2008-09-16 13:00:00,77.73
2008-09-16 14:00:00,25.38
2008-09-16 15:00:00,26.22
2008-09-16 16:00:00,34.53
2008-09-16 17:00:00,26.05
2008-09-16 18:00:00,27.65
2008-09-16 19:00:00,69.51
2008-09-16 20:00:00,94.00
2008-09-16 21:00:00,89.37
2008-09-16 22:00:00,91.92
2008-09-16 23:00:00,14.42
2008-09-17 00:00:00,16.58
2008-09-17 01:00:00,17.74
2008-09-17 02:00:00,13.10
2008-09-17 03:00:00,16.12
2008-09-17 04:00:00,34.02
2008-09-17 05:00:00,34.37
2008-09-17 06:00:00,28.00
2008-09-17 07:00:00,128.95
2008-09-17 08:00:00,86.13
2008-09-17 09:00:00,81.28
2008-09-17 10:00:00,176.30
2008-09-17 11:00:00,90.14
2008-09-17 12:00:00,72.09
2008-09-17 13:00:00,29.23
2008-09-17 14:00:00,32.21
2008-09-17 15:00:00,16.21
2008-09-17 16:00:00,99.95
2008-09-17 17:00:00,79.76
2008-09-17 18:00:00,19.53
2008-09-17 19:00:00,31.88
2008-09-17 20:00:00,138.24
2008-09-17 21:00:00,149.62
2008-09-17 22:00:00,101.31
2008-09-17 23:00:00,26.46
2008-09-18 00:00:00,18.43
2008-09-18 01:00:00,13.34
2008-09-18 02:00:00,17.60
2008-09-18 03:00:00,14.12
2008-09-18 04:00:00,16.20
2008-09-18 05:00:00,16.60
2008-09-18 06:00:00,105.36
2008-09-18 07:00:00,150.94
2008-09-18 08:00:00,109.22
2008-09-18 09:00:00,100.88
2008-09-18 10:00:00,16.23
2008-09-18 11:00:00,14.03
2008-09-18 12:00:00,30.17
2008-09-18 13:00:00,28.22
2008-09-18 14:00:00,64.60
2008-09-18 15:00:00,56.30
2008-09-18 16:00:00,19.19
2008-09-18 17:00:00,37.14
2008-09-18 18:00:00,45.99
2008-09-18 19:00:00,102.96
2008-09-18 20:00:00,187.67
2008-09-18 21:00:00,152.38
2008-09-18 22:00:00,73.88
2008-09-18 23:00:00,113.84
2008-09-19 00:00:00,52.52
2008-09-19 01:00:00,43.24
2008-09-19 02:00:00,16.48
2008-09-19 03:00:00,17.52
2008-09-19 04:00:00,13.52
2008-09-19 05:00:00,16.75
2008-09-19 06:00:00,61.70
2008-09-19 07:00:00,121.05
2008-09-19 08:00:00,85.76
2008-09-19 09:00:00,85.42
2008-09-19 10:00:00,93.90
2008-09-19 11:00:00,84.75
2008-09-19 12:00:00,40.55
2008-09-19 13:00:00,43.19
2008-09-19 14:00:00,17.25
2008-09-19 15:00:00,31.34
2008-09-19 16:00:00,21.12
2008-09-19 17:00:00,71.91
2008-09-19 18:00:00,84.73
2008-09-19 19:00:00,101.44
2008-09-19 20:00:00,167.04
2008-09-19 21:00:00,149.14
2008-09-19 22:00:00,30.82
2008-09-19 23:00:00,67.69
2008-09-20 00:00:00,40.06
2008-09-20 01:00:00,38.22
2008-09-20 02:00:00,43.14
2008-09-20 03:00:00,58.85
2008-09-20 04:00:00,44.38
2008-09-20 05:00:00,59.24
2008-09-20 06:00:00,41.06
2008-09-20 07:00:00,123.96
2008-09-20 08:00:00,75.69
2008-09-20 09:00:00,83.05
2008-09-20 10:00:00,79.90
2008-09-20 11:00:00,87.09
2008-09-20 12:00:00,100.81
2008-09-20 13:00:00,86.26
2008-09-20 14:00:00,49.40
2008-09-20 15:00:00,17.61
2008-09-20 16:00:00,39.56
2008-09-20 17:00:00,74.80
2008-09-20 18:00:00,16.52
2008-09-20 19:00:00,16.84
2008-09-20 20:00:00,18.01
2008-09-20 21:00:00,15.36
2008-09-20 22:00:00,38.94
2008-09-20 23:00:00,55.87
2008-09-21 00:00:00,16.19
2008-09-21 01:00:00,26.98
2008-09-21 02:00:00,18.11
2008-09-21 03:00:00,16.88
2008-09-21 04:00:00,14.04
2008-09-21 05:00:00,16.92
2008-09-21 06:00:00,13.95
2008-09-21 07:00:00,39.73
2008-09-21 08:00:00,57.82
2008-09-21 09:00:00,97.75
2008-09-21 10:00:00,20.45
2008-09-21 11:00:00,67.65
2008-09-21 12:00:00,197.12
2008-09-21 13:00:00,162.95
2008-09-21 14:00:00,89.02
2008-09-21 15:00:00,71.06
2008-09-21 16:00:00,57.68
2008-09-21 17:00:00,31.88
2008-09-21 18:00:00,98.38
2008-09-21 19:00:00,97.93
2008-09-21 20:00:00,182.80
2008-09-21 21:00:00,91.99
2008-09-21 22:00:00,25.28
2008-09-21 23:00:00,20.50
2008-09-22 00:00:00,17.43
2008-09-22 01:00:00,17.72
2008-09-22 02:00:00,17.15
2008-09-22 03:00:00,38.20
2008-09-22 04:00:00,21.64
2008-09-22 05:00:00,13.94
2008-09-22 06:00:00,79.66
2008-09-22 07:00:00,138.77
2008-09-22 08:00:00,80.85
2008-09-22 09:00:00,80.60
2008-09-22 10:00:00,79.32
2008-09-22 11:00:00,75.71
2008-09-22 12:00:00,80.14
2008-09-22 13:00:00,20.22
2008-09-22 14:00:00,17.23
2008-09-22 15:00:00,17.25
2008-09-22 16:00:00,14.10
2008-09-22 17:00:00,18.47
2008-09-22 18:00:00,14.97
2008-09-22 19:00:00,69.26
2008-09-22 20:00:00,257.47
2008-09-22 21:00:00,102.77
2008-09-22 22:00:00,66.55
2008-09-22 23:00:00,19.13
2008-09-23 00:00:00,17.76
2008-09-23 01:00:00,24.35
2008-09-23 02:00:00,51.48
2008-09-23 03:00:00,15.08
2008-09-23 04:00:00,16.75
2008-09-23 05:00:00,17.50
2008-09-23 06:00:00,61.36
2008-09-23 07:00:00,141.72
2008-09-23 08:00:00,166.86
2008-09-23 09:00:00,80.47
2008-09-23 10:00:00,41.83
2008-09-23 11:00:00,39.68
2008-09-23 12:00:00,14.27
2008-09-23 13:00:00,24.45
2008-09-23 14:00:00,30.35
2008-09-23 15:00:00,24.72
2008-09-23 16:00:00,28.18
2008-09-23 17:00:00,22.49
2008-09-23 18:00:00,72.24
2008-09-23 19:00:00,36.67
2008-09-23 20:00:00,97.65
2008-09-23 21:00:00,76.69
2008-09-23 22:00:00,102.71
2008-09-23 23:00:00,27.52
2008-09-24 00:00:00,27.26
2008-09-24 01:00:00,26.50
2008-09-24 02:00:00,23.55
2008-09-24 03:00:00,27.06
2008-09-24 04:00:00,22.78
2008-09-24 05:00:00,26.58
2008-09-24 06:00:00,90.67
2008-09-24 07:00:00,146.44
2008-09-24 08:00:00,111.83
2008-09-24 09:00:00,107.91
2008-09-24 10:00:00,85.80
2008-09-24 11:00:00,94.36
2008-09-24 12:00:00,138.69
2008-09-24 13:00:00,126.24
2008-09-24 14:00:00,65.60
2008-09-24 15:00:00,74.38
2008-09-24 16:00:00,17.41
2008-09-24 17:00:00,18.77
2008-09-24 18:00:00,17.58
2008-09-24 19:00:00,55.90
2008-09-24 20:00:00,92.35
2008-09-24 21:00:00,171.24
2008-09-24 22:00:00,104.51
2008-09-24 23:00:00,44.95
2008-09-25 00:00:00,18.17
2008-09-25 01:00:00,14.76
2008-09-25 02:00:00,18.61
2008-09-25 03:00:00,14.34
2008-09-25 04:00:00,16.99
2008-09-25 05:00:00,17.40
2008-09-25 06:00:00,51.01
2008-09-25 07:00:00,126.06
2008-09-25 08:00:00,84.42
2008-09-25 09:00:00,80.94
2008-09-25 10:00:00,76.63
2008-09-25 11:00:00,47.01
2008-09-25 12:00:00,18.60
2008-09-25 13:00:00,14.66
2008-09-25 14:00:00,18.10
2008-09-25 15:00:00,14.99
2008-09-25 16:00:00,17.05
2008-09-25 17:00:00,15.61
2008-09-25 18:00:00,16.99
2008-09-25 19:00:00,68.36
2008-09-25 20:00:00,113.58
2008-09-25 21:00:00,117.85
2008-09-25 22:00:00,87.23
2008-09-25 23:00:00,61.84
2008-09-26 00:00:00,15.48
2008-09-26 01:00:00,17.59
2008-09-26 02:00:00,13.57
2008-09-26 03:00:00,15.49
2008-09-26 04:00:00,13.52
2008-09-26 05:00:00,16.78
2008-09-26 06:00:00,58.02
2008-09-26 07:00:00,127.96
2008-09-26 08:00:00,76.50
2008-09-26 09:00:00,77.46
2008-09-26 10:00:00,76.23
2008-09-26 11:00:00,94.76
2008-09-26 12:00:00,112.24
2008-09-26 13:00:00,58.51
2008-09-26 14:00:00,18.08
2008-09-26 15:00:00,16.34
2008-09-26 16:00:00,13.89
2008-09-26 17:00:00,17.44
2008-09-26 18:00:00,28.15
2008-09-26 19:00:00,176.08
2008-09-26 20:00:00,117.52
2008-09-26 21:00:00,120.85
2008-09-26 22:00:00,96.19
2008-09-26 23:00:00,52.78
2008-09-27 00:00:00,13.40
2008-09-27 01:00:00,17.00
2008-09-27 02:00:00,14.04
2008-09-27 03:00:00,15.69
2008-09-27 04:00:00,17.30
2008-09-27 05:00:00,13.99
2008-09-27 06:00:00,35.70
2008-09-27 07:00:00,122.53
2008-09-27 08:00:00,114.25
2008-09-27 09:00:00,82.61
2008-09-27 10:00:00,88.38
2008-09-27 11:00:00,65.34
2008-09-27 12:00:00,110.41
2008-09-27 13:00:00,92.30
2008-09-27 14:00:00,27.79
2008-09-27 15:00:00,29.07
2008-09-27 16:00:00,41.43
2008-09-27 17:00:00,87.92
2008-09-27 18:00:00,178.78
2008-09-27 19:00:00,209.38
2008-09-27 20:00:00,216.71
2008-09-27 21:00:00,199.40
2008-09-27 22:00:00,187.13
2008-09-27 23:00:00,146.91
2008-09-28 00:00:00,120.15
2008-09-28 01:00:00,58.02
2008-09-28 02:00:00,73.69
2008-09-28 03:00:00,75.26
2008-09-28 04:00:00,42.28
2008-09-28 05:00:00,15.81
2008-09-28 06:00:00,17.97
2008-09-28 07:00:00,20.92
2008-09-28 08:00:00,32.95
2008-09-28 09:00:00,40.91
2008-09-28 10:00:00,41.30
2008-09-28 11:00:00,57.67
2008-09-28 12:00:00,86.29
2008-09-28 13:00:00,91.59
2008-09-28 14:00:00,93.32
2008-09-28 15:00:00,97.50
2008-09-28 16:00:00,90.02
2008-09-28 17:00:00,76.28
2008-09-28 18:00:00,25.84
2008-09-28 19:00:00,60.20
2008-09-28 20:00:00,150.48
2008-09-28 21:00:00,186.28
2008-09-28 22:00:00,149.10
2008-09-28 23:00:00,27.26
2008-09-29 00:00:00,20.87
2008-09-29 01:00:00,20.04
2008-09-29 02:00:00,22.80
2008-09-29 03:00:00,16.93
2008-09-29 04:00:00,23.47
2008-09-29 05:00:00,58.38
2008-09-29 06:00:00,45.94
2008-09-29 07:00:00,147.60
2008-09-29 08:00:00,93.26
2008-09-29 09:00:00,94.62
2008-09-29 10:00:00,102.43
2008-09-29 11:00:00,99.10
2008-09-29 12:00:00,86.64
2008-09-29 13:00:00,48.41
2008-09-29 14:00:00,36.05
2008-09-29 15:00:00,37.11
2008-09-29 16:00:00,33.56
2008-09-29 17:00:00,22.20
2008-09-29 18:00:00,18.91
2008-09-29 19:00:00,56.81
2008-09-29 20:00:00,85.30
2008-09-29 21:00:00,123.67
2008-09-29 22:00:00,134.78
2008-09-29 23:00:00,72.86
2008-09-30 00:00:00,20.21
2008-09-30 01:00:00,22.93
2008-09-30 02:00:00,22.47
2008-09-30 03:00:00,18.40
2008-09-30 04:00:00,21.69
2008-09-30 05:00:00,19.12
2008-09-30 06:00:00,48.46
2008-09-30 07:00:00,162.84
2008-09-30 08:00:00,100.13
2008-09-30 09:00:00,82.51
2008-09-30 10:00:00,58.96
2008-09-30 11:00:00,22.90
2008-09-30 12:00:00,19.34
2008-09-30 13:00:00,20.26
2008-09-30 14:00:00,19.32
2008-09-30 15:00:00,22.93
2008-09-30 16:00:00,20.79
2008-09-30 17:00:00,24.17
2008-09-30 18:00:00,56.98
2008-09-30 19:00:00,94.05
2008-09-30 20:00:00,142.58
2008-09-30 21:00:00,209.02
2008-09-30 22:00:00,117.28
2008-09-30 23:00:00,27.68
2008-10-01 00:00:00,23.47
2008-10-01 01:00:00,16.90
2008-10-01 02:00:00,21.91
2008-10-01 03:00:00,22.40
2008-10-01 04:00:00,18.16
2008-10-01 05:00:00,31.12
2008-10-01 06:00:00,91.09
2008-10-01 07:00:00,162.72
2008-10-01 08:00:00,84.54
2008-10-01 09:00:00,84.60
2008-10-01 10:00:00,87.61
2008-10-01 11:00:00,175.88
2008-10-01 12:00:00,153.74
2008-10-01 13:00:00,133.83
2008-10-01 14:00:00,66.43
2008-10-01 15:00:00,25.38
2008-10-01 16:00:00,23.20
2008-10-01 17:00:00,111.30
2008-10-01 18:00:00,43.81
2008-10-01 19:00:00,78.49
2008-10-01 20:00:00,145.82
2008-10-01 21:00:00,166.62
2008-10-01 22:00:00,75.52
2008-10-01 23:00:00,27.84
2008-10-02 00:00:00,56.43
2008-10-02 01:00:00,22.01
2008-10-02 02:00:00,18.48
2008-10-02 03:00:00,21.73
2008-10-02 04:00:00,19.38
2008-10-02 05:00:00,21.73
2008-10-02 06:00:00,87.18
2008-10-02 07:00:00,127.40
2008-10-02 08:00:00,96.60
2008-10-02 09:00:00,159.61
2008-10-02 10:00:00,83.14
2008-10-02 11:00:00,47.05
2008-10-02 12:00:00,57.53
2008-10-02 13:00:00,16.87
2008-10-02 14:00:00,21.53
2008-10-02 15:00:00,19.01
2008-10-02 16:00:00,21.14
2008-10-02 17:00:00,21.86
2008-10-02 18:00:00,18.18
2008-10-02 19:00:00,41.94
2008-10-02 20:00:00,119.08
2008-10-02 21:00:00,69.28
2008-10-02 22:00:00,89.34
2008-10-02 23:00:00,88.84
2008-10-03 00:00:00,22.70
2008-10-03 01:00:00,24.00
2008-10-03 02:00:00,19.39
2008-10-03 03:00:00,21.44
2008-10-03 04:00:00,17.52
2008-10-03 05:00:00,21.82
2008-10-03 06:00:00,47.12
2008-10-03 07:00:00,135.53
2008-10-03 08:00:00,120.54
2008-10-03 09:00:00,118.21
2008-10-03 10:00:00,116.72
2008-10-03 11:00:00,85.92
2008-10-03 12:00:00,55.39
2008-10-03 13:00:00,18.19
2008-10-03 14:00:00,22.53
2008-10-03 15:00:00,19.22
2008-10-03 16:00:00,18.37
2008-10-03 17:00:00,24.85
2008-10-03 18:00:00,23.89
2008-10-03 19:00:00,119.60
2008-10-03 20:00:00,213.75
2008-10-03 21:00:00,172.92
2008-10-03 22:00:00,112.23
2008-10-03 23:00:00,60.74
2008-10-04 00:00:00,118.17
2008-10-04 01:00:00,116.61
2008-10-04 02:00:00,88.42
2008-10-04 03:00:00,95.40
2008-10-04 04:00:00,86.24
2008-10-04 05:00:00,127.42
2008-10-04 06:00:00,80.18
2008-10-04 07:00:00,32.82
2008-10-04 08:00:00,67.77
2008-10-04 09:00:00,85.13
2008-10-04 10:00:00,94.38
2008-10-04 11:00:00,107.84
2008-10-04 12:00:00,118.67
2008-10-04 13:00:00,143.66
2008-10-04 14:00:00,149.73
2008-10-04 15:00:00,132.05
2008-10-04 16:00:00,101.52
2008-10-04 17:00:00,74.38
2008-10-04 18:00:00,84.57
2008-10-04 19:00:00,89.60
2008-10-04 20:00:00,44.57
2008-10-04 21:00:00,20.28
2008-10-04 22:00:00,22.74
2008-10-04 23:00:00,18.34
2008-10-05 00:00:00,39.40
2008-10-05 01:00:00,86.93
2008-10-05 02:00:00,34.83
2008-10-05 03:00:00,69.89
2008-10-05 04:00:00,67.32
2008-10-05 05:00:00,40.04
2008-10-05 06:00:00,51.68
2008-10-05 07:00:00,18.92
2008-10-05 08:00:00,22.58
2008-10-05 09:00:00,89.93
2008-10-05 10:00:00,154.51
2008-10-05 11:00:00,120.89
2008-10-05 12:00:00,100.33
2008-10-05 13:00:00,179.24
2008-10-05 14:00:00,149.46
2008-10-05 15:00:00,85.67
2008-10-05 16:00:00,73.63
2008-10-05 17:00:00,27.86
2008-10-05 18:00:00,25.67
2008-10-05 19:00:00,19.60
2008-10-05 20:00:00,21.84
2008-10-05 21:00:00,19.80
2008-10-05 22:00:00,23.33
2008-10-05 23:00:00,26.63
2008-10-06 00:00:00,130.54
2008-10-06 01:00:00,135.43
2008-10-06 02:00:00,103.39
2008-10-06 03:00:00,96.37
2008-10-06 04:00:00,85.64
2008-10-06 05:00:00,68.58
2008-10-06 06:00:00,18.13
2008-10-06 07:00:00,23.58
2008-10-06 08:00:00,19.55
2008-10-06 09:00:00,22.47
2008-10-06 10:00:00,21.58
2008-10-06 11:00:00,21.60
2008-10-06 12:00:00,21.60
2008-10-06 13:00:00,21.60
2008-10-06 14:00:00,21.60
2008-10-06 15:00:00,21.60
2008-10-06 16:00:00,20.87
2008-10-06 17:00:00,30.58
2008-10-06 18:00:00,31.56
2008-10-06 19:00:00,72.66
2008-10-06 20:00:00,138.42
2008-10-06 21:00:00,113.60
2008-10-06 22:00:00,108.81
2008-10-06 23:00:00,74.03
2008-10-07 00:00:00,34.34
2008-10-07 01:00:00,29.60
2008-10-07 02:00:00,32.46
2008-10-07 03:00:00,30.11
2008-10-07 04:00:00,31.78
2008-10-07 05:00:00,34.28
2008-10-07 06:00:00,56.15
2008-10-07 07:00:00,173.71
2008-10-07 08:00:00,98.55
2008-10-07 09:00:00,92.95
2008-10-07 10:00:00,105.94
2008-10-07 11:00:00,118.38
2008-10-07 12:00:00,95.55
2008-10-07 13:00:00,51.59
2008-10-07 14:00:00,33.46
2008-10-07 15:00:00,29.91
2008-10-07 16:00:00,33.13
2008-10-07 17:00:00,30.56
2008-10-07 18:00:00,40.04
2008-10-07 19:00:00,48.43
2008-10-07 20:00:00,139.94
2008-10-07 21:00:00,196.96
2008-10-07 22:00:00,142.83
2008-10-07 23:00:00,45.92
2008-10-08 00:00:00,22.78
2008-10-08 01:00:00,23.89
2008-10-08 02:00:00,19.81
2008-10-08 03:00:00,22.70
2008-10-08 04:00:00,23.02
2008-10-08 05:00:00,19.40
2008-10-08 06:00:00,105.67
2008-10-08 07:00:00,135.40
2008-10-08 08:00:00,101.09
2008-10-08 09:00:00,85.54
2008-10-08 10:00:00,85.20
2008-10-08 11:00:00,90.63
2008-10-08 12:00:00,103.77
2008-10-08 13:00:00,68.22
2008-10-08 14:00:00,156.90
2008-10-08 15:00:00,52.02
2008-10-08 16:00:00,63.50
2008-10-08 17:00:00,81.36
2008-10-08 18:00:00,31.79
2008-10-08 19:00:00,88.77
2008-10-08 20:00:00,132.90
2008-10-08 21:00:00,162.83
2008-10-08 22:00:00,127.14
2008-10-08 23:00:00,56.25
2008-10-09 00:00:00,22.53
2008-10-09 01:00:00,22.00
2008-10-09 02:00:00,21.42
2008-10-09 03:00:00,20.50
2008-10-09 04:00:00,23.10
2008-10-09 05:00:00,18.07
2008-10-09 06:00:00,62.02
2008-10-09 07:00:00,198.43
2008-10-09 08:00:00,175.72
2008-10-09 09:00:00,182.88
2008-10-09 10:00:00,186.90
2008-10-09 11:00:00,104.68
2008-10-09 12:00:00,108.31
2008-10-09 13:00:00,112.91
2008-10-09 14:00:00,68.78
2008-10-09 15:00:00,59.50
2008-10-09 16:00:00,40.33
2008-10-09 17:00:00,46.90
2008-10-09 18:00:00,29.38
2008-10-09 19:00:00,74.77
2008-10-09 20:00:00,145.31
2008-10-09 21:00:00,147.09
2008-10-09 22:00:00,92.07
2008-10-09 23:00:00,20.07
2008-10-10 00:00:00,23.01
2008-10-10 01:00:00,19.13
2008-10-10 02:00:00,21.21
2008-10-10 03:00:00,21.78
2008-10-10 04:00:00,21.56
2008-10-10 05:00:00,43.32
2008-10-10 06:00:00,34.78
2008-10-10 07:00:00,128.60
2008-10-10 08:00:00,109.54
2008-10-10 09:00:00,109.47
2008-10-10 10:00:00,125.84
2008-10-10 11:00:00,110.74
2008-10-10 12:00:00,84.80
2008-10-10 13:00:00,81.84
2008-10-10 14:00:00,86.12
2008-10-10 15:00:00,58.49
2008-10-10 16:00:00,22.61
2008-10-10 17:00:00,20.00
2008-10-10 18:00:00,38.98
2008-10-10 19:00:00,64.28
2008-10-10 20:00:00,106.24
2008-10-10 21:00:00,53.90
2008-10-10 22:00:00,57.79
2008-10-10 23:00:00,74.31
2008-10-11 00:00:00,24.38
2008-10-11 01:00:00,22.36
2008-10-11 02:00:00,20.16
2008-10-11 03:00:00,19.94
2008-10-11 04:00:00,18.95
2008-10-11 05:00:00,70.28
2008-10-11 06:00:00,23.46
2008-10-11 07:00:00,109.14
2008-10-11 08:00:00,117.48
2008-10-11 09:00:00,110.36
2008-10-11 10:00:00,73.85
2008-10-11 11:00:00,62.70
2008-10-11 12:00:00,65.53
2008-10-11 13:00:00,69.49
2008-10-11 14:00:00,105.29
2008-10-11 15:00:00,79.17
2008-10-11 16:00:00,70.25
2008-10-11 17:00:00,34.85
2008-10-11 18:00:00,46.58
2008-10-11 19:00:00,151.86
2008-10-11 20:00:00,127.18
2008-10-11 21:00:00,100.04
2008-10-11 22:00:00,88.33
2008-10-11 23:00:00,57.77
2008-10-12 00:00:00,32.53
2008-10-12 01:00:00,50.10
2008-10-12 02:00:00,28.13
2008-10-12 03:00:00,21.47
2008-10-12 04:00:00,22.82
2008-10-12 05:00:00,19.95
2008-10-12 06:00:00,23.18
2008-10-12 07:00:00,72.35
2008-10-12 08:00:00,125.46
2008-10-12 09:00:00,42.24
2008-10-12 10:00:00,68.04
2008-10-12 11:00:00,40.35
2008-10-12 12:00:00,38.36
2008-10-12 13:00:00,103.89
2008-10-12 14:00:00,85.26
2008-10-12 15:00:00,47.07
2008-10-12 16:00:00,20.88
2008-10-12 17:00:00,22.61
2008-10-12 18:00:00,147.05
2008-10-12 19:00:00,294.46
2008-10-12 20:00:00,294.82
2008-10-12 21:00:00,147.73
2008-10-12 22:00:00,132.57
2008-10-12 23:00:00,26.62
2008-10-13 00:00:00,21.97
2008-10-13 01:00:00,22.13
2008-10-13 02:00:00,23.26
2008-10-13 03:00:00,45.55
2008-10-13 04:00:00,29.18
2008-10-13 05:00:00,21.79
2008-10-13 06:00:00,96.60
2008-10-13 07:00:00,166.18
2008-10-13 08:00:00,113.30
2008-10-13 09:00:00,118.04
2008-10-13 10:00:00,87.62
2008-10-13 11:00:00,83.55
2008-10-13 12:00:00,46.53
2008-10-13 13:00:00,19.69
2008-10-13 14:00:00,22.85
2008-10-13 15:00:00,36.04
2008-10-13 16:00:00,29.98
2008-10-13 17:00:00,29.22
2008-10-13 18:00:00,23.96
2008-10-13 19:00:00,89.30
2008-10-13 20:00:00,115.32
2008-10-13 21:00:00,136.31
2008-10-13 22:00:00,59.00
2008-10-13 23:00:00,24.61
2008-10-14 00:00:00,21.64
2008-10-14 01:00:00,38.55
2008-10-14 02:00:00,48.01
2008-10-14 03:00:00,23.07
2008-10-14 04:00:00,19.66
2008-10-14 05:00:00,22.10
2008-10-14 06:00:00,53.76
2008-10-14 07:00:00,133.25
2008-10-14 08:00:00,87.81
2008-10-14 09:00:00,89.66
2008-10-14 10:00:00,141.84
2008-10-14 11:00:00,104.18
2008-10-14 12:00:00,92.24
2008-10-14 13:00:00,35.36
2008-10-14 14:00:00,28.40
2008-10-14 15:00:00,38.79
2008-10-14 16:00:00,46.11
2008-10-14 17:00:00,26.68
2008-10-14 18:00:00,42.60
2008-10-14 19:00:00,118.96
2008-10-14 20:00:00,120.90
2008-10-14 21:00:00,135.41
2008-10-14 22:00:00,111.57
2008-10-14 23:00:00,28.49
2008-10-15 00:00:00,64.45
2008-10-15 01:00:00,22.57
2008-10-15 02:00:00,25.00
2008-10-15 03:00:00,25.57
2008-10-15 04:00:00,21.63
2008-10-15 05:00:00,26.00
2008-10-15 06:00:00,110.52
2008-10-15 07:00:00,178.87
2008-10-15 08:00:00,94.20
2008-10-15 09:00:00,85.80
2008-10-15 10:00:00,122.31
2008-10-15 11:00:00,126.40
2008-10-15 12:00:00,76.25
2008-10-15 13:00:00,122.71
2008-10-15 14:00:00,49.22
2008-10-15 15:00:00,137.11
2008-10-15 16:00:00,111.73
2008-10-15 17:00:00,99.79
2008-10-15 18:00:00,123.99
2008-10-15 19:00:00,131.56
2008-10-15 20:00:00,116.86
2008-10-15 21:00:00,104.86
2008-10-15 22:00:00,92.47
2008-10-15 23:00:00,87.03
2008-10-16 00:00:00,23.49
2008-10-16 01:00:00,24.54
2008-10-16 02:00:00,24.67
2008-10-16 03:00:00,22.82
2008-10-16 04:00:00,23.76
2008-10-16 05:00:00,27.09
2008-10-16 06:00:00,46.27
2008-10-16 07:00:00,128.42
2008-10-16 08:00:00,97.35
2008-10-16 09:00:00,110.41
2008-10-16 10:00:00,110.03
2008-10-16 11:00:00,148.26
2008-10-16 12:00:00,77.94
2008-10-16 13:00:00,47.01
2008-10-16 14:00:00,60.35
2008-10-16 15:00:00,62.15
2008-10-16 16:00:00,40.05
2008-10-16 17:00:00,25.05
2008-10-16 18:00:00,26.90
2008-10-16 19:00:00,74.66
2008-10-16 20:00:00,151.48
2008-10-16 21:00:00,124.23
2008-10-16 22:00:00,62.38
2008-10-16 23:00:00,44.36
2008-10-17 00:00:00,27.47
2008-10-17 01:00:00,21.42
2008-10-17 02:00:00,25.73
2008-10-17 03:00:00,21.52
2008-10-17 04:00:00,25.89
2008-10-17 05:00:00,27.13
2008-10-17 06:00:00,134.69
2008-10-17 07:00:00,170.65
2008-10-17 08:00:00,120.00
2008-10-17 09:00:00,115.45
2008-10-17 10:00:00,85.27
2008-10-17 11:00:00,86.02
2008-10-17 12:00:00,23.08
2008-10-17 13:00:00,24.28
2008-10-17 14:00:00,24.53
2008-10-17 15:00:00,29.12
2008-10-17 16:00:00,23.36
2008-10-17 17:00:00,33.12
2008-10-17 18:00:00,86.91
2008-10-17 19:00:00,139.18
2008-10-17 20:00:00,298.75
2008-10-17 21:00:00,181.15
2008-10-17 22:00:00,117.63
2008-10-17 23:00:00,24.52
2008-10-18 00:00:00,19.30
2008-10-18 01:00:00,22.45
2008-10-18 02:00:00,19.02
2008-10-18 03:00:00,22.40
2008-10-18 04:00:00,18.98
2008-10-18 05:00:00,61.00
2008-10-18 06:00:00,79.97
2008-10-18 07:00:00,191.90
2008-10-18 08:00:00,96.29
2008-10-18 09:00:00,90.22
2008-10-18 10:00:00,97.41
2008-10-18 11:00:00,98.34
2008-10-18 12:00:00,51.04
2008-10-18 13:00:00,29.38
2008-10-18 14:00:00,34.61
2008-10-18 15:00:00,43.58
2008-10-18 16:00:00,43.36
2008-10-18 17:00:00,58.39
2008-10-18 18:00:00,110.66
2008-10-18 19:00:00,162.39
2008-10-18 20:00:00,237.93
2008-10-18 21:00:00,182.13
2008-10-18 22:00:00,167.97
2008-10-18 23:00:00,300.49
2008-10-19 00:00:00,309.33
2008-10-19 01:00:00,345.54
2008-10-19 02:00:00,71.76
2008-10-19 03:00:00,27.20
2008-10-19 04:00:00,18.72
2008-10-19 05:00:00,23.38
2008-10-19 06:00:00,18.51
2008-10-19 07:00:00,21.17
2008-10-19 08:00:00,33.86
2008-10-19 09:00:00,169.94
2008-10-19 10:00:00,137.07
2008-10-19 11:00:00,66.19
2008-10-19 12:00:00,21.30
2008-10-19 13:00:00,24.68
2008-10-19 14:00:00,96.99
2008-10-19 15:00:00,44.39
2008-10-19 16:00:00,28.73
2008-10-19 17:00:00,23.95
2008-10-19 18:00:00,37.26
2008-10-19 19:00:00,127.70
2008-10-19 20:00:00,117.80
2008-10-19 21:00:00,102.27
2008-10-19 22:00:00,64.37
2008-10-19 23:00:00,39.83
2008-10-20 00:00:00,20.65
2008-10-20 01:00:00,56.33
2008-10-20 02:00:00,24.41
2008-10-20 03:00:00,21.16
2008-10-20 04:00:00,20.28
2008-10-20 05:00:00,18.03
2008-10-20 06:00:00,87.11
2008-10-20 07:00:00,185.28
2008-10-20 08:00:00,95.29
2008-10-20 09:00:00,83.20
2008-10-20 10:00:00,88.18
2008-10-20 11:00:00,81.11
2008-10-20 12:00:00,86.71
2008-10-20 13:00:00,40.28
2008-10-20 14:00:00,27.96
2008-10-20 15:00:00,26.62
2008-10-20 16:00:00,59.34
2008-10-20 17:00:00,37.52
2008-10-20 18:00:00,66.42
2008-10-20 19:00:00,101.08
2008-10-20 20:00:00,191.04
2008-10-20 21:00:00,174.00
2008-10-20 22:00:00,45.61
2008-10-20 23:00:00,29.96
2008-10-21 00:00:00,27.21
2008-10-21 01:00:00,25.15
2008-10-21 02:00:00,27.20
2008-10-21 03:00:00,26.43
2008-10-21 04:00:00,39.70
2008-10-21 05:00:00,61.26
2008-10-21 06:00:00,67.51
2008-10-21 07:00:00,151.39
2008-10-21 08:00:00,191.27
2008-10-21 09:00:00,134.68
2008-10-21 10:00:00,97.15
2008-10-21 11:00:00,127.99
2008-10-21 12:00:00,94.18
2008-10-21 13:00:00,91.46
2008-10-21 14:00:00,37.16
2008-10-21 15:00:00,37.47
2008-10-21 16:00:00,31.23
2008-10-21 17:00:00,29.62
2008-10-21 18:00:00,103.65
2008-10-21 19:00:00,184.86
2008-10-21 20:00:00,207.36
2008-10-21 21:00:00,156.10
2008-10-21 22:00:00,71.59
2008-10-21 23:00:00,42.08
2008-10-22 00:00:00,21.55
2008-10-22 01:00:00,19.69
2008-10-22 02:00:00,21.88
2008-10-22 03:00:00,19.13
2008-10-22 04:00:00,23.23
2008-10-22 05:00:00,60.84
2008-10-22 06:00:00,75.10
2008-10-22 07:00:00,122.45
2008-10-22 08:00:00,102.83
2008-10-22 09:00:00,89.50
2008-10-22 10:00:00,51.68
2008-10-22 11:00:00,28.12
2008-10-22 12:00:00,31.70
2008-10-22 13:00:00,61.76
2008-10-22 14:00:00,57.31
2008-10-22 15:00:00,95.19
2008-10-22 16:00:00,117.88
2008-10-22 17:00:00,102.44
2008-10-22 18:00:00,47.25
2008-10-22 19:00:00,83.36
2008-10-22 20:00:00,153.52
2008-10-22 21:00:00,147.45
2008-10-22 22:00:00,91.39
2008-10-22 23:00:00,20.74
2008-10-23 00:00:00,25.59
2008-10-23 01:00:00,18.00
2008-10-23 02:00:00,22.57
2008-10-23 03:00:00,17.12
2008-10-23 04:00:00,19.48
2008-10-23 05:00:00,48.14
2008-10-23 06:00:00,92.37
2008-10-23 07:00:00,242.47
2008-10-23 08:00:00,212.27
2008-10-23 09:00:00,90.63
2008-10-23 10:00:00,84.67
2008-10-23 11:00:00,84.09
2008-10-23 12:00:00,112.88
2008-10-23 13:00:00,84.34
2008-10-23 14:00:00,40.47
2008-10-23 15:00:00,36.67
2008-10-23 16:00:00,44.41
2008-10-23 17:00:00,27.69
2008-10-23 18:00:00,29.15
2008-10-23 19:00:00,93.75
2008-10-23 20:00:00,221.80
2008-10-23 21:00:00,92.87
2008-10-23 22:00:00,51.84
2008-10-23 23:00:00,37.22
2008-10-24 00:00:00,23.87
2008-10-24 01:00:00,17.96
2008-10-24 02:00:00,37.79
2008-10-24 03:00:00,48.08
2008-10-24 04:00:00,19.59
2008-10-24 05:00:00,20.60
2008-10-24 06:00:00,44.22
2008-10-24 07:00:00,166.35
2008-10-24 08:00:00,132.31
2008-10-24 09:00:00,79.08
2008-10-24 10:00:00,84.19
2008-10-24 11:00:00,89.65
2008-10-24 12:00:00,117.30
2008-10-24 13:00:00,48.33
2008-10-24 14:00:00,20.47
2008-10-24 15:00:00,21.08
2008-10-24 16:00:00,21.31
2008-10-24 17:00:00,24.88
2008-10-24 18:00:00,105.45
2008-10-24 19:00:00,237.95
2008-10-24 20:00:00,284.34
2008-10-24 21:00:00,321.41
2008-10-24 22:00:00,124.69
2008-10-24 23:00:00,42.32
2008-10-25 00:00:00,26.41
2008-10-25 01:00:00,20.06
2008-10-25 02:00:00,21.83
2008-10-25 03:00:00,28.11
2008-10-25 04:00:00,52.86
2008-10-25 05:00:00,19.39
2008-10-25 06:00:00,23.89
2008-10-25 07:00:00,152.89
2008-10-25 08:00:00,125.25
2008-10-25 09:00:00,116.49
2008-10-25 10:00:00,108.94
2008-10-25 11:00:00,96.81
2008-10-25 12:00:00,107.82
2008-10-25 13:00:00,143.65
2008-10-25 14:00:00,93.39
2008-10-25 15:00:00,83.61
2008-10-25 16:00:00,80.97
2008-10-25 17:00:00,81.25
2008-10-25 18:00:00,78.47
2008-10-25 19:00:00,67.28
2008-10-25 20:00:00,16.57
2008-10-25 21:00:00,17.79
2008-10-25 22:00:00,15.35
2008-10-25 23:00:00,17.38
2008-10-26 00:00:00,16.73
2008-10-26 01:00:00,18.24
2008-10-26 02:00:00,15.63
2008-10-26 03:00:00,15.37
2008-10-26 04:00:00,17.07
2008-10-26 05:00:00,52.55
2008-10-26 06:00:00,43.00
2008-10-26 07:00:00,16.18
2008-10-26 08:00:00,17.56
2008-10-26 09:00:00,15.14
2008-10-26 10:00:00,17.52
2008-10-26 11:00:00,16.61
2008-10-26 12:00:00,18.62
2008-10-26 13:00:00,15.43
2008-10-26 14:00:00,17.66
2008-10-26 15:00:00,15.45
2008-10-26 16:00:00,24.59
2008-10-26 17:00:00,69.70
2008-10-26 18:00:00,18.41
2008-10-26 19:00:00,15.48
2008-10-26 20:00:00,17.28
2008-10-26 21:00:00,15.93
2008-10-26 22:00:00,16.90
2008-10-26 23:00:00,16.45
2008-10-27 00:00:00,17.53
2008-10-27 01:00:00,17.16
2008-10-27 02:00:00,16.72
2008-10-27 03:00:00,16.32
2008-10-27 04:00:00,51.67
2008-10-27 05:00:00,41.42
2008-10-27 06:00:00,17.71
2008-10-27 07:00:00,17.54
2008-10-27 08:00:00,15.62
2008-10-27 09:00:00,16.54
2008-10-27 10:00:00,16.12
2008-10-27 11:00:00,17.40
2008-10-27 12:00:00,16.30
2008-10-27 13:00:00,18.12
2008-10-27 14:00:00,16.40
2008-10-27 15:00:00,22.12
2008-10-27 16:00:00,69.92
2008-10-27 17:00:00,17.52
2008-10-27 18:00:00,16.02
2008-10-27 19:00:00,18.55
2008-10-27 20:00:00,16.71
2008-10-27 21:00:00,17.49
2008-10-27 22:00:00,15.37
2008-10-27 23:00:00,17.63
2008-10-28 00:00:00,16.00
2008-10-28 01:00:00,17.68
2008-10-28 02:00:00,16.22
2008-10-28 03:00:00,65.05
2008-10-28 04:00:00,27.31
2008-10-28 05:00:00,17.33
2008-10-28 06:00:00,15.29
2008-10-28 07:00:00,17.96
2008-10-28 08:00:00,16.19
2008-10-28 09:00:00,18.77
2008-10-28 10:00:00,15.77
2008-10-28 11:00:00,17.23
2008-10-28 12:00:00,15.49
2008-10-28 13:00:00,17.77
2008-10-28 14:00:00,52.71
2008-10-28 15:00:00,37.13
2008-10-28 16:00:00,16.93
2008-10-28 17:00:00,16.98
2008-10-28 18:00:00,106.03
2008-10-28 19:00:00,169.66
2008-10-28 20:00:00,148.72
2008-10-28 21:00:00,198.87
2008-10-28 22:00:00,166.17
2008-10-28 23:00:00,120.05
2008-10-29 00:00:00,123.27
2008-10-29 01:00:00,129.43
2008-10-29 02:00:00,178.72
2008-10-29 03:00:00,93.45
2008-10-29 04:00:00,46.41
2008-10-29 05:00:00,44.45
2008-10-29 06:00:00,47.61
2008-10-29 07:00:00,44.64
2008-10-29 08:00:00,45.60
2008-10-29 09:00:00,45.00
2008-10-29 10:00:00,85.93
2008-10-29 11:00:00,86.92
2008-10-29 12:00:00,109.44
2008-10-29 13:00:00,46.54
2008-10-29 14:00:00,44.87
2008-10-29 15:00:00,46.93
2008-10-29 16:00:00,45.21
2008-10-29 17:00:00,46.02
2008-10-29 18:00:00,43.63
2008-10-29 19:00:00,45.34
2008-10-29 20:00:00,79.17
2008-10-29 21:00:00,43.77
2008-10-29 22:00:00,45.80
2008-10-29 23:00:00,44.42
2008-10-30 00:00:00,46.03
2008-10-30 01:00:00,44.12
2008-10-30 02:00:00,47.15
2008-10-30 03:00:00,44.11
2008-10-30 04:00:00,44.83
2008-10-30 05:00:00,87.97
2008-10-30 06:00:00,45.18
2008-10-30 07:00:00,45.57
2008-10-30 08:00:00,44.12
2008-10-30 09:00:00,45.40
2008-10-30 10:00:00,42.80
2008-10-30 11:00:00,50.20
2008-10-30 12:00:00,19.25
2008-10-30 13:00:00,29.20
2008-10-30 14:00:00,88.62
2008-10-30 15:00:00,71.94
2008-10-30 16:00:00,34.39
2008-10-30 17:00:00,31.98
2008-10-30 18:00:00,34.03
2008-10-30 19:00:00,31.80
2008-10-30 20:00:00,35.68
2008-10-30 21:00:00,43.29
2008-10-30 22:00:00,33.97
2008-10-30 23:00:00,56.95
2008-10-31 00:00:00,54.78
2008-10-31 01:00:00,17.07
2008-10-31 02:00:00,15.45
2008-10-31 03:00:00,16.82
2008-10-31 04:00:00,15.75
2008-10-31 05:00:00,15.41
2008-10-31 06:00:00,17.02
2008-10-31 07:00:00,14.66
2008-10-31 08:00:00,16.64
2008-10-31 09:00:00,55.40
2008-10-31 10:00:00,56.32
2008-10-31 11:00:00,41.27
2008-10-31 12:00:00,110.91
2008-10-31 13:00:00,93.40
2008-10-31 14:00:00,92.73
2008-10-31 15:00:00,101.69
2008-10-31 16:00:00,111.70
2008-10-31 17:00:00,111.16
2008-10-31 18:00:00,91.68
2008-10-31 19:00:00,93.02
2008-10-31 20:00:00,55.14
2008-10-31 21:00:00,28.43
2008-10-31 22:00:00,30.26
2008-10-31 23:00:00,29.12
2008-11-01 00:00:00,30.42
2008-11-01 01:00:00,28.34
2008-11-01 02:00:00,29.83
2008-11-01 03:00:00,29.64
2008-11-01 04:00:00,28.95
2008-11-01 05:00:00,30.61
2008-11-01 06:00:00,75.70
2008-11-01 07:00:00,42.51
2008-11-01 08:00:00,28.88
2008-11-01 09:00:00,31.08
2008-11-01 10:00:00,28.28
2008-11-01 11:00:00,29.30
2008-11-01 12:00:00,30.63
2008-11-01 13:00:00,28.89
2008-11-01 14:00:00,31.53
2008-11-01 15:00:00,29.21
2008-11-01 16:00:00,52.15
2008-11-01 17:00:00,65.19
2008-11-01 18:00:00,30.62
2008-11-01 19:00:00,29.22
2008-11-01 20:00:00,30.03
2008-11-01 21:00:00,29.74
2008-11-01 22:00:00,28.71
2008-11-01 23:00:00,31.03
2008-11-02 00:00:00,29.34
2008-11-02 01:00:00,30.77
2008-11-02 02:00:00,28.73
2008-11-02 03:00:00,87.20
2008-11-02 04:00:00,29.61
2008-11-02 05:00:00,31.08
2008-11-02 06:00:00,29.08
2008-11-02 07:00:00,29.22
2008-11-02 08:00:00,30.01
2008-11-02 09:00:00,29.16
2008-11-02 10:00:00,31.02
2008-11-02 11:00:00,28.45
2008-11-02 12:00:00,63.03
2008-11-02 13:00:00,60.74
2008-11-02 14:00:00,31.84
2008-11-02 15:00:00,30.08
2008-11-02 16:00:00,30.25
2008-11-02 17:00:00,44.47
2008-11-02 18:00:00,28.72
2008-11-02 19:00:00,31.40
2008-11-02 20:00:00,28.83
2008-11-02 21:00:00,31.30
2008-11-02 22:00:00,28.85
2008-11-02 23:00:00,87.44
2008-11-03 00:00:00,29.47
2008-11-03 01:00:00,30.18
2008-11-03 02:00:00,28.38
2008-11-03 03:00:00,29.88
2008-11-03 04:00:00,29.18
2008-11-03 05:00:00,28.34
2008-11-03 06:00:00,30.48
2008-11-03 07:00:00,28.82
2008-11-03 08:00:00,30.14
2008-11-03 09:00:00,61.73
2008-11-03 10:00:00,55.29
2008-11-03 11:00:00,28.74
2008-11-03 12:00:00,31.70
2008-11-03 13:00:00,29.30
2008-11-03 14:00:00,32.02
2008-11-03 15:00:00,29.87
2008-11-03 16:00:00,30.39
2008-11-03 17:00:00,53.05
2008-11-03 18:00:00,47.41
2008-11-03 19:00:00,49.49
2008-11-03 20:00:00,73.60
2008-11-03 21:00:00,21.08
2008-11-03 22:00:00,18.45
2008-11-03 23:00:00,20.58
2008-11-04 00:00:00,18.54
2008-11-04 01:00:00,21.00
2008-11-04 02:00:00,18.52
2008-11-04 03:00:00,20.43
2008-11-04 04:00:00,18.62
2008-11-04 05:00:00,20.47
2008-11-04 06:00:00,46.30
2008-11-04 07:00:00,49.54
2008-11-04 08:00:00,20.46
2008-11-04 09:00:00,19.01
2008-11-04 10:00:00,20.64
2008-11-04 11:00:00,18.56
2008-11-04 12:00:00,21.70
2008-11-04 13:00:00,18.99
2008-11-04 14:00:00,21.02
2008-11-04 15:00:00,33.59
2008-11-04 16:00:00,37.58
2008-11-04 17:00:00,127.97
2008-11-04 18:00:00,224.16
2008-11-04 19:00:00,177.14
2008-11-04 20:00:00,266.77
2008-11-04 21:00:00,263.40
2008-11-04 22:00:00,51.00
2008-11-04 23:00:00,26.89
2008-11-05 00:00:00,21.46
2008-11-05 01:00:00,21.23
2008-11-05 02:00:00,20.85
2008-11-05 03:00:00,20.44
2008-11-05 04:00:00,19.57
2008-11-05 05:00:00,37.01
2008-11-05 06:00:00,41.76
2008-11-05 07:00:00,93.94
2008-11-05 08:00:00,214.42
2008-11-05 09:00:00,181.03
2008-11-05 10:00:00,154.37
2008-11-05 11:00:00,187.46
2008-11-05 12:00:00,174.23
2008-11-05 13:00:00,265.66
2008-11-05 14:00:00,140.76
2008-11-05 15:00:00,176.53
2008-11-05 16:00:00,215.42
2008-11-05 17:00:00,171.85
2008-11-05 18:00:00,141.49
2008-11-05 19:00:00,193.58
2008-11-05 20:00:00,173.46
2008-11-05 21:00:00,251.40
2008-11-05 22:00:00,152.66
2008-11-05 23:00:00,64.34
2008-11-06 00:00:00,18.66
2008-11-06 01:00:00,19.61
2008-11-06 02:00:00,17.53
2008-11-06 03:00:00,20.39
2008-11-06 04:00:00,47.46
2008-11-06 05:00:00,21.43
2008-11-06 06:00:00,90.68
2008-11-06 07:00:00,166.23
2008-11-06 08:00:00,100.15
2008-11-06 09:00:00,106.62
2008-11-06 10:00:00,88.16
2008-11-06 11:00:00,55.75
2008-11-06 12:00:00,49.76
2008-11-06 13:00:00,47.13
2008-11-06 14:00:00,37.27
2008-11-06 15:00:00,50.69
2008-11-06 16:00:00,52.33
2008-11-06 17:00:00,19.94
2008-11-06 18:00:00,103.87
2008-11-06 19:00:00,138.41
2008-11-06 20:00:00,128.91
2008-11-06 21:00:00,109.62
2008-11-06 22:00:00,72.04
2008-11-06 23:00:00,25.78
2008-11-07 00:00:00,20.66
2008-11-07 01:00:00,22.19
2008-11-07 02:00:00,18.73
2008-11-07 03:00:00,21.53
2008-11-07 04:00:00,34.67
2008-11-07 05:00:00,45.58
2008-11-07 06:00:00,59.40
2008-11-07 07:00:00,155.24
2008-11-07 08:00:00,82.23
2008-11-07 09:00:00,82.47
2008-11-07 10:00:00,82.61
2008-11-07 11:00:00,100.32
2008-11-07 12:00:00,92.56
2008-11-07 13:00:00,98.85
2008-11-07 14:00:00,103.04
2008-11-07 15:00:00,35.90
2008-11-07 16:00:00,33.30
2008-11-07 17:00:00,30.69
2008-11-07 18:00:00,69.86
2008-11-07 19:00:00,76.10
2008-11-07 20:00:00,81.56
2008-11-07 21:00:00,160.36
2008-11-07 22:00:00,72.44
2008-11-07 23:00:00,38.89
2008-11-08 00:00:00,19.62
2008-11-08 01:00:00,21.59
2008-11-08 02:00:00,19.91
2008-11-08 03:00:00,21.00
2008-11-08 04:00:00,18.57
2008-11-08 05:00:00,23.16
2008-11-08 06:00:00,73.85
2008-11-08 07:00:00,167.19
2008-11-08 08:00:00,86.59
2008-11-08 09:00:00,85.53
2008-11-08 10:00:00,41.43
2008-11-08 11:00:00,43.56
2008-11-08 12:00:00,34.53
2008-11-08 13:00:00,66.41
2008-11-08 14:00:00,45.65
2008-11-08 15:00:00,31.22
2008-11-08 16:00:00,34.01
2008-11-08 17:00:00,108.17
2008-11-08 18:00:00,114.43
2008-11-08 19:00:00,133.71
2008-11-08 20:00:00,109.55
2008-11-08 21:00:00,86.06
2008-11-08 22:00:00,223.10
2008-11-08 23:00:00,124.29
2008-11-09 00:00:00,54.04
2008-11-09 01:00:00,37.72
2008-11-09 02:00:00,20.62
2008-11-09 03:00:00,21.16
2008-11-09 04:00:00,19.24
2008-11-09 05:00:00,39.85
2008-11-09 06:00:00,152.10
2008-11-09 07:00:00,66.05
2008-11-09 08:00:00,52.97
2008-11-09 09:00:00,100.66
2008-11-09 10:00:00,115.77
2008-11-09 11:00:00,153.35
2008-11-09 12:00:00,111.91
2008-11-09 13:00:00,100.82
2008-11-09 14:00:00,104.48
2008-11-09 15:00:00,111.45
2008-11-09 16:00:00,122.77
2008-11-09 17:00:00,231.20
2008-11-09 18:00:00,262.69
2008-11-09 19:00:00,189.81
2008-11-09 20:00:00,207.44
2008-11-09 21:00:00,167.74
2008-11-09 22:00:00,102.59
2008-11-09 23:00:00,32.11
2008-11-10 00:00:00,23.11
2008-11-10 01:00:00,22.14
2008-11-10 02:00:00,20.33
2008-11-10 03:00:00,20.64
2008-11-10 04:00:00,19.20
2008-11-10 05:00:00,21.61
2008-11-10 06:00:00,33.14
2008-11-10 07:00:00,178.56
2008-11-10 08:00:00,147.78
2008-11-10 09:00:00,127.89
2008-11-10 10:00:00,109.94
2008-11-10 11:00:00,124.23
2008-11-10 12:00:00,125.77
2008-11-10 13:00:00,151.36
2008-11-10 14:00:00,97.88
2008-11-10 15:00:00,58.27
2008-11-10 16:00:00,116.64
2008-11-10 17:00:00,174.50
2008-11-10 18:00:00,99.65
2008-11-10 19:00:00,66.06
2008-11-10 20:00:00,47.03
2008-11-10 21:00:00,139.34
2008-11-10 22:00:00,124.97
2008-11-10 23:00:00,62.88
2008-11-11 00:00:00,44.83
2008-11-11 01:00:00,67.72
2008-11-11 02:00:00,21.54
2008-11-11 03:00:00,18.49
2008-11-11 04:00:00,20.38
2008-11-11 05:00:00,19.47
2008-11-11 06:00:00,21.89
2008-11-11 07:00:00,48.35
2008-11-11 08:00:00,92.83
2008-11-11 09:00:00,106.40
2008-11-11 10:00:00,105.82
2008-11-11 11:00:00,161.82
2008-11-11 12:00:00,140.95
2008-11-11 13:00:00,180.89
2008-11-11 14:00:00,113.35
2008-11-11 15:00:00,135.71
2008-11-11 16:00:00,113.74
2008-11-11 17:00:00,162.28
2008-11-11 18:00:00,131.30
2008-11-11 19:00:00,118.23
2008-11-11 20:00:00,170.06
2008-11-11 21:00:00,146.65
2008-11-11 22:00:00,168.94
2008-11-11 23:00:00,144.30
2008-11-12 00:00:00,86.16
2008-11-12 01:00:00,79.59
2008-11-12 02:00:00,80.14
2008-11-12 03:00:00,80.13
2008-11-12 04:00:00,79.34
2008-11-12 05:00:00,79.19
2008-11-12 06:00:00,108.79
2008-11-12 07:00:00,202.04
2008-11-12 08:00:00,98.95
2008-11-12 09:00:00,84.22
2008-11-12 10:00:00,81.83
2008-11-12 11:00:00,94.46
2008-11-12 12:00:00,92.11
2008-11-12 13:00:00,118.66
2008-11-12 14:00:00,132.74
2008-11-12 15:00:00,38.68
2008-11-12 16:00:00,45.82
2008-11-12 17:00:00,84.42
2008-11-12 18:00:00,83.91
2008-11-12 19:00:00,57.52
2008-11-12 20:00:00,82.64
2008-11-12 21:00:00,169.03
2008-11-12 22:00:00,101.43
2008-11-12 23:00:00,28.48
2008-11-13 00:00:00,19.29
2008-11-13 01:00:00,20.71
2008-11-13 02:00:00,18.89
2008-11-13 03:00:00,21.84
2008-11-13 04:00:00,19.25
2008-11-13 05:00:00,20.12
2008-11-13 06:00:00,94.21
2008-11-13 07:00:00,144.06
2008-11-13 08:00:00,84.55
2008-11-13 09:00:00,82.43
2008-11-13 10:00:00,68.76
2008-11-13 11:00:00,18.74
2008-11-13 12:00:00,21.09
2008-11-13 13:00:00,19.14
2008-11-13 14:00:00,21.48
2008-11-13 15:00:00,18.97
2008-11-13 16:00:00,19.40
2008-11-13 17:00:00,19.91
2008-11-13 18:00:00,50.40
2008-11-13 19:00:00,120.23
2008-11-13 20:00:00,79.78
2008-11-13 21:00:00,93.07
2008-11-13 22:00:00,118.65
2008-11-13 23:00:00,43.50
2008-11-14 00:00:00,20.39
2008-11-14 01:00:00,22.25
2008-11-14 02:00:00,20.35
2008-11-14 03:00:00,21.31
2008-11-14 04:00:00,22.26
2008-11-14 05:00:00,18.46
2008-11-14 06:00:00,40.84
2008-11-14 07:00:00,148.80
2008-11-14 08:00:00,132.38
2008-11-14 09:00:00,116.41
2008-11-14 10:00:00,85.15
2008-11-14 11:00:00,82.95
2008-11-14 12:00:00,103.11
2008-11-14 13:00:00,102.46
2008-11-14 14:00:00,42.32
2008-11-14 15:00:00,33.64
2008-11-14 16:00:00,22.63
2008-11-14 17:00:00,88.79
2008-11-14 18:00:00,66.65
2008-11-14 19:00:00,93.58
2008-11-14 20:00:00,81.45
2008-11-14 21:00:00,104.37
2008-11-14 22:00:00,100.87
2008-11-14 23:00:00,50.32
2008-11-15 00:00:00,20.50
2008-11-15 01:00:00,19.01
2008-11-15 02:00:00,20.06
2008-11-15 03:00:00,18.92
2008-11-15 04:00:00,20.53
2008-11-15 05:00:00,18.74
2008-11-15 06:00:00,61.14
2008-11-15 07:00:00,133.46
2008-11-15 08:00:00,122.31
2008-11-15 09:00:00,86.24
2008-11-15 10:00:00,92.43
2008-11-15 11:00:00,40.94
2008-11-15 12:00:00,108.62
2008-11-15 13:00:00,58.20
2008-11-15 14:00:00,135.23
2008-11-15 15:00:00,251.01
2008-11-15 16:00:00,205.51
2008-11-15 17:00:00,271.85
2008-11-15 18:00:00,229.75
2008-11-15 19:00:00,199.03
2008-11-15 20:00:00,243.81
2008-11-15 21:00:00,224.14
2008-11-15 22:00:00,193.71
2008-11-15 23:00:00,256.50
2008-11-16 00:00:00,160.28
2008-11-16 01:00:00,139.82
2008-11-16 02:00:00,148.48
2008-11-16 03:00:00,29.92
2008-11-16 04:00:00,48.10
2008-11-16 05:00:00,16.80
2008-11-16 06:00:00,19.75
2008-11-16 07:00:00,18.43
2008-11-16 08:00:00,17.73
2008-11-16 09:00:00,37.09
2008-11-16 10:00:00,69.10
2008-11-16 11:00:00,83.61
2008-11-16 12:00:00,98.34
2008-11-16 13:00:00,160.78
2008-11-16 14:00:00,138.04
2008-11-16 15:00:00,174.44
2008-11-16 16:00:00,95.54
2008-11-16 17:00:00,64.04
2008-11-16 18:00:00,164.85
2008-11-16 19:00:00,189.97
2008-11-16 20:00:00,226.12
2008-11-16 21:00:00,152.88
2008-11-16 22:00:00,71.23
2008-11-16 23:00:00,40.08
2008-11-17 00:00:00,38.43
2008-11-17 01:00:00,25.90
2008-11-17 02:00:00,16.83
2008-11-17 03:00:00,18.55
2008-11-17 04:00:00,36.94
2008-11-17 05:00:00,32.34
2008-11-17 06:00:00,40.41
2008-11-17 07:00:00,150.60
2008-11-17 08:00:00,106.10
2008-11-17 09:00:00,81.45
2008-11-17 10:00:00,80.59
2008-11-17 11:00:00,83.01
2008-11-17 12:00:00,80.08
2008-11-17 13:00:00,82.01
2008-11-17 14:00:00,82.09
2008-11-17 15:00:00,44.17
2008-11-17 16:00:00,15.96
2008-11-17 17:00:00,41.58
2008-11-17 18:00:00,68.29
2008-11-17 19:00:00,79.94
2008-11-17 20:00:00,141.12
2008-11-17 21:00:00,92.21
2008-11-17 22:00:00,63.49
2008-11-17 23:00:00,21.53
2008-11-18 00:00:00,21.95
2008-11-18 01:00:00,20.61
2008-11-18 02:00:00,21.43
2008-11-18 03:00:00,18.92
2008-11-18 04:00:00,37.45
2008-11-18 05:00:00,48.48
2008-11-18 06:00:00,66.72
2008-11-18 07:00:00,195.86
2008-11-18 08:00:00,130.14
2008-11-18 09:00:00,126.32
2008-11-18 10:00:00,99.82
2008-11-18 11:00:00,100.61
2008-11-18 12:00:00,82.51
2008-11-18 13:00:00,84.09
2008-11-18 14:00:00,46.13
2008-11-18 15:00:00,22.20
2008-11-18 16:00:00,19.69
2008-11-18 17:00:00,28.05
2008-11-18 18:00:00,83.52
2008-11-18 19:00:00,160.96
2008-11-18 20:00:00,87.27
2008-11-18 21:00:00,99.00
2008-11-18 22:00:00,107.92
2008-11-18 23:00:00,39.44
2008-11-19 00:00:00,20.31
2008-11-19 01:00:00,19.35
2008-11-19 02:00:00,21.85
2008-11-19 03:00:00,19.24
2008-11-19 04:00:00,22.02
2008-11-19 05:00:00,19.55
2008-11-19 06:00:00,63.31
2008-11-19 07:00:00,127.97
2008-11-19 08:00:00,121.78
2008-11-19 09:00:00,111.87
2008-11-19 10:00:00,84.23
2008-11-19 11:00:00,112.33
2008-11-19 12:00:00,44.42
2008-11-19 13:00:00,26.56
2008-11-19 14:00:00,77.18
2008-11-19 15:00:00,105.68
2008-11-19 16:00:00,36.99
2008-11-19 17:00:00,94.60
2008-11-19 18:00:00,99.79
2008-11-19 19:00:00,184.75
2008-11-19 20:00:00,185.10
2008-11-19 21:00:00,133.42
2008-11-19 22:00:00,76.83
2008-11-19 23:00:00,31.15
2008-11-20 00:00:00,24.05
2008-11-20 01:00:00,23.00
2008-11-20 02:00:00,20.14
2008-11-20 03:00:00,21.74
2008-11-20 04:00:00,20.74
2008-11-20 05:00:00,52.79
2008-11-20 06:00:00,80.23
2008-11-20 07:00:00,173.72
2008-11-20 08:00:00,115.44
2008-11-20 09:00:00,113.97
2008-11-20 10:00:00,85.14
2008-11-20 11:00:00,83.46
2008-11-20 12:00:00,59.80
2008-11-20 13:00:00,21.22
2008-11-20 14:00:00,22.84
2008-11-20 15:00:00,20.88
2008-11-20 16:00:00,23.25
2008-11-20 17:00:00,76.87
2008-11-20 18:00:00,97.23
2008-11-20 19:00:00,199.14
2008-11-20 20:00:00,144.13
2008-11-20 21:00:00,100.38
2008-11-20 22:00:00,85.36
2008-11-20 23:00:00,26.85
2008-11-21 00:00:00,22.47
2008-11-21 01:00:00,20.58
2008-11-21 02:00:00,19.59
2008-11-21 03:00:00,21.40
2008-11-21 04:00:00,64.69
2008-11-21 05:00:00,21.55
2008-11-21 06:00:00,58.36
2008-11-21 07:00:00,167.89
2008-11-21 08:00:00,123.08
2008-11-21 09:00:00,84.71
2008-11-21 10:00:00,83.03
2008-11-21 11:00:00,85.47
2008-11-21 12:00:00,47.62
2008-11-21 13:00:00,21.14
2008-11-21 14:00:00,40.21
2008-11-21 15:00:00,90.20
2008-11-21 16:00:00,105.85
2008-11-21 17:00:00,119.61
2008-11-21 18:00:00,86.92
2008-11-21 19:00:00,114.99
2008-11-21 20:00:00,93.19
2008-11-21 21:00:00,93.62
2008-11-21 22:00:00,67.49
2008-11-21 23:00:00,20.27
2008-11-22 00:00:00,24.16
2008-11-22 01:00:00,48.17
2008-11-22 02:00:00,19.32
2008-11-22 03:00:00,19.97
2008-11-22 04:00:00,18.44
2008-11-22 05:00:00,21.04
2008-11-22 06:00:00,52.53
2008-11-22 07:00:00,150.09
2008-11-22 08:00:00,84.85
2008-11-22 09:00:00,84.13
2008-11-22 10:00:00,83.06
2008-11-22 11:00:00,50.28
2008-11-22 12:00:00,54.29
2008-11-22 13:00:00,94.37
2008-11-22 14:00:00,71.83
2008-11-22 15:00:00,26.06
2008-11-22 16:00:00,25.68
2008-11-22 17:00:00,52.63
2008-11-22 18:00:00,66.26
2008-11-22 19:00:00,90.74
2008-11-22 20:00:00,128.00
2008-11-22 21:00:00,233.59
2008-11-22 22:00:00,123.20
2008-11-22 23:00:00,88.69
2008-11-23 00:00:00,49.42
2008-11-23 01:00:00,50.49
2008-11-23 02:00:00,48.71
2008-11-23 03:00:00,50.81
2008-11-23 04:00:00,31.20
2008-11-23 05:00:00,56.00
2008-11-23 06:00:00,20.73
2008-11-23 07:00:00,20.51
2008-11-23 08:00:00,34.01
2008-11-23 09:00:00,109.70
2008-11-23 10:00:00,102.52
2008-11-23 11:00:00,84.98
2008-11-23 12:00:00,249.50
2008-11-23 13:00:00,118.48
2008-11-23 14:00:00,161.30
2008-11-23 15:00:00,206.74
2008-11-23 16:00:00,168.76
2008-11-23 17:00:00,252.36
2008-11-23 18:00:00,393.63
2008-11-23 19:00:00,224.57
2008-11-23 20:00:00,378.63
2008-11-23 21:00:00,226.54
2008-11-23 22:00:00,198.44
2008-11-23 23:00:00,168.75
2008-11-24 00:00:00,164.99
2008-11-24 01:00:00,85.00
2008-11-24 02:00:00,87.36
2008-11-24 03:00:00,84.26
2008-11-24 04:00:00,85.68
2008-11-24 05:00:00,82.23
2008-11-24 06:00:00,129.13
2008-11-24 07:00:00,249.16
2008-11-24 08:00:00,195.17
2008-11-24 09:00:00,171.02
2008-11-24 10:00:00,146.20
2008-11-24 11:00:00,120.05
2008-11-24 12:00:00,115.39
2008-11-24 13:00:00,119.68
2008-11-24 14:00:00,117.38
2008-11-24 15:00:00,118.24
2008-11-24 16:00:00,123.83
2008-11-24 17:00:00,97.75
2008-11-24 18:00:00,136.61
2008-11-24 19:00:00,126.02
2008-11-24 20:00:00,166.28
2008-11-24 21:00:00,239.62
2008-11-24 22:00:00,136.99
2008-11-24 23:00:00,114.93
2008-11-25 00:00:00,74.03
2008-11-25 01:00:00,68.36
2008-11-25 02:00:00,67.79
2008-11-25 03:00:00,75.16
2008-11-25 04:00:00,73.41
2008-11-25 05:00:00,105.45
2008-11-25 06:00:00,126.90
2008-11-25 07:00:00,221.37
2008-11-25 08:00:00,155.86
2008-11-25 09:00:00,156.01
2008-11-25 10:00:00,132.46
2008-11-25 11:00:00,114.05
2008-11-25 12:00:00,119.59
2008-11-25 13:00:00,72.84
2008-11-25 14:00:00,53.67
2008-11-25 15:00:00,48.50
2008-11-25 16:00:00,49.83
2008-11-25 17:00:00,92.48
2008-11-25 18:00:00,135.85
2008-11-25 19:00:00,241.22
2008-11-25 20:00:00,213.42
2008-11-25 21:00:00,139.17
2008-11-25 22:00:00,120.87
2008-11-25 23:00:00,44.55
2008-11-26 00:00:00,15.77
2008-11-26 01:00:00,17.14
2008-11-26 02:00:00,16.28
2008-11-26 03:00:00,16.55
2008-11-26 04:00:00,17.72
2008-11-26 05:00:00,15.94
2008-11-26 06:00:00,123.21
2008-11-26 07:00:00,171.66
2008-11-26 08:00:00,84.95
2008-11-26 09:00:00,79.31
2008-11-26 10:00:00,80.37
2008-11-26 11:00:00,81.63
2008-11-26 12:00:00,90.72
2008-11-26 13:00:00,47.40
2008-11-26 14:00:00,16.32
2008-11-26 15:00:00,18.60
2008-11-26 16:00:00,15.63
2008-11-26 17:00:00,17.38
2008-11-26 18:00:00,29.82
2008-11-26 19:00:00,63.92
2008-11-26 20:00:00,182.67
2008-11-26 21:00:00,124.78
2008-11-26 22:00:00,118.81
2008-11-26 23:00:00,69.37
2008-11-27 00:00:00,46.92
2008-11-27 01:00:00,44.14
2008-11-27 02:00:00,56.20
2008-11-27 03:00:00,40.88
2008-11-27 04:00:00,49.13
2008-11-27 05:00:00,50.13
2008-11-27 06:00:00,129.69
2008-11-27 07:00:00,194.90
2008-11-27 08:00:00,122.34
2008-11-27 09:00:00,110.75
2008-11-27 10:00:00,104.83
2008-11-27 11:00:00,105.77
2008-11-27 12:00:00,109.57
2008-11-27 13:00:00,110.83
2008-11-27 14:00:00,114.16
2008-11-27 15:00:00,76.50
2008-11-27 16:00:00,42.35
2008-11-27 17:00:00,47.69
2008-11-27 18:00:00,73.40
2008-11-27 19:00:00,226.86
2008-11-27 20:00:00,232.04
2008-11-27 21:00:00,166.57
2008-11-27 22:00:00,55.76
2008-11-27 23:00:00,50.81
2008-11-28 00:00:00,17.04
2008-11-28 01:00:00,16.19
2008-11-28 02:00:00,18.09
2008-11-28 03:00:00,15.72
2008-11-28 04:00:00,17.96
2008-11-28 05:00:00,16.15
2008-11-28 06:00:00,79.28
2008-11-28 07:00:00,179.52
2008-11-28 08:00:00,161.76
2008-11-28 09:00:00,99.65
2008-11-28 10:00:00,80.08
2008-11-28 11:00:00,82.80
2008-11-28 12:00:00,97.57
2008-11-28 13:00:00,67.59
2008-11-28 14:00:00,32.36
2008-11-28 15:00:00,35.10
2008-11-28 16:00:00,101.94
2008-11-28 17:00:00,77.50
2008-11-28 18:00:00,101.06
2008-11-28 19:00:00,168.69
2008-11-28 20:00:00,166.88
2008-11-28 21:00:00,163.23
2008-11-28 22:00:00,67.77
2008-11-28 23:00:00,22.04
2008-11-29 00:00:00,17.20
2008-11-29 01:00:00,15.57
2008-11-29 02:00:00,17.81
2008-11-29 03:00:00,40.33
2008-11-29 04:00:00,25.40
2008-11-29 05:00:00,16.31
2008-11-29 06:00:00,26.28
2008-11-29 07:00:00,164.78
2008-11-29 08:00:00,186.49
2008-11-29 09:00:00,96.99
2008-11-29 10:00:00,54.46
2008-11-29 11:00:00,48.32
2008-11-29 12:00:00,79.98
2008-11-29 13:00:00,141.19
2008-11-29 14:00:00,175.87
2008-11-29 15:00:00,118.78
2008-11-29 16:00:00,83.74
2008-11-29 17:00:00,94.21
2008-11-29 18:00:00,95.51
2008-11-29 19:00:00,234.11
2008-11-29 20:00:00,119.48
2008-11-29 21:00:00,200.70
2008-11-29 22:00:00,180.34
2008-11-29 23:00:00,200.82
2008-11-30 00:00:00,152.38
2008-11-30 01:00:00,74.51
2008-11-30 02:00:00,17.52
2008-11-30 03:00:00,15.90
2008-11-30 04:00:00,18.21
2008-11-30 05:00:00,16.45
2008-11-30 06:00:00,17.60
2008-11-30 07:00:00,49.31
2008-11-30 08:00:00,91.12
2008-11-30 09:00:00,71.26
2008-11-30 10:00:00,57.27
2008-11-30 11:00:00,60.57
2008-11-30 12:00:00,70.53
2008-11-30 13:00:00,117.23
2008-11-30 14:00:00,115.10
2008-11-30 15:00:00,84.07
2008-11-30 16:00:00,70.97
2008-11-30 17:00:00,60.38
2008-11-30 18:00:00,220.98
2008-11-30 19:00:00,165.80
2008-11-30 20:00:00,355.83
2008-11-30 21:00:00,249.40
2008-11-30 22:00:00,149.14
2008-11-30 23:00:00,99.87
2008-12-01 00:00:00,23.39
2008-12-01 01:00:00,23.04
2008-12-01 02:00:00,20.18
2008-12-01 03:00:00,22.32
2008-12-01 04:00:00,19.82
2008-12-01 05:00:00,20.44
2008-12-01 06:00:00,51.14
2008-12-01 07:00:00,158.82
2008-12-01 08:00:00,101.48
2008-12-01 09:00:00,96.38
2008-12-01 10:00:00,95.45
2008-12-01 11:00:00,95.23
2008-12-01 12:00:00,93.01
2008-12-01 13:00:00,60.29
2008-12-01 14:00:00,29.60
2008-12-01 15:00:00,31.55
2008-12-01 16:00:00,51.77
2008-12-01 17:00:00,69.19
2008-12-01 18:00:00,88.43
2008-12-01 19:00:00,74.05
2008-12-01 20:00:00,176.52
2008-12-01 21:00:00,143.26
2008-12-01 22:00:00,43.38
2008-12-01 23:00:00,27.80
2008-12-02 00:00:00,21.52
2008-12-02 01:00:00,22.58
2008-12-02 02:00:00,20.96
2008-12-02 03:00:00,22.77
2008-12-02 04:00:00,21.19
2008-12-02 05:00:00,63.46
2008-12-02 06:00:00,53.75
2008-12-02 07:00:00,131.20
2008-12-02 08:00:00,147.34
2008-12-02 09:00:00,85.71
2008-12-02 10:00:00,97.67
2008-12-02 11:00:00,89.95
2008-12-02 12:00:00,99.22
2008-12-02 13:00:00,100.72
2008-12-02 14:00:00,93.97
2008-12-02 15:00:00,29.87
2008-12-02 16:00:00,39.70
2008-12-02 17:00:00,102.48
2008-12-02 18:00:00,122.43
2008-12-02 19:00:00,64.86
2008-12-02 20:00:00,129.83
2008-12-02 21:00:00,139.89
2008-12-02 22:00:00,64.76
2008-12-02 23:00:00,27.59
2008-12-03 00:00:00,19.49
2008-12-03 01:00:00,32.88
2008-12-03 02:00:00,47.34
2008-12-03 03:00:00,19.21
2008-12-03 04:00:00,20.86
2008-12-03 05:00:00,19.48
2008-12-03 06:00:00,74.60
2008-12-03 07:00:00,140.64
2008-12-03 08:00:00,160.87
2008-12-03 09:00:00,141.91
2008-12-03 10:00:00,84.56
2008-12-03 11:00:00,85.96
2008-12-03 12:00:00,54.87
2008-12-03 13:00:00,46.17
2008-12-03 14:00:00,95.10
2008-12-03 15:00:00,32.75
2008-12-03 16:00:00,43.86
2008-12-03 17:00:00,113.99
2008-12-03 18:00:00,168.50
2008-12-03 19:00:00,89.94
2008-12-03 20:00:00,79.71
2008-12-03 21:00:00,80.96
2008-12-03 22:00:00,79.34
2008-12-03 23:00:00,22.18
2008-12-04 00:00:00,19.70
2008-12-04 01:00:00,19.14
2008-12-04 02:00:00,22.07
2008-12-04 03:00:00,57.93
2008-12-04 04:00:00,21.16
2008-12-04 05:00:00,19.94
2008-12-04 06:00:00,38.09
2008-12-04 07:00:00,160.66
2008-12-04 08:00:00,137.36
2008-12-04 09:00:00,118.13
2008-12-04 10:00:00,116.73
2008-12-04 11:00:00,83.96
2008-12-04 12:00:00,87.72
2008-12-04 13:00:00,86.04
2008-12-04 14:00:00,61.74
2008-12-04 15:00:00,21.14
2008-12-04 16:00:00,19.65
2008-12-04 17:00:00,21.04
2008-12-04 18:00:00,58.23
2008-12-04 19:00:00,164.68
2008-12-04 20:00:00,132.96
2008-12-04 21:00:00,140.84
2008-12-04 22:00:00,77.18
2008-12-04 23:00:00,52.55
2008-12-05 00:00:00,53.64
2008-12-05 01:00:00,53.83
2008-12-05 02:00:00,45.80
2008-12-05 03:00:00,45.41
2008-12-05 04:00:00,18.96
2008-12-05 05:00:00,19.79
2008-12-05 06:00:00,66.56
2008-12-05 07:00:00,138.08
2008-12-05 08:00:00,132.84
2008-12-05 09:00:00,115.46
2008-12-05 10:00:00,85.45
2008-12-05 11:00:00,83.46
2008-12-05 12:00:00,19.00
2008-12-05 13:00:00,20.62
2008-12-05 14:00:00,32.76
2008-12-05 15:00:00,73.22
2008-12-05 16:00:00,146.09
2008-12-05 17:00:00,126.08
2008-12-05 18:00:00,169.90
2008-12-05 19:00:00,137.35
2008-12-05 20:00:00,156.99
2008-12-05 21:00:00,89.06
2008-12-05 22:00:00,131.61
2008-12-05 23:00:00,96.64
2008-12-06 00:00:00,55.71
2008-12-06 01:00:00,22.68
2008-12-06 02:00:00,15.30
2008-12-06 03:00:00,16.10
2008-12-06 04:00:00,24.80
2008-12-06 05:00:00,45.36
2008-12-06 06:00:00,29.41
2008-12-06 07:00:00,118.41
2008-12-06 08:00:00,167.30
2008-12-06 09:00:00,135.04
2008-12-06 10:00:00,253.73
2008-12-06 11:00:00,213.67
2008-12-06 12:00:00,177.79
2008-12-06 13:00:00,279.69
2008-12-06 14:00:00,94.68
2008-12-06 15:00:00,80.05
2008-12-06 16:00:00,77.27
2008-12-06 17:00:00,118.72
2008-12-06 18:00:00,150.77
2008-12-06 19:00:00,145.45
2008-12-06 20:00:00,78.62
2008-12-06 21:00:00,107.70
2008-12-06 22:00:00,55.83
2008-12-06 23:00:00,59.76
2008-12-07 00:00:00,92.90
2008-12-07 01:00:00,28.32
2008-12-07 02:00:00,21.11
2008-12-07 03:00:00,19.32
2008-12-07 04:00:00,17.74
2008-12-07 05:00:00,37.36
2008-12-07 06:00:00,38.45
2008-12-07 07:00:00,50.53
2008-12-07 08:00:00,69.97
2008-12-07 09:00:00,124.66
2008-12-07 10:00:00,109.22
2008-12-07 11:00:00,117.63
2008-12-07 12:00:00,203.19
2008-12-07 13:00:00,138.06
2008-12-07 14:00:00,136.33
2008-12-07 15:00:00,104.09
2008-12-07 16:00:00,103.19
2008-12-07 17:00:00,100.17
2008-12-07 18:00:00,201.05
2008-12-07 19:00:00,238.14
2008-12-07 20:00:00,180.49
2008-12-07 21:00:00,145.06
2008-12-07 22:00:00,95.74
2008-12-07 23:00:00,94.01
2008-12-08 00:00:00,91.08
2008-12-08 01:00:00,50.00
2008-12-08 02:00:00,28.76
2008-12-08 03:00:00,26.35
2008-12-08 04:00:00,26.33
2008-12-08 05:00:00,27.09
2008-12-08 06:00:00,95.22
2008-12-08 07:00:00,165.67
2008-12-08 08:00:00,176.08
2008-12-08 09:00:00,141.79
2008-12-08 10:00:00,85.55
2008-12-08 11:00:00,81.72
2008-12-08 12:00:00,83.09
2008-12-08 13:00:00,83.46
2008-12-08 14:00:00,83.36
2008-12-08 15:00:00,84.63
2008-12-08 16:00:00,33.05
2008-12-08 17:00:00,24.05
2008-12-08 18:00:00,68.68
2008-12-08 19:00:00,95.24
2008-12-08 20:00:00,142.88
2008-12-08 21:00:00,113.83
2008-12-08 22:00:00,40.05
2008-12-08 23:00:00,20.68
2008-12-09 00:00:00,15.74
2008-12-09 01:00:00,16.68
2008-12-09 02:00:00,49.89
2008-12-09 03:00:00,30.27
2008-12-09 04:00:00,17.81
2008-12-09 05:00:00,38.40
2008-12-09 06:00:00,46.00
2008-12-09 07:00:00,133.45
2008-12-09 08:00:00,131.99
2008-12-09 09:00:00,117.26
2008-12-09 10:00:00,128.31
2008-12-09 11:00:00,90.60
2008-12-09 12:00:00,83.13
2008-12-09 13:00:00,82.71
2008-12-09 14:00:00,83.69
2008-12-09 15:00:00,86.28
2008-12-09 16:00:00,59.38
2008-12-09 17:00:00,69.52
2008-12-09 18:00:00,144.26
2008-12-09 19:00:00,192.21
2008-12-09 20:00:00,239.85
2008-12-09 21:00:00,94.02
2008-12-09 22:00:00,34.00
2008-12-09 23:00:00,17.70
2008-12-10 00:00:00,16.17
2008-12-10 01:00:00,18.14
2008-12-10 02:00:00,16.96
2008-12-10 03:00:00,22.15
2008-12-10 04:00:00,52.51
2008-12-10 05:00:00,15.84
2008-12-10 06:00:00,48.17
2008-12-10 07:00:00,147.65
2008-12-10 08:00:00,190.43
2008-12-10 09:00:00,163.29
2008-12-10 10:00:00,115.13
2008-12-10 11:00:00,105.77
2008-12-10 12:00:00,103.70
2008-12-10 13:00:00,92.97
2008-12-10 14:00:00,118.69
2008-12-10 15:00:00,185.54
2008-12-10 16:00:00,106.24
2008-12-10 17:00:00,224.50
2008-12-10 18:00:00,119.60
2008-12-10 19:00:00,69.34
2008-12-10 20:00:00,102.16
2008-12-10 21:00:00,143.18
2008-12-10 22:00:00,37.79
2008-12-10 23:00:00,17.76
2008-12-11 00:00:00,16.90
2008-12-11 01:00:00,18.86
2008-12-11 02:00:00,15.74
2008-12-11 03:00:00,16.75
2008-12-11 04:00:00,17.10
2008-12-11 05:00:00,60.33
2008-12-11 06:00:00,97.31
2008-12-11 07:00:00,174.41
2008-12-11 08:00:00,95.49
2008-12-11 09:00:00,117.77
2008-12-11 10:00:00,83.19
2008-12-11 11:00:00,81.97
2008-12-11 12:00:00,26.48
2008-12-11 13:00:00,17.33
2008-12-11 14:00:00,16.74
2008-12-11 15:00:00,18.76
2008-12-11 16:00:00,16.71
2008-12-11 17:00:00,70.69
2008-12-11 18:00:00,83.07
2008-12-11 19:00:00,127.62
2008-12-11 20:00:00,138.13
2008-12-11 21:00:00,60.74
2008-12-11 22:00:00,34.81
2008-12-11 23:00:00,25.64
2008-12-12 00:00:00,24.92
2008-12-12 01:00:00,18.30
2008-12-12 02:00:00,17.13
2008-12-12 03:00:00,32.57
2008-12-12 04:00:00,48.60
2008-12-12 05:00:00,16.71
2008-12-12 06:00:00,77.14
2008-12-12 07:00:00,131.69
2008-12-12 08:00:00,104.30
2008-12-12 09:00:00,84.01
2008-12-12 10:00:00,79.54
2008-12-12 11:00:00,79.52
2008-12-12 12:00:00,80.97
2008-12-12 13:00:00,82.69
2008-12-12 14:00:00,51.57
2008-12-12 15:00:00,40.37
2008-12-12 16:00:00,42.66
2008-12-12 17:00:00,149.12
2008-12-12 18:00:00,135.54
2008-12-12 19:00:00,99.00
2008-12-12 20:00:00,179.81
2008-12-12 21:00:00,130.73
2008-12-12 22:00:00,90.27
2008-12-12 23:00:00,18.35
2008-12-13 00:00:00,16.13
2008-12-13 01:00:00,17.65
2008-12-13 02:00:00,15.99
2008-12-13 03:00:00,50.04
2008-12-13 04:00:00,18.12
2008-12-13 05:00:00,15.74
2008-12-13 06:00:00,24.09
2008-12-13 07:00:00,127.90
2008-12-13 08:00:00,128.27
2008-12-13 09:00:00,86.43
2008-12-13 10:00:00,104.56
2008-12-13 11:00:00,63.67
2008-12-13 12:00:00,52.10
2008-12-13 13:00:00,79.89
2008-12-13 14:00:00,83.07
2008-12-13 15:00:00,151.79
2008-12-13 16:00:00,240.66
2008-12-13 17:00:00,165.32
2008-12-13 18:00:00,79.74
2008-12-13 19:00:00,135.51
2008-12-13 20:00:00,88.36
2008-12-13 21:00:00,23.12
2008-12-13 22:00:00,27.48
2008-12-13 23:00:00,29.96
2008-12-14 00:00:00,21.58
2008-12-14 01:00:00,22.00
2008-12-14 02:00:00,29.32
2008-12-14 03:00:00,39.01
2008-12-14 04:00:00,21.40
2008-12-14 05:00:00,20.17
2008-12-14 06:00:00,19.69
2008-12-14 07:00:00,61.08
2008-12-14 08:00:00,172.29
2008-12-14 09:00:00,148.05
2008-12-14 10:00:00,58.72
2008-12-14 11:00:00,140.99
2008-12-14 12:00:00,204.50
2008-12-14 13:00:00,97.79
2008-12-14 14:00:00,108.23
2008-12-14 15:00:00,162.66
2008-12-14 16:00:00,49.04
2008-12-14 17:00:00,82.51
2008-12-14 18:00:00,86.25
2008-12-14 19:00:00,144.46
2008-12-14 20:00:00,140.32
2008-12-14 21:00:00,84.55
2008-12-14 22:00:00,50.98
2008-12-14 23:00:00,36.53
2008-12-15 00:00:00,19.50
2008-12-15 01:00:00,20.82
2008-12-15 02:00:00,20.05
2008-12-15 03:00:00,41.60
2008-12-15 04:00:00,32.25
2008-12-15 05:00:00,19.15
2008-12-15 06:00:00,49.33
2008-12-15 07:00:00,120.89
2008-12-15 08:00:00,145.88
2008-12-15 09:00:00,87.09
2008-12-15 10:00:00,85.72
2008-12-15 11:00:00,83.78
2008-12-15 12:00:00,83.88
2008-12-15 13:00:00,86.11
2008-12-15 14:00:00,81.47
2008-12-15 15:00:00,19.80
2008-12-15 16:00:00,22.38
2008-12-15 17:00:00,55.87
2008-12-15 18:00:00,159.26
2008-12-15 19:00:00,111.59
2008-12-15 20:00:00,130.53
2008-12-15 21:00:00,166.21
2008-12-15 22:00:00,94.75
2008-12-15 23:00:00,57.53
2008-12-16 00:00:00,22.90
2008-12-16 01:00:00,21.37
2008-12-16 02:00:00,19.83
2008-12-16 03:00:00,67.23
2008-12-16 04:00:00,21.31
2008-12-16 05:00:00,19.15
2008-12-16 06:00:00,37.29
2008-12-16 07:00:00,203.31
2008-12-16 08:00:00,147.07
2008-12-16 09:00:00,112.78
2008-12-16 10:00:00,86.64
2008-12-16 11:00:00,91.23
2008-12-16 12:00:00,95.48
2008-12-16 13:00:00,89.66
2008-12-16 14:00:00,107.61
2008-12-16 15:00:00,75.86
2008-12-16 16:00:00,28.03
2008-12-16 17:00:00,42.94
2008-12-16 18:00:00,50.39
2008-12-16 19:00:00,78.58
2008-12-16 20:00:00,173.18
2008-12-16 21:00:00,114.09
2008-12-16 22:00:00,65.01
2008-12-16 23:00:00,26.14
2008-12-17 00:00:00,61.01
2008-12-17 01:00:00,20.50
2008-12-17 02:00:00,19.83
2008-12-17 03:00:00,22.11
2008-12-17 04:00:00,19.52
2008-12-17 05:00:00,19.05
2008-12-17 06:00:00,49.72
2008-12-17 07:00:00,118.79
2008-12-17 08:00:00,159.45
2008-12-17 09:00:00,89.86
2008-12-17 10:00:00,117.61
2008-12-17 11:00:00,97.22
2008-12-17 12:00:00,102.45
2008-12-17 13:00:00,91.27
2008-12-17 14:00:00,35.71
2008-12-17 15:00:00,23.46
2008-12-17 16:00:00,47.94
2008-12-17 17:00:00,86.73
2008-12-17 18:00:00,187.74
2008-12-17 19:00:00,189.87
2008-12-17 20:00:00,177.79
2008-12-17 21:00:00,187.12
2008-12-17 22:00:00,117.80
2008-12-17 23:00:00,56.23
2008-12-18 00:00:00,19.19
2008-12-18 01:00:00,18.47
2008-12-18 02:00:00,18.84
2008-12-18 03:00:00,17.77
2008-12-18 04:00:00,20.27
2008-12-18 05:00:00,51.58
2008-12-18 06:00:00,85.78
2008-12-18 07:00:00,156.41
2008-12-18 08:00:00,155.40
2008-12-18 09:00:00,102.02
2008-12-18 10:00:00,82.28
2008-12-18 11:00:00,80.33
2008-12-18 12:00:00,80.03
2008-12-18 13:00:00,82.00
2008-12-18 14:00:00,82.91
2008-12-18 15:00:00,58.47
2008-12-18 16:00:00,17.76
2008-12-18 17:00:00,15.83
2008-12-18 18:00:00,33.42
2008-12-18 19:00:00,120.37
2008-12-18 20:00:00,158.67
2008-12-18 21:00:00,107.02
2008-12-18 22:00:00,98.29
2008-12-18 23:00:00,73.84
2008-12-19 00:00:00,66.91
2008-12-19 01:00:00,19.86
2008-12-19 02:00:00,21.03
2008-12-19 03:00:00,19.05
2008-12-19 04:00:00,19.00
2008-12-19 05:00:00,21.44
2008-12-19 06:00:00,52.03
2008-12-19 07:00:00,152.50
2008-12-19 08:00:00,98.98
2008-12-19 09:00:00,84.50
2008-12-19 10:00:00,84.29
2008-12-19 11:00:00,82.14
2008-12-19 12:00:00,82.88
2008-12-19 13:00:00,85.91
2008-12-19 14:00:00,46.63
2008-12-19 15:00:00,20.03
2008-12-19 16:00:00,40.94
2008-12-19 17:00:00,147.63
2008-12-19 18:00:00,159.72
2008-12-19 19:00:00,89.47
2008-12-19 20:00:00,175.68
2008-12-19 21:00:00,138.75
2008-12-19 22:00:00,143.14
2008-12-19 23:00:00,29.61
2008-12-20 00:00:00,18.37
2008-12-20 01:00:00,16.67
2008-12-20 02:00:00,18.35
2008-12-20 03:00:00,15.95
2008-12-20 04:00:00,16.63
2008-12-20 05:00:00,21.66
2008-12-20 06:00:00,55.04
2008-12-20 07:00:00,156.70
2008-12-20 08:00:00,158.47
2008-12-20 09:00:00,109.34
2008-12-20 10:00:00,109.05
2008-12-20 11:00:00,123.50
2008-12-20 12:00:00,86.82
2008-12-20 13:00:00,209.64
2008-12-20 14:00:00,132.35
2008-12-20 15:00:00,167.66
2008-12-20 16:00:00,102.55
2008-12-20 17:00:00,140.07
2008-12-20 18:00:00,124.67
2008-12-20 19:00:00,179.65
2008-12-20 20:00:00,89.58
2008-12-20 21:00:00,74.58
2008-12-20 22:00:00,25.64
2008-12-20 23:00:00,91.17
2008-12-21 00:00:00,161.56
2008-12-21 01:00:00,42.06
2008-12-21 02:00:00,18.40
2008-12-21 03:00:00,16.08
2008-12-21 04:00:00,18.59
2008-12-21 05:00:00,16.11
2008-12-21 06:00:00,16.71
2008-12-21 07:00:00,35.13
2008-12-21 08:00:00,172.66
2008-12-21 09:00:00,155.67
2008-12-21 10:00:00,143.96
2008-12-21 11:00:00,223.35
2008-12-21 12:00:00,100.84
2008-12-21 13:00:00,84.06
2008-12-21 14:00:00,83.09
2008-12-21 15:00:00,83.72
2008-12-21 16:00:00,204.47
2008-12-21 17:00:00,260.07
2008-12-21 18:00:00,214.47
2008-12-21 19:00:00,182.85
2008-12-21 20:00:00,148.20
2008-12-21 21:00:00,178.22
2008-12-21 22:00:00,49.27
2008-12-21 23:00:00,34.07
2008-12-22 00:00:00,19.22
2008-12-22 01:00:00,18.06
2008-12-22 02:00:00,20.36
2008-12-22 03:00:00,18.90
2008-12-22 04:00:00,68.10
2008-12-22 05:00:00,18.06
2008-12-22 06:00:00,39.33
2008-12-22 07:00:00,63.97
2008-12-22 08:00:00,99.46
2008-12-22 09:00:00,107.88
2008-12-22 10:00:00,107.11
2008-12-22 11:00:00,118.42
2008-12-22 12:00:00,122.04
2008-12-22 13:00:00,173.17
2008-12-22 14:00:00,92.24
2008-12-22 15:00:00,54.93
2008-12-22 16:00:00,111.56
2008-12-22 17:00:00,117.90
2008-12-22 18:00:00,57.69
2008-12-22 19:00:00,84.66
2008-12-22 20:00:00,112.26
2008-12-22 21:00:00,114.21
2008-12-22 22:00:00,103.27
2008-12-22 23:00:00,173.01
2008-12-23 00:00:00,113.61
2008-12-23 01:00:00,53.08
2008-12-23 02:00:00,48.70
2008-12-23 03:00:00,28.37
2008-12-23 04:00:00,18.28
2008-12-23 05:00:00,49.15
2008-12-23 06:00:00,69.48
2008-12-23 07:00:00,138.55
2008-12-23 08:00:00,94.17
2008-12-23 09:00:00,106.48
2008-12-23 10:00:00,50.16
2008-12-23 11:00:00,53.36
2008-12-23 12:00:00,58.12
2008-12-23 13:00:00,93.98
2008-12-23 14:00:00,173.01
2008-12-23 15:00:00,93.33
2008-12-23 16:00:00,50.23
2008-12-23 17:00:00,24.68
2008-12-23 18:00:00,54.41
2008-12-23 19:00:00,144.32
2008-12-23 20:00:00,183.04
2008-12-23 21:00:00,42.91
2008-12-23 22:00:00,39.10
2008-12-23 23:00:00,17.57
2008-12-24 00:00:00,16.73
2008-12-24 01:00:00,21.12
2008-12-24 02:00:00,16.57
2008-12-24 03:00:00,28.19
2008-12-24 04:00:00,36.64
2008-12-24 05:00:00,16.81
2008-12-24 06:00:00,43.13
2008-12-24 07:00:00,87.86
2008-12-24 08:00:00,83.43
2008-12-24 09:00:00,84.10
2008-12-24 10:00:00,88.50
2008-12-24 11:00:00,40.89
2008-12-24 12:00:00,92.68
2008-12-24 13:00:00,92.65
2008-12-24 14:00:00,39.99
2008-12-24 15:00:00,27.09
2008-12-24 16:00:00,102.98
2008-12-24 17:00:00,128.73
2008-12-24 18:00:00,86.57
2008-12-24 19:00:00,25.67
2008-12-24 20:00:00,27.95
2008-12-24 21:00:00,26.66
2008-12-24 22:00:00,26.22
2008-12-24 23:00:00,28.47
2008-12-25 00:00:00,110.55
2008-12-25 01:00:00,52.43
2008-12-25 02:00:00,16.07
2008-12-25 03:00:00,16.27
2008-12-25 04:00:00,17.50
2008-12-25 05:00:00,15.21
2008-12-25 06:00:00,16.95
2008-12-25 07:00:00,54.92
2008-12-25 08:00:00,76.80
2008-12-25 09:00:00,95.58
2008-12-25 10:00:00,84.87
2008-12-25 11:00:00,41.39
2008-12-25 12:00:00,25.66
2008-12-25 13:00:00,30.85
2008-12-25 14:00:00,19.66
2008-12-25 15:00:00,22.48
2008-12-25 16:00:00,24.15
2008-12-25 17:00:00,33.88
2008-12-25 18:00:00,49.19
2008-12-25 19:00:00,77.42
2008-12-25 20:00:00,84.77
2008-12-25 21:00:00,39.27
2008-12-25 22:00:00,31.74
2008-12-25 23:00:00,23.48
2008-12-26 00:00:00,17.60
2008-12-26 01:00:00,16.29
2008-12-26 02:00:00,34.67
2008-12-26 03:00:00,39.99
2008-12-26 04:00:00,16.10
2008-12-26 05:00:00,16.84
2008-12-26 06:00:00,17.13
2008-12-26 07:00:00,15.98
2008-12-26 08:00:00,60.65
2008-12-26 09:00:00,88.95
2008-12-26 10:00:00,82.40
2008-12-26 11:00:00,52.88
2008-12-26 12:00:00,39.32
2008-12-26 13:00:00,35.36
2008-12-26 14:00:00,134.91
2008-12-26 15:00:00,113.53
2008-12-26 16:00:00,56.80
2008-12-26 17:00:00,110.05
2008-12-26 18:00:00,49.84
2008-12-26 19:00:00,45.32
2008-12-26 20:00:00,20.94
2008-12-26 21:00:00,33.92
2008-12-26 22:00:00,41.23
2008-12-26 23:00:00,83.04
2008-12-27 00:00:00,98.79
2008-12-27 01:00:00,164.49
2008-12-27 02:00:00,155.45
2008-12-27 03:00:00,155.03
2008-12-27 04:00:00,154.70
2008-12-27 05:00:00,150.24
2008-12-27 06:00:00,90.61
2008-12-27 07:00:00,85.39
2008-12-27 08:00:00,84.84
2008-12-27 09:00:00,83.50
2008-12-27 10:00:00,100.20
2008-12-27 11:00:00,147.24
2008-12-27 12:00:00,146.65
2008-12-27 13:00:00,95.71
2008-12-27 14:00:00,81.96
2008-12-27 15:00:00,81.57
2008-12-27 16:00:00,83.61
2008-12-27 17:00:00,79.95
2008-12-27 18:00:00,107.89
2008-12-27 19:00:00,122.15
2008-12-27 20:00:00,183.72
2008-12-27 21:00:00,161.00
2008-12-27 22:00:00,209.88
2008-12-27 23:00:00,147.61
2008-12-28 00:00:00,110.23
2008-12-28 01:00:00,107.03
2008-12-28 02:00:00,133.17
2008-12-28 03:00:00,111.85
2008-12-28 04:00:00,104.51
2008-12-28 05:00:00,134.72
2008-12-28 06:00:00,110.78
2008-12-28 07:00:00,82.56
2008-12-28 08:00:00,68.55
2008-12-28 09:00:00,18.46
2008-12-28 10:00:00,33.28
2008-12-28 11:00:00,48.86
2008-12-28 12:00:00,71.30
2008-12-28 13:00:00,91.41
2008-12-28 14:00:00,86.05
2008-12-28 15:00:00,83.76
2008-12-28 16:00:00,31.16
2008-12-28 17:00:00,17.54
2008-12-28 18:00:00,30.88
2008-12-28 19:00:00,16.74
2008-12-28 20:00:00,15.53
2008-12-28 21:00:00,17.04
2008-12-28 22:00:00,15.58
2008-12-28 23:00:00,29.68
2008-12-29 00:00:00,51.05
2008-12-29 01:00:00,16.97
2008-12-29 02:00:00,16.34
2008-12-29 03:00:00,16.51
2008-12-29 04:00:00,17.52
2008-12-29 05:00:00,15.25
2008-12-29 06:00:00,15.47
2008-12-29 07:00:00,15.86
2008-12-29 08:00:00,23.86
2008-12-29 09:00:00,65.04
2008-12-29 10:00:00,15.69
2008-12-29 11:00:00,16.11
2008-12-29 12:00:00,18.31
2008-12-29 13:00:00,15.27
2008-12-29 14:00:00,15.43
2008-12-29 15:00:00,17.34
2008-12-29 16:00:00,16.17
2008-12-29 17:00:00,15.22
2008-12-29 18:00:00,71.90
2008-12-29 19:00:00,35.09
2008-12-29 20:00:00,16.17
2008-12-29 21:00:00,15.53
2008-12-29 22:00:00,17.47
2008-12-29 23:00:00,15.71
2008-12-30 00:00:00,16.38
2008-12-30 01:00:00,17.56
2008-12-30 02:00:00,16.14
2008-12-30 03:00:00,15.98
2008-12-30 04:00:00,77.63
2008-12-30 05:00:00,16.07
2008-12-30 06:00:00,15.76
2008-12-30 07:00:00,17.01
2008-12-30 08:00:00,16.70
2008-12-30 09:00:00,15.52
2008-12-30 10:00:00,38.46
2008-12-30 11:00:00,16.28
2008-12-30 12:00:00,40.53
2008-12-30 13:00:00,63.70
2008-12-30 14:00:00,66.38
2008-12-30 15:00:00,92.93
2008-12-30 16:00:00,124.80
2008-12-30 17:00:00,154.27
2008-12-30 18:00:00,85.86
2008-12-30 19:00:00,87.76
2008-12-30 20:00:00,86.98
2008-12-30 21:00:00,39.74
2008-12-30 22:00:00,43.65
2008-12-30 23:00:00,29.16
2008-12-31 00:00:00,16.05
2008-12-31 01:00:00,15.04
2008-12-31 02:00:00,17.45
2008-12-31 03:00:00,15.84
2008-12-31 04:00:00,49.11
2008-12-31 05:00:00,26.68
2008-12-31 06:00:00,15.76
2008-12-31 07:00:00,65.01
2008-12-31 08:00:00,126.82
2008-12-31 09:00:00,95.78
2008-12-31 10:00:00,57.07
2008-12-31 11:00:00,50.79
2008-12-31 12:00:00,117.46
2008-12-31 13:00:00,107.94
2008-12-31 14:00:00,137.53
2008-12-31 15:00:00,99.39
2008-12-31 16:00:00,93.77
2008-12-31 17:00:00,93.23
2008-12-31 18:00:00,104.72
2008-12-31 19:00:00,189.18
2008-12-31 20:00:00,250.74
2008-12-31 21:00:00,121.52
2008-12-31 22:00:00,62.78
2008-12-31 23:00:00,34.53
2009-01-01 00:00:00,32.10
2009-01-01 01:00:00,32.43
2009-01-01 02:00:00,34.52
2009-01-01 03:00:00,31.59
2009-01-01 04:00:00,31.31
2009-01-01 05:00:00,33.92
2009-01-01 06:00:00,85.59
2009-01-01 07:00:00,36.12
2009-01-01 08:00:00,32.85
2009-01-01 09:00:00,31.50
2009-01-01 10:00:00,76.22
2009-01-01 11:00:00,23.63
2009-01-01 12:00:00,16.68
2009-01-01 13:00:00,17.64
2009-01-01 14:00:00,17.22
2009-01-01 15:00:00,16.79
2009-01-01 16:00:00,76.65
2009-01-01 17:00:00,15.94
2009-01-01 18:00:00,55.49
2009-01-01 19:00:00,104.61
2009-01-01 20:00:00,207.53
2009-01-01 21:00:00,126.75
2009-01-01 22:00:00,96.66
2009-01-01 23:00:00,172.95
2009-01-02 00:00:00,144.04
2009-01-02 01:00:00,25.90
2009-01-02 02:00:00,19.37
2009-01-02 03:00:00,17.46
2009-01-02 04:00:00,26.63
2009-01-02 05:00:00,57.44
2009-01-02 06:00:00,18.24
2009-01-02 07:00:00,17.45
2009-01-02 08:00:00,61.65
2009-01-02 09:00:00,75.57
2009-01-02 10:00:00,202.12
2009-01-02 11:00:00,187.75
2009-01-02 12:00:00,82.72
2009-01-02 13:00:00,81.86
2009-01-02 14:00:00,106.93
2009-01-02 15:00:00,146.51
2009-01-02 16:00:00,140.96
2009-01-02 17:00:00,185.53
2009-01-02 18:00:00,243.89
2009-01-02 19:00:00,164.26
2009-01-02 20:00:00,84.76
2009-01-02 21:00:00,84.44
2009-01-02 22:00:00,110.89
2009-01-02 23:00:00,41.13
2009-01-03 00:00:00,17.29
2009-01-03 01:00:00,17.80
2009-01-03 02:00:00,17.24
2009-01-03 03:00:00,18.19
2009-01-03 04:00:00,19.80
2009-01-03 05:00:00,18.28
2009-01-03 06:00:00,46.93
2009-01-03 07:00:00,19.69
2009-01-03 08:00:00,142.13
2009-01-03 09:00:00,107.38
2009-01-03 10:00:00,126.79
2009-01-03 11:00:00,224.57
2009-01-03 12:00:00,142.44
2009-01-03 13:00:00,73.67
2009-01-03 14:00:00,97.96
2009-01-03 15:00:00,54.29
2009-01-03 16:00:00,43.90
2009-01-03 17:00:00,42.03
2009-01-03 18:00:00,94.69
2009-01-03 19:00:00,181.46
2009-01-03 20:00:00,141.53
2009-01-03 21:00:00,103.12
2009-01-03 22:00:00,81.59
2009-01-03 23:00:00,80.72
2009-01-04 00:00:00,27.52
2009-01-04 01:00:00,26.97
2009-01-04 02:00:00,27.77
2009-01-04 03:00:00,29.29
2009-01-04 04:00:00,28.38
2009-01-04 05:00:00,58.44
2009-01-04 06:00:00,27.23
2009-01-04 07:00:00,26.32
2009-01-04 08:00:00,52.07
2009-01-04 09:00:00,35.30
2009-01-04 10:00:00,50.08
2009-01-04 11:00:00,23.72
2009-01-04 12:00:00,118.40
2009-01-04 13:00:00,47.65
2009-01-04 14:00:00,175.28
2009-01-04 15:00:00,113.42
2009-01-04 16:00:00,131.07
2009-01-04 17:00:00,130.12
2009-01-04 18:00:00,153.40
2009-01-04 19:00:00,226.59
2009-01-04 20:00:00,192.17
2009-01-04 21:00:00,183.58
2009-01-04 22:00:00,32.59
2009-01-04 23:00:00,22.63
2009-01-05 00:00:00,21.48
2009-01-05 01:00:00,24.74
2009-01-05 02:00:00,20.68
2009-01-05 03:00:00,20.81
2009-01-05 04:00:00,56.15
2009-01-05 05:00:00,20.43
2009-01-05 06:00:00,72.04
2009-01-05 07:00:00,141.93
2009-01-05 08:00:00,119.58
2009-01-05 09:00:00,86.63
2009-01-05 10:00:00,84.20
2009-01-05 11:00:00,88.30
2009-01-05 12:00:00,53.96
2009-01-05 13:00:00,19.70
2009-01-05 14:00:00,20.57
2009-01-05 15:00:00,21.12
2009-01-05 16:00:00,23.02
2009-01-05 17:00:00,31.79
2009-01-05 18:00:00,108.69
2009-01-05 19:00:00,150.81
2009-01-05 20:00:00,224.76
2009-01-05 21:00:00,139.04
2009-01-05 22:00:00,32.28
2009-01-05 23:00:00,21.26
2009-01-06 00:00:00,19.81
2009-01-06 01:00:00,18.98
2009-01-06 02:00:00,60.37
2009-01-06 03:00:00,22.66
2009-01-06 04:00:00,19.50
2009-01-06 05:00:00,19.06
2009-01-06 06:00:00,86.68
2009-01-06 07:00:00,145.34
2009-01-06 08:00:00,110.11
2009-01-06 09:00:00,105.59
2009-01-06 10:00:00,105.63
2009-01-06 11:00:00,89.78
2009-01-06 12:00:00,84.86
2009-01-06 13:00:00,88.68
2009-01-06 14:00:00,88.19
2009-01-06 15:00:00,72.12
2009-01-06 16:00:00,20.33
2009-01-06 17:00:00,55.79
2009-01-06 18:00:00,88.60
2009-01-06 19:00:00,151.72
2009-01-06 20:00:00,103.65
2009-01-06 21:00:00,43.59
2009-01-06 22:00:00,26.94
2009-01-06 23:00:00,61.87
2009-01-07 00:00:00,24.47
2009-01-07 01:00:00,20.55
2009-01-07 02:00:00,21.12
2009-01-07 03:00:00,20.75
2009-01-07 04:00:00,20.10
2009-01-07 05:00:00,20.03
2009-01-07 06:00:00,72.11
2009-01-07 07:00:00,139.13
2009-01-07 08:00:00,85.95
2009-01-07 09:00:00,84.66
2009-01-07 10:00:00,88.47
2009-01-07 11:00:00,114.86
2009-01-07 12:00:00,106.50
2009-01-07 13:00:00,140.88
2009-01-07 14:00:00,220.51
2009-01-07 15:00:00,82.87
2009-01-07 16:00:00,44.92
2009-01-07 17:00:00,69.03
2009-01-07 18:00:00,126.65
2009-01-07 19:00:00,208.34
2009-01-07 20:00:00,194.33
2009-01-07 21:00:00,91.28
2009-01-07 22:00:00,46.89
2009-01-07 23:00:00,35.86
2009-01-08 00:00:00,19.73
2009-01-08 01:00:00,19.87
2009-01-08 02:00:00,22.07
2009-01-08 03:00:00,19.41
2009-01-08 04:00:00,57.24
2009-01-08 05:00:00,26.44
2009-01-08 06:00:00,41.06
2009-01-08 07:00:00,142.39
2009-01-08 08:00:00,96.86
2009-01-08 09:00:00,119.38
2009-01-08 10:00:00,83.55
2009-01-08 11:00:00,83.83
2009-01-08 12:00:00,84.32
2009-01-08 13:00:00,89.29
2009-01-08 14:00:00,34.34
2009-01-08 15:00:00,19.10
2009-01-08 16:00:00,18.88
2009-01-08 17:00:00,18.47
2009-01-08 18:00:00,136.78
2009-01-08 19:00:00,150.96
2009-01-08 20:00:00,186.79
2009-01-08 21:00:00,96.56
2009-01-08 22:00:00,41.52
2009-01-08 23:00:00,24.45
2009-01-09 00:00:00,21.06
2009-01-09 01:00:00,19.24
2009-01-09 02:00:00,19.04
2009-01-09 03:00:00,18.90
2009-01-09 04:00:00,64.11
2009-01-09 05:00:00,22.34
2009-01-09 06:00:00,106.38
2009-01-09 07:00:00,146.89
2009-01-09 08:00:00,94.33
2009-01-09 09:00:00,101.88
2009-01-09 10:00:00,91.95
2009-01-09 11:00:00,86.93
2009-01-09 12:00:00,27.46
2009-01-09 13:00:00,32.08
2009-01-09 14:00:00,42.77
2009-01-09 15:00:00,35.63
2009-01-09 16:00:00,29.75
2009-01-09 17:00:00,125.50
2009-01-09 18:00:00,187.16
2009-01-09 19:00:00,155.24
2009-01-09 20:00:00,107.74
2009-01-09 21:00:00,127.49
2009-01-09 22:00:00,109.60
2009-01-09 23:00:00,15.24
2009-01-10 00:00:00,15.16
2009-01-10 01:00:00,16.42
2009-01-10 02:00:00,16.51
2009-01-10 03:00:00,17.52
2009-01-10 04:00:00,16.56
2009-01-10 05:00:00,15.65
2009-01-10 06:00:00,65.88
2009-01-10 07:00:00,160.02
2009-01-10 08:00:00,112.65
2009-01-10 09:00:00,83.36
2009-01-10 10:00:00,81.99
2009-01-10 11:00:00,37.93
2009-01-10 12:00:00,33.21
2009-01-10 13:00:00,77.69
2009-01-10 14:00:00,70.88
2009-01-10 15:00:00,30.06
2009-01-10 16:00:00,124.26
2009-01-10 17:00:00,226.11
2009-01-10 18:00:00,235.35
2009-01-10 19:00:00,227.68
2009-01-10 20:00:00,185.40
2009-01-10 21:00:00,72.74
2009-01-10 22:00:00,25.89
2009-01-10 23:00:00,154.01
2009-01-11 00:00:00,22.64
2009-01-11 01:00:00,20.56
2009-01-11 02:00:00,17.59
2009-01-11 03:00:00,17.92
2009-01-11 04:00:00,19.63
2009-01-11 05:00:00,20.68
2009-01-11 06:00:00,18.33
2009-01-11 07:00:00,50.23
2009-01-11 08:00:00,42.72
2009-01-11 09:00:00,41.12
2009-01-11 10:00:00,77.45
2009-01-11 11:00:00,73.52
2009-01-11 12:00:00,133.17
2009-01-11 13:00:00,243.17
2009-01-11 14:00:00,64.97
2009-01-11 15:00:00,29.97
2009-01-11 16:00:00,28.66
2009-01-11 17:00:00,86.58
2009-01-11 18:00:00,186.57
2009-01-11 19:00:00,228.37
2009-01-11 20:00:00,119.98
2009-01-11 21:00:00,210.24
2009-01-11 22:00:00,162.81
2009-01-11 23:00:00,59.09
2009-01-12 00:00:00,18.76
2009-01-12 01:00:00,15.26
2009-01-12 02:00:00,16.23
2009-01-12 03:00:00,15.69
2009-01-12 04:00:00,50.20
2009-01-12 05:00:00,18.58
2009-01-12 06:00:00,44.54
2009-01-12 07:00:00,132.61
2009-01-12 08:00:00,89.04
2009-01-12 09:00:00,80.71
2009-01-12 10:00:00,84.73
2009-01-12 11:00:00,80.17
2009-01-12 12:00:00,81.42
2009-01-12 13:00:00,81.37
2009-01-12 14:00:00,83.47
2009-01-12 15:00:00,87.85
2009-01-12 16:00:00,66.03
2009-01-12 17:00:00,52.08
2009-01-12 18:00:00,66.38
2009-01-12 19:00:00,91.83
2009-01-12 20:00:00,102.10
2009-01-12 21:00:00,162.09
2009-01-12 22:00:00,45.44
2009-01-12 23:00:00,22.69
2009-01-13 00:00:00,19.06
2009-01-13 01:00:00,23.35
2009-01-13 02:00:00,18.78
2009-01-13 03:00:00,59.80
2009-01-13 04:00:00,20.34
2009-01-13 05:00:00,18.50
2009-01-13 06:00:00,109.29
2009-01-13 07:00:00,142.39
2009-01-13 08:00:00,170.17
2009-01-13 09:00:00,134.83
2009-01-13 10:00:00,88.23
2009-01-13 11:00:00,92.93
2009-01-13 12:00:00,99.86
2009-01-13 13:00:00,86.50
2009-01-13 14:00:00,86.72
2009-01-13 15:00:00,88.51
2009-01-13 16:00:00,80.15
2009-01-13 17:00:00,48.50
2009-01-13 18:00:00,122.02
2009-01-13 19:00:00,98.01
2009-01-13 20:00:00,157.11
2009-01-13 21:00:00,163.50
2009-01-13 22:00:00,160.16
2009-01-13 23:00:00,93.90
2009-01-14 00:00:00,26.04
2009-01-14 01:00:00,20.19
2009-01-14 02:00:00,17.94
2009-01-14 03:00:00,17.82
2009-01-14 04:00:00,17.77
2009-01-14 05:00:00,17.31
2009-01-14 06:00:00,60.31
2009-01-14 07:00:00,138.90
2009-01-14 08:00:00,132.76
2009-01-14 09:00:00,140.04
2009-01-14 10:00:00,106.21
2009-01-14 11:00:00,112.32
2009-01-14 12:00:00,107.36
2009-01-14 13:00:00,76.84
2009-01-14 14:00:00,16.01
2009-01-14 15:00:00,20.30
2009-01-14 16:00:00,25.54
2009-01-14 17:00:00,47.47
2009-01-14 18:00:00,77.58
2009-01-14 19:00:00,113.56
2009-01-14 20:00:00,164.53
2009-01-14 21:00:00,199.60
2009-01-14 22:00:00,109.60
2009-01-14 23:00:00,15.81
2009-01-15 00:00:00,19.57
2009-01-15 01:00:00,16.50
2009-01-15 02:00:00,16.23
2009-01-15 03:00:00,15.95
2009-01-15 04:00:00,50.78
2009-01-15 05:00:00,19.18
2009-01-15 06:00:00,39.95
2009-01-15 07:00:00,127.01
2009-01-15 08:00:00,97.56
2009-01-15 09:00:00,82.72
2009-01-15 10:00:00,80.16
2009-01-15 11:00:00,78.04
2009-01-15 12:00:00,79.38
2009-01-15 13:00:00,62.82
2009-01-15 14:00:00,20.59
2009-01-15 15:00:00,16.33
2009-01-15 16:00:00,15.28
2009-01-15 17:00:00,24.57
2009-01-15 18:00:00,67.11
2009-01-15 19:00:00,170.98
2009-01-15 20:00:00,201.84
2009-01-15 21:00:00,153.38
2009-01-15 22:00:00,80.72
2009-01-15 23:00:00,27.44
2009-01-16 00:00:00,22.72
2009-01-16 01:00:00,19.83
2009-01-16 02:00:00,18.68
2009-01-16 03:00:00,60.02
2009-01-16 04:00:00,20.49
2009-01-16 05:00:00,18.31
2009-01-16 06:00:00,86.23
2009-01-16 07:00:00,145.83
2009-01-16 08:00:00,99.67
2009-01-16 09:00:00,83.43
2009-01-16 10:00:00,82.94
2009-01-16 11:00:00,62.25
2009-01-16 12:00:00,21.45
2009-01-16 13:00:00,20.79
2009-01-16 14:00:00,67.34
2009-01-16 15:00:00,128.94
2009-01-16 16:00:00,145.75
2009-01-16 17:00:00,249.08
2009-01-16 18:00:00,191.45
2009-01-16 19:00:00,297.49
2009-01-16 20:00:00,391.18
2009-01-16 21:00:00,204.11
2009-01-16 22:00:00,158.91
2009-01-16 23:00:00,169.68
2009-01-17 00:00:00,133.47
2009-01-17 01:00:00,85.76
2009-01-17 02:00:00,85.31
2009-01-17 03:00:00,87.16
2009-01-17 04:00:00,86.20
2009-01-17 05:00:00,107.20
2009-01-17 06:00:00,104.13
2009-01-17 07:00:00,202.64
2009-01-17 08:00:00,191.43
2009-01-17 09:00:00,187.45
2009-01-17 10:00:00,135.86
2009-01-17 11:00:00,90.99
2009-01-17 12:00:00,118.34
2009-01-17 13:00:00,127.44
2009-01-17 14:00:00,100.05
2009-01-17 15:00:00,60.95
2009-01-17 16:00:00,179.44
2009-01-17 17:00:00,201.30
2009-01-17 18:00:00,179.09
2009-01-17 19:00:00,206.35
2009-01-17 20:00:00,153.03
2009-01-17 21:00:00,219.95
2009-01-17 22:00:00,144.20
2009-01-17 23:00:00,130.05
2009-01-18 00:00:00,69.90
2009-01-18 01:00:00,19.82
2009-01-18 02:00:00,16.25
2009-01-18 03:00:00,15.59
2009-01-18 04:00:00,17.85
2009-01-18 05:00:00,18.25
2009-01-18 06:00:00,16.55
2009-01-18 07:00:00,52.29
2009-01-18 08:00:00,105.59
2009-01-18 09:00:00,180.67
2009-01-18 10:00:00,114.24
2009-01-18 11:00:00,212.01
2009-01-18 12:00:00,171.63
2009-01-18 13:00:00,131.09
2009-01-18 14:00:00,223.01
2009-01-18 15:00:00,252.61
2009-01-18 16:00:00,153.38
2009-01-18 17:00:00,131.22
2009-01-18 18:00:00,212.83
2009-01-18 19:00:00,274.38
2009-01-18 20:00:00,216.41
2009-01-18 21:00:00,291.64
2009-01-18 22:00:00,161.63
2009-01-18 23:00:00,95.34
2009-01-19 00:00:00,53.19
2009-01-19 01:00:00,17.21
2009-01-19 02:00:00,17.83
2009-01-19 03:00:00,20.49
2009-01-19 04:00:00,18.04
2009-01-19 05:00:00,18.90
2009-01-19 06:00:00,61.30
2009-01-19 07:00:00,168.52
2009-01-19 08:00:00,148.11
2009-01-19 09:00:00,81.44
2009-01-19 10:00:00,83.55
2009-01-19 11:00:00,81.86
2009-01-19 12:00:00,81.54
2009-01-19 13:00:00,83.71
2009-01-19 14:00:00,58.20
2009-01-19 15:00:00,17.76
2009-01-19 16:00:00,16.87
2009-01-19 17:00:00,22.73
2009-01-19 18:00:00,55.05
2009-01-19 19:00:00,106.82
2009-01-19 20:00:00,216.64
2009-01-19 21:00:00,158.94
2009-01-19 22:00:00,89.17
2009-01-19 23:00:00,22.01
2009-01-20 00:00:00,18.43
2009-01-20 01:00:00,16.99
2009-01-20 02:00:00,16.99
2009-01-20 03:00:00,15.62
2009-01-20 04:00:00,62.65
2009-01-20 05:00:00,15.73
2009-01-20 06:00:00,89.33
2009-01-20 07:00:00,143.85
2009-01-20 08:00:00,116.20
2009-01-20 09:00:00,90.97
2009-01-20 10:00:00,101.57
2009-01-20 11:00:00,87.28
2009-01-20 12:00:00,106.10
2009-01-20 13:00:00,91.20
2009-01-20 14:00:00,81.30
2009-01-20 15:00:00,84.63
2009-01-20 16:00:00,83.73
2009-01-20 17:00:00,80.26
2009-01-20 18:00:00,35.02
2009-01-20 19:00:00,63.42
2009-01-20 20:00:00,105.50
2009-01-20 21:00:00,97.71
2009-01-20 22:00:00,91.00
2009-01-20 23:00:00,42.56
2009-01-21 00:00:00,19.45
2009-01-21 01:00:00,18.84
2009-01-21 02:00:00,16.06
2009-01-21 03:00:00,15.41
2009-01-21 04:00:00,17.37
2009-01-21 05:00:00,15.38
2009-01-21 06:00:00,118.32
2009-01-21 07:00:00,166.97
2009-01-21 08:00:00,144.63
2009-01-21 09:00:00,104.84
2009-01-21 10:00:00,79.19
2009-01-21 11:00:00,81.81
2009-01-21 12:00:00,94.99
2009-01-21 13:00:00,92.65
2009-01-21 14:00:00,45.36
2009-01-21 15:00:00,18.71
2009-01-21 16:00:00,63.99
2009-01-21 17:00:00,62.45
2009-01-21 18:00:00,100.40
2009-01-21 19:00:00,52.26
2009-01-21 20:00:00,104.35
2009-01-21 21:00:00,214.81
2009-01-21 22:00:00,67.70
2009-01-21 23:00:00,23.50
2009-01-22 00:00:00,21.69
2009-01-22 01:00:00,20.70
2009-01-22 02:00:00,19.50
2009-01-22 03:00:00,21.09
2009-01-22 04:00:00,66.53
2009-01-22 05:00:00,20.27
2009-01-22 06:00:00,39.44
2009-01-22 07:00:00,122.22
2009-01-22 08:00:00,142.16
2009-01-22 09:00:00,82.92
2009-01-22 10:00:00,82.44
2009-01-22 11:00:00,90.66
2009-01-22 12:00:00,86.50
2009-01-22 13:00:00,21.83
2009-01-22 14:00:00,18.87
2009-01-22 15:00:00,23.52
2009-01-22 16:00:00,36.31
2009-01-22 17:00:00,22.72
2009-01-22 18:00:00,60.19
2009-01-22 19:00:00,41.59
2009-01-22 20:00:00,23.08
2009-01-22 21:00:00,94.72
2009-01-22 22:00:00,58.82
2009-01-22 23:00:00,19.60
2009-01-23 00:00:00,21.36
2009-01-23 01:00:00,18.84
2009-01-23 02:00:00,19.78
2009-01-23 03:00:00,19.92
2009-01-23 04:00:00,19.47
2009-01-23 05:00:00,21.33
2009-01-23 06:00:00,86.82
2009-01-23 07:00:00,144.33
2009-01-23 08:00:00,121.64
2009-01-23 09:00:00,115.49
2009-01-23 10:00:00,105.52
2009-01-23 11:00:00,95.57
2009-01-23 12:00:00,102.22
2009-01-23 13:00:00,118.43
2009-01-23 14:00:00,143.75
2009-01-23 15:00:00,95.32
2009-01-23 16:00:00,39.16
2009-01-23 17:00:00,77.95
2009-01-23 18:00:00,160.92
2009-01-23 19:00:00,131.86
2009-01-23 20:00:00,86.80
2009-01-23 21:00:00,42.46
2009-01-23 22:00:00,41.82
2009-01-23 23:00:00,79.77
2009-01-24 00:00:00,21.39
2009-01-24 01:00:00,19.82
2009-01-24 02:00:00,20.61
2009-01-24 03:00:00,19.92
2009-01-24 04:00:00,19.08
2009-01-24 05:00:00,20.85
2009-01-24 06:00:00,19.61
2009-01-24 07:00:00,91.38
2009-01-24 08:00:00,165.99
2009-01-24 09:00:00,99.67
2009-01-24 10:00:00,111.70
2009-01-24 11:00:00,304.40
2009-01-24 12:00:00,213.79
2009-01-24 13:00:00,174.96
2009-01-24 14:00:00,51.15
2009-01-24 15:00:00,18.82
2009-01-24 16:00:00,22.12
2009-01-24 17:00:00,63.91
2009-01-24 18:00:00,149.79
2009-01-24 19:00:00,120.91
2009-01-24 20:00:00,188.31
2009-01-24 21:00:00,95.67
2009-01-24 22:00:00,85.28
2009-01-24 23:00:00,101.62
2009-01-25 00:00:00,181.10
2009-01-25 01:00:00,120.06
2009-01-25 02:00:00,84.57
2009-01-25 03:00:00,81.30
2009-01-25 04:00:00,82.94
2009-01-25 05:00:00,82.80
2009-01-25 06:00:00,80.72
2009-01-25 07:00:00,105.68
2009-01-25 08:00:00,132.57
2009-01-25 09:00:00,97.73
2009-01-25 10:00:00,89.84
2009-01-25 11:00:00,75.60
2009-01-25 12:00:00,204.47
2009-01-25 13:00:00,259.83
2009-01-25 14:00:00,154.42
2009-01-25 15:00:00,190.96
2009-01-25 16:00:00,133.68
2009-01-25 17:00:00,143.97
2009-01-25 18:00:00,128.99
2009-01-25 19:00:00,165.03
2009-01-25 20:00:00,75.32
2009-01-25 21:00:00,72.05
2009-01-25 22:00:00,31.67
2009-01-25 23:00:00,68.39
2009-01-26 00:00:00,23.81
2009-01-26 01:00:00,16.58
2009-01-26 02:00:00,18.48
2009-01-26 03:00:00,15.50
2009-01-26 04:00:00,15.52
2009-01-26 05:00:00,17.58
2009-01-26 06:00:00,49.57
2009-01-26 07:00:00,140.39
2009-01-26 08:00:00,95.07
2009-01-26 09:00:00,87.35
2009-01-26 10:00:00,70.31
2009-01-26 11:00:00,22.17
2009-01-26 12:00:00,104.99
2009-01-26 13:00:00,116.14
2009-01-26 14:00:00,106.93
2009-01-26 15:00:00,112.97
2009-01-26 16:00:00,64.51
2009-01-26 17:00:00,53.45
2009-01-26 18:00:00,41.97
2009-01-26 19:00:00,143.33
2009-01-26 20:00:00,113.29
2009-01-26 21:00:00,145.47
2009-01-26 22:00:00,51.99
2009-01-26 23:00:00,47.10
2009-01-27 00:00:00,25.34
2009-01-27 01:00:00,22.72
2009-01-27 02:00:00,24.89
2009-01-27 03:00:00,21.43
2009-01-27 04:00:00,22.50
2009-01-27 05:00:00,60.95
2009-01-27 06:00:00,44.52
2009-01-27 07:00:00,121.80
2009-01-27 08:00:00,104.76
2009-01-27 09:00:00,106.06
2009-01-27 10:00:00,95.22
2009-01-27 11:00:00,77.27
2009-01-27 12:00:00,37.11
2009-01-27 13:00:00,55.19
2009-01-27 14:00:00,29.36
2009-01-27 15:00:00,24.73
2009-01-27 16:00:00,21.35
2009-01-27 17:00:00,61.22
2009-01-27 18:00:00,30.99
2009-01-27 19:00:00,174.79
2009-01-27 20:00:00,102.02
2009-01-27 21:00:00,75.48
2009-01-27 22:00:00,62.37
2009-01-27 23:00:00,22.97
2009-01-28 00:00:00,159.27
2009-01-28 01:00:00,73.30
2009-01-28 02:00:00,43.53
2009-01-28 03:00:00,16.15
2009-01-28 04:00:00,16.00
2009-01-28 05:00:00,18.30
2009-01-28 06:00:00,31.65
2009-01-28 07:00:00,112.14
2009-01-28 08:00:00,97.82
2009-01-28 09:00:00,97.94
2009-01-28 10:00:00,128.28
2009-01-28 11:00:00,133.88
2009-01-28 12:00:00,127.23
2009-01-28 13:00:00,125.24
2009-01-28 14:00:00,140.08
2009-01-28 15:00:00,252.56
2009-01-28 16:00:00,258.07
2009-01-28 17:00:00,193.93
2009-01-28 18:00:00,232.52
2009-01-28 19:00:00,142.75
2009-01-28 20:00:00,169.92
2009-01-28 21:00:00,105.04
2009-01-28 22:00:00,27.50
2009-01-28 23:00:00,18.62
2009-01-29 00:00:00,18.08
2009-01-29 01:00:00,16.40
2009-01-29 02:00:00,18.22
2009-01-29 03:00:00,16.71
2009-01-29 04:00:00,55.68
2009-01-29 05:00:00,18.17
2009-01-29 06:00:00,41.63
2009-01-29 07:00:00,123.74
2009-01-29 08:00:00,114.85
2009-01-29 09:00:00,112.70
2009-01-29 10:00:00,82.82
2009-01-29 11:00:00,57.95
2009-01-29 12:00:00,114.52
2009-01-29 13:00:00,109.89
2009-01-29 14:00:00,110.69
2009-01-29 15:00:00,44.43
2009-01-29 16:00:00,54.14
2009-01-29 17:00:00,42.40
2009-01-29 18:00:00,51.06
2009-01-29 19:00:00,100.30
2009-01-29 20:00:00,80.09
2009-01-29 21:00:00,95.19
2009-01-29 22:00:00,72.46
2009-01-29 23:00:00,21.60
2009-01-30 00:00:00,19.12
2009-01-30 01:00:00,17.65
2009-01-30 02:00:00,17.19
2009-01-30 03:00:00,19.13
2009-01-30 04:00:00,17.87
2009-01-30 05:00:00,16.76
2009-01-30 06:00:00,104.94
2009-01-30 07:00:00,150.80
2009-01-30 08:00:00,115.23
2009-01-30 09:00:00,128.02
2009-01-30 10:00:00,75.99
2009-01-30 11:00:00,64.18
2009-01-30 12:00:00,115.70
2009-01-30 13:00:00,120.94
2009-01-30 14:00:00,117.59
2009-01-30 15:00:00,116.84
2009-01-30 16:00:00,94.83
2009-01-30 17:00:00,181.19
2009-01-30 18:00:00,151.56
2009-01-30 19:00:00,119.98
2009-01-30 20:00:00,99.06
2009-01-30 21:00:00,116.47
2009-01-30 22:00:00,56.00
2009-01-30 23:00:00,22.00
2009-01-31 00:00:00,47.77
2009-01-31 01:00:00,17.04
2009-01-31 02:00:00,17.34
2009-01-31 03:00:00,16.97
2009-01-31 04:00:00,18.16
2009-01-31 05:00:00,16.17
2009-01-31 06:00:00,22.66
2009-01-31 07:00:00,159.61
2009-01-31 08:00:00,146.22
2009-01-31 09:00:00,150.53
2009-01-31 10:00:00,106.25
2009-01-31 11:00:00,194.37
2009-01-31 12:00:00,167.14
2009-01-31 13:00:00,131.99
2009-01-31 14:00:00,162.32
2009-01-31 15:00:00,75.68
2009-01-31 16:00:00,204.45
2009-01-31 17:00:00,304.35
2009-01-31 18:00:00,225.80
2009-01-31 19:00:00,270.21
2009-01-31 20:00:00,234.00
2009-01-31 21:00:00,208.31
2009-01-31 22:00:00,229.30
2009-01-31 23:00:00,186.23
2009-02-01 00:00:00,199.30
2009-02-01 01:00:00,184.54
2009-02-01 02:00:00,84.92
2009-02-01 03:00:00,36.16
2009-02-01 04:00:00,19.77
2009-02-01 05:00:00,19.30
2009-02-01 06:00:00,19.47
2009-02-01 07:00:00,18.09
2009-02-01 08:00:00,65.49
2009-02-01 09:00:00,67.33
2009-02-01 10:00:00,32.99
2009-02-01 11:00:00,88.59
2009-02-01 12:00:00,124.66
2009-02-01 13:00:00,128.58
2009-02-01 14:00:00,69.66
2009-02-01 15:00:00,44.92
2009-02-01 16:00:00,39.38
2009-02-01 17:00:00,91.40
2009-02-01 18:00:00,140.20
2009-02-01 19:00:00,87.93
2009-02-01 20:00:00,137.37
2009-02-01 21:00:00,65.21
2009-02-01 22:00:00,45.65
2009-02-01 23:00:00,16.87
2009-02-02 00:00:00,16.54
2009-02-02 01:00:00,18.09
2009-02-02 02:00:00,16.49
2009-02-02 03:00:00,51.85
2009-02-02 04:00:00,17.95
2009-02-02 05:00:00,16.73
2009-02-02 06:00:00,110.10
2009-02-02 07:00:00,126.80
2009-02-02 08:00:00,82.01
2009-02-02 09:00:00,80.27
2009-02-02 10:00:00,80.09
2009-02-02 11:00:00,80.78
2009-02-02 12:00:00,79.56
2009-02-02 13:00:00,15.63
2009-02-02 14:00:00,17.13
2009-02-02 15:00:00,18.41
2009-02-02 16:00:00,28.88
2009-02-02 17:00:00,19.19
2009-02-02 18:00:00,62.13
2009-02-02 19:00:00,133.12
2009-02-02 20:00:00,164.90
2009-02-02 21:00:00,110.41
2009-02-02 22:00:00,143.73
2009-02-02 23:00:00,112.51
2009-02-03 00:00:00,20.02
2009-02-03 01:00:00,17.38
2009-02-03 02:00:00,17.48
2009-02-03 03:00:00,17.56
2009-02-03 04:00:00,18.16
2009-02-03 05:00:00,17.01
2009-02-03 06:00:00,95.86
2009-02-03 07:00:00,124.76
2009-02-03 08:00:00,91.88
2009-02-03 09:00:00,95.21
2009-02-03 10:00:00,97.96
2009-02-03 11:00:00,94.84
2009-02-03 12:00:00,102.78
2009-02-03 13:00:00,138.99
2009-02-03 14:00:00,91.19
2009-02-03 15:00:00,84.05
2009-02-03 16:00:00,83.67
2009-02-03 17:00:00,92.96
2009-02-03 18:00:00,112.73
2009-02-03 19:00:00,105.89
2009-02-03 20:00:00,104.04
2009-02-03 21:00:00,105.64
2009-02-03 22:00:00,73.62
2009-02-03 23:00:00,64.73
2009-02-04 00:00:00,16.46
2009-02-04 01:00:00,15.86
2009-02-04 02:00:00,57.33
2009-02-04 03:00:00,15.72
2009-02-04 04:00:00,15.99
2009-02-04 05:00:00,16.31
2009-02-04 06:00:00,132.85
2009-02-04 07:00:00,202.13
2009-02-04 08:00:00,242.77
2009-02-04 09:00:00,158.64
2009-02-04 10:00:00,172.31
2009-02-04 11:00:00,107.86
2009-02-04 12:00:00,95.44
2009-02-04 13:00:00,78.91
2009-02-04 14:00:00,159.12
2009-02-04 15:00:00,131.53
2009-02-04 16:00:00,85.23
2009-02-04 17:00:00,110.49
2009-02-04 18:00:00,152.54
2009-02-04 19:00:00,153.38
2009-02-04 20:00:00,156.17
2009-02-04 21:00:00,82.59
2009-02-04 22:00:00,82.21
2009-02-04 23:00:00,19.09
2009-02-05 00:00:00,20.57
2009-02-05 01:00:00,68.71
2009-02-05 02:00:00,17.66
2009-02-05 03:00:00,34.08
2009-02-05 04:00:00,48.60
2009-02-05 05:00:00,16.41
2009-02-05 06:00:00,80.18
2009-02-05 07:00:00,101.82
2009-02-05 08:00:00,85.66
2009-02-05 09:00:00,90.40
2009-02-05 10:00:00,83.19
2009-02-05 11:00:00,80.47
2009-02-05 12:00:00,50.02
2009-02-05 13:00:00,90.81
2009-02-05 14:00:00,92.48
2009-02-05 15:00:00,34.18
2009-02-05 16:00:00,87.10
2009-02-05 17:00:00,69.20
2009-02-05 18:00:00,88.49
2009-02-05 19:00:00,115.48
2009-02-05 20:00:00,163.45
2009-02-05 21:00:00,42.46
2009-02-05 22:00:00,48.61
2009-02-05 23:00:00,39.06
2009-02-06 00:00:00,20.68
2009-02-06 01:00:00,61.89
2009-02-06 02:00:00,20.64
2009-02-06 03:00:00,42.53
2009-02-06 04:00:00,39.68
2009-02-06 05:00:00,20.15
2009-02-06 06:00:00,127.08
2009-02-06 07:00:00,135.31
2009-02-06 08:00:00,151.51
2009-02-06 09:00:00,106.93
2009-02-06 10:00:00,133.89
2009-02-06 11:00:00,86.74
2009-02-06 12:00:00,43.39
2009-02-06 13:00:00,65.98
2009-02-06 14:00:00,23.20
2009-02-06 15:00:00,51.68
2009-02-06 16:00:00,73.49
2009-02-06 17:00:00,142.43
2009-02-06 18:00:00,173.72
2009-02-06 19:00:00,107.46
2009-02-06 20:00:00,91.21
2009-02-06 21:00:00,140.10
2009-02-06 22:00:00,103.65
2009-02-06 23:00:00,85.03
2009-02-07 00:00:00,69.35
2009-02-07 01:00:00,18.69
2009-02-07 02:00:00,16.54
2009-02-07 03:00:00,17.55
2009-02-07 04:00:00,16.74
2009-02-07 05:00:00,15.62
2009-02-07 06:00:00,16.58
2009-02-07 07:00:00,69.63
2009-02-07 08:00:00,115.08
2009-02-07 09:00:00,87.96
2009-02-07 10:00:00,155.73
2009-02-07 11:00:00,222.62
2009-02-07 12:00:00,130.94
2009-02-07 13:00:00,173.20
2009-02-07 14:00:00,264.17
2009-02-07 15:00:00,213.20
2009-02-07 16:00:00,204.23
2009-02-07 17:00:00,140.63
2009-02-07 18:00:00,182.96
2009-02-07 19:00:00,180.59
2009-02-07 20:00:00,263.75
2009-02-07 21:00:00,176.01
2009-02-07 22:00:00,215.65
2009-02-07 23:00:00,164.13
2009-02-08 00:00:00,147.31
2009-02-08 01:00:00,189.79
2009-02-08 02:00:00,83.91
2009-02-08 03:00:00,83.78
2009-02-08 04:00:00,50.80
2009-02-08 05:00:00,17.52
2009-02-08 06:00:00,17.36
2009-02-08 07:00:00,19.20
2009-02-08 08:00:00,17.80
2009-02-08 09:00:00,58.05
2009-02-08 10:00:00,99.60
2009-02-08 11:00:00,93.18
2009-02-08 12:00:00,82.85
2009-02-08 13:00:00,123.63
2009-02-08 14:00:00,29.80
2009-02-08 15:00:00,46.03
2009-02-08 16:00:00,140.04
2009-02-08 17:00:00,132.57
2009-02-08 18:00:00,223.74
2009-02-08 19:00:00,180.56
2009-02-08 20:00:00,211.96
2009-02-08 21:00:00,83.10
2009-02-08 22:00:00,29.49
2009-02-08 23:00:00,20.80
2009-02-09 00:00:00,18.64
2009-02-09 01:00:00,51.79
2009-02-09 02:00:00,19.49
2009-02-09 03:00:00,18.61
2009-02-09 04:00:00,16.42
2009-02-09 05:00:00,16.86
2009-02-09 06:00:00,79.24
2009-02-09 07:00:00,144.41
2009-02-09 08:00:00,113.64
2009-02-09 09:00:00,81.16
2009-02-09 10:00:00,86.35
2009-02-09 11:00:00,125.04
2009-02-09 12:00:00,140.48
2009-02-09 13:00:00,143.89
2009-02-09 14:00:00,56.85
2009-02-09 15:00:00,44.35
2009-02-09 16:00:00,28.63
2009-02-09 17:00:00,54.37
2009-02-09 18:00:00,72.97
2009-02-09 19:00:00,168.70
2009-02-09 20:00:00,101.37
2009-02-09 21:00:00,65.25
2009-02-09 22:00:00,39.02
2009-02-09 23:00:00,19.09
2009-02-10 00:00:00,66.51
2009-02-10 01:00:00,16.38
2009-02-10 02:00:00,16.17
2009-02-10 03:00:00,18.00
2009-02-10 04:00:00,16.67
2009-02-10 05:00:00,16.36
2009-02-10 06:00:00,45.86
2009-02-10 07:00:00,144.99
2009-02-10 08:00:00,109.04
2009-02-10 09:00:00,106.74
2009-02-10 10:00:00,103.40
2009-02-10 11:00:00,80.96
2009-02-10 12:00:00,94.52
2009-02-10 13:00:00,113.72
2009-02-10 14:00:00,106.67
2009-02-10 15:00:00,108.22
2009-02-10 16:00:00,110.45
2009-02-10 17:00:00,77.60
2009-02-10 18:00:00,78.23
2009-02-10 19:00:00,105.37
2009-02-10 20:00:00,135.61
2009-02-10 21:00:00,84.81
2009-02-10 22:00:00,102.28
2009-02-10 23:00:00,85.27
2009-02-11 00:00:00,58.23
2009-02-11 01:00:00,16.23
2009-02-11 02:00:00,16.03
2009-02-11 03:00:00,17.78
2009-02-11 04:00:00,16.49
2009-02-11 05:00:00,16.01
2009-02-11 06:00:00,77.29
2009-02-11 07:00:00,140.64
2009-02-11 08:00:00,87.81
2009-02-11 09:00:00,90.48
2009-02-11 10:00:00,142.34
2009-02-11 11:00:00,132.10
2009-02-11 12:00:00,254.96
2009-02-11 13:00:00,208.04
2009-02-11 14:00:00,136.49
2009-02-11 15:00:00,99.71
2009-02-11 16:00:00,42.10
2009-02-11 17:00:00,60.80
2009-02-11 18:00:00,314.03
2009-02-11 19:00:00,142.02
2009-02-11 20:00:00,243.86
2009-02-11 21:00:00,208.01
2009-02-11 22:00:00,97.45
2009-02-11 23:00:00,20.49
2009-02-12 00:00:00,18.10
2009-02-12 01:00:00,18.47
2009-02-12 02:00:00,61.36
2009-02-12 03:00:00,16.94
2009-02-12 04:00:00,18.06
2009-02-12 05:00:00,17.64
2009-02-12 06:00:00,64.93
2009-02-12 07:00:00,162.97
2009-02-12 08:00:00,91.51
2009-02-12 09:00:00,81.60
2009-02-12 10:00:00,88.47
2009-02-12 11:00:00,97.43
2009-02-12 12:00:00,96.65
2009-02-12 13:00:00,104.06
2009-02-12 14:00:00,80.92
2009-02-12 15:00:00,81.81
2009-02-12 16:00:00,84.88
2009-02-12 17:00:00,81.97
2009-02-12 18:00:00,87.62
2009-02-12 19:00:00,172.85
2009-02-12 20:00:00,195.91
2009-02-12 21:00:00,167.97
2009-02-12 22:00:00,59.17
2009-02-12 23:00:00,17.39
2009-02-13 00:00:00,16.18
2009-02-13 01:00:00,17.69
2009-02-13 02:00:00,15.96
2009-02-13 03:00:00,16.36
2009-02-13 04:00:00,17.78
2009-02-13 05:00:00,15.78
2009-02-13 06:00:00,38.63
2009-02-13 07:00:00,115.19
2009-02-13 08:00:00,159.28
2009-02-13 09:00:00,91.24
2009-02-13 10:00:00,104.13
2009-02-13 11:00:00,79.39
2009-02-13 12:00:00,80.15
2009-02-13 13:00:00,81.71
2009-02-13 14:00:00,81.61
2009-02-13 15:00:00,59.38
2009-02-13 16:00:00,55.72
2009-02-13 17:00:00,113.82
2009-02-13 18:00:00,80.48
2009-02-13 19:00:00,180.49
2009-02-13 20:00:00,105.17
2009-02-13 21:00:00,86.68
2009-02-13 22:00:00,57.25
2009-02-13 23:00:00,19.96
2009-02-14 00:00:00,19.66
2009-02-14 01:00:00,19.60
2009-02-14 02:00:00,16.34
2009-02-14 03:00:00,15.67
2009-02-14 04:00:00,15.72
2009-02-14 05:00:00,31.61
2009-02-14 06:00:00,70.34
2009-02-14 07:00:00,128.95
2009-02-14 08:00:00,129.63
2009-02-14 09:00:00,90.07
2009-02-14 10:00:00,88.78
2009-02-14 11:00:00,209.72
2009-02-14 12:00:00,120.16
2009-02-14 13:00:00,140.04
2009-02-14 14:00:00,99.46
2009-02-14 15:00:00,175.70
2009-02-14 16:00:00,120.14
2009-02-14 17:00:00,86.98
2009-02-14 18:00:00,127.14
2009-02-14 19:00:00,143.42
2009-02-14 20:00:00,154.91
2009-02-14 21:00:00,113.62
2009-02-14 22:00:00,102.04
2009-02-14 23:00:00,115.65
2009-02-15 00:00:00,83.47
2009-02-15 01:00:00,81.80
2009-02-15 02:00:00,80.93
2009-02-15 03:00:00,81.37
2009-02-15 04:00:00,80.34
2009-02-15 05:00:00,81.91
2009-02-15 06:00:00,80.76
2009-02-15 07:00:00,79.13
2009-02-15 08:00:00,97.00
2009-02-15 09:00:00,124.59
2009-02-15 10:00:00,108.28
2009-02-15 11:00:00,118.76
2009-02-15 12:00:00,82.13
2009-02-15 13:00:00,81.42
2009-02-15 14:00:00,29.30
2009-02-15 15:00:00,17.35
2009-02-15 16:00:00,15.68
2009-02-15 17:00:00,21.43
2009-02-15 18:00:00,55.64
2009-02-15 19:00:00,54.76
2009-02-15 20:00:00,25.83
2009-02-15 21:00:00,60.74
2009-02-15 22:00:00,21.93
2009-02-15 23:00:00,21.49
2009-02-16 00:00:00,23.19
2009-02-16 01:00:00,22.23
2009-02-16 02:00:00,21.57
2009-02-16 03:00:00,22.35
2009-02-16 04:00:00,23.57
2009-02-16 05:00:00,24.05
2009-02-16 06:00:00,68.40
2009-02-16 07:00:00,23.17
2009-02-16 08:00:00,21.51
2009-02-16 09:00:00,38.25
2009-02-16 10:00:00,44.38
2009-02-16 11:00:00,47.00
2009-02-16 12:00:00,42.72
2009-02-16 13:00:00,23.33
2009-02-16 14:00:00,22.14
2009-02-16 15:00:00,60.01
2009-02-16 16:00:00,41.17
2009-02-16 17:00:00,64.17
2009-02-16 18:00:00,117.30
2009-02-16 19:00:00,189.76
2009-02-16 20:00:00,133.61
2009-02-16 21:00:00,99.12
2009-02-16 22:00:00,82.71
2009-02-16 23:00:00,63.28
2009-02-17 00:00:00,15.10
2009-02-17 01:00:00,17.67
2009-02-17 02:00:00,15.09
2009-02-17 03:00:00,15.11
2009-02-17 04:00:00,17.73
2009-02-17 05:00:00,15.14
2009-02-17 06:00:00,34.27
2009-02-17 07:00:00,28.58
2009-02-17 08:00:00,129.74
2009-02-17 09:00:00,32.86
2009-02-17 10:00:00,39.08
2009-02-17 11:00:00,80.00
2009-02-17 12:00:00,80.83
2009-02-17 13:00:00,25.20
2009-02-17 14:00:00,15.08
2009-02-17 15:00:00,19.09
2009-02-17 16:00:00,23.67
2009-02-17 17:00:00,21.26
2009-02-17 18:00:00,21.32
2009-02-17 19:00:00,36.87
2009-02-17 20:00:00,42.34
2009-02-17 21:00:00,23.01
2009-02-17 22:00:00,22.06
2009-02-17 23:00:00,22.40
2009-02-18 00:00:00,23.22
2009-02-18 01:00:00,20.96
2009-02-18 02:00:00,21.50
2009-02-18 03:00:00,23.91
2009-02-18 04:00:00,36.77
2009-02-18 05:00:00,48.87
2009-02-18 06:00:00,23.95
2009-02-18 07:00:00,20.90
2009-02-18 08:00:00,20.90
2009-02-18 09:00:00,23.26
2009-02-18 10:00:00,52.41
2009-02-18 11:00:00,79.92
2009-02-18 12:00:00,80.49
2009-02-18 13:00:00,79.65
2009-02-18 14:00:00,37.01
2009-02-18 15:00:00,15.32
2009-02-18 16:00:00,15.68
2009-02-18 17:00:00,17.54
2009-02-18 18:00:00,27.10
2009-02-18 19:00:00,22.61
2009-02-18 20:00:00,23.75
2009-02-18 21:00:00,41.32
2009-02-18 22:00:00,44.96
2009-02-18 23:00:00,24.43
2009-02-19 00:00:00,21.34
2009-02-19 01:00:00,21.43
2009-02-19 02:00:00,23.21
2009-02-19 03:00:00,21.10
2009-02-19 04:00:00,21.82
2009-02-19 05:00:00,22.27
2009-02-19 06:00:00,26.87
2009-02-19 07:00:00,68.75
2009-02-19 08:00:00,22.30
2009-02-19 09:00:00,21.41
2009-02-19 10:00:00,21.67
2009-02-19 11:00:00,26.35
2009-02-19 12:00:00,36.41
2009-02-19 13:00:00,44.60
2009-02-19 14:00:00,58.29
2009-02-19 15:00:00,35.65
2009-02-19 16:00:00,65.86
2009-02-19 17:00:00,44.94
2009-02-19 18:00:00,21.52
2009-02-19 19:00:00,22.56
2009-02-19 20:00:00,20.78
2009-02-19 21:00:00,22.26
2009-02-19 22:00:00,23.85
2009-02-19 23:00:00,22.03
2009-02-20 00:00:00,21.83
2009-02-20 01:00:00,23.18
2009-02-20 02:00:00,60.09
2009-02-20 03:00:00,43.23
2009-02-20 04:00:00,23.47
2009-02-20 05:00:00,21.09
2009-02-20 06:00:00,21.95
2009-02-20 07:00:00,24.45
2009-02-20 08:00:00,74.72
2009-02-20 09:00:00,45.57
2009-02-20 10:00:00,48.98
2009-02-20 11:00:00,77.18
2009-02-20 12:00:00,104.76
2009-02-20 13:00:00,58.37
2009-02-20 14:00:00,43.52
2009-02-20 15:00:00,40.92
2009-02-20 16:00:00,45.33
2009-02-20 17:00:00,205.49
2009-02-20 18:00:00,177.66
2009-02-20 19:00:00,181.21
2009-02-20 20:00:00,153.52
2009-02-20 21:00:00,134.67
2009-02-20 22:00:00,153.29
2009-02-20 23:00:00,96.24
2009-02-21 00:00:00,107.45
2009-02-21 01:00:00,104.19
2009-02-21 02:00:00,106.37
2009-02-21 03:00:00,116.94
2009-02-21 04:00:00,105.55
2009-02-21 05:00:00,17.10
2009-02-21 06:00:00,65.59
2009-02-21 07:00:00,19.06
2009-02-21 08:00:00,20.88
2009-02-21 09:00:00,28.45
2009-02-21 10:00:00,38.34
2009-02-21 11:00:00,69.92
2009-02-21 12:00:00,91.12
2009-02-21 13:00:00,113.13
2009-02-21 14:00:00,41.60
2009-02-21 15:00:00,51.13
2009-02-21 16:00:00,18.95
2009-02-21 17:00:00,30.42
2009-02-21 18:00:00,23.56
2009-02-21 19:00:00,21.00
2009-02-21 20:00:00,21.09
2009-02-21 21:00:00,60.88
2009-02-21 22:00:00,21.40
2009-02-21 23:00:00,22.07
2009-02-22 00:00:00,23.67
2009-02-22 01:00:00,22.17
2009-02-22 02:00:00,23.39
2009-02-22 03:00:00,21.89
2009-02-22 04:00:00,22.00
2009-02-22 05:00:00,23.27
2009-02-22 06:00:00,55.59
2009-02-22 07:00:00,32.88
2009-02-22 08:00:00,24.27
2009-02-22 09:00:00,21.31
2009-02-22 10:00:00,24.66
2009-02-22 11:00:00,60.69
2009-02-22 12:00:00,15.77
2009-02-22 13:00:00,16.50
2009-02-22 14:00:00,15.86
2009-02-22 15:00:00,34.61
2009-02-22 16:00:00,223.13
2009-02-22 17:00:00,289.77
2009-02-22 18:00:00,239.90
2009-02-22 19:00:00,230.89
2009-02-22 20:00:00,269.34
2009-02-22 21:00:00,280.43
2009-02-22 22:00:00,134.00
2009-02-22 23:00:00,132.51
2009-02-23 00:00:00,86.71
2009-02-23 01:00:00,81.55
2009-02-23 02:00:00,83.99
2009-02-23 03:00:00,80.86
2009-02-23 04:00:00,82.36
2009-02-23 05:00:00,81.53
2009-02-23 06:00:00,110.41
2009-02-23 07:00:00,212.55
2009-02-23 08:00:00,211.79
2009-02-23 09:00:00,149.03
2009-02-23 10:00:00,91.06
2009-02-23 11:00:00,93.06
2009-02-23 12:00:00,96.09
2009-02-23 13:00:00,105.76
2009-02-23 14:00:00,96.61
2009-02-23 15:00:00,96.59
2009-02-23 16:00:00,79.38
2009-02-23 17:00:00,45.68
2009-02-23 18:00:00,69.72
2009-02-23 19:00:00,84.58
2009-02-23 20:00:00,185.47
2009-02-23 21:00:00,107.68
2009-02-23 22:00:00,269.65
2009-02-23 23:00:00,131.54
2009-02-24 00:00:00,81.77
2009-02-24 01:00:00,32.46
2009-02-24 02:00:00,17.89
2009-02-24 03:00:00,19.16
2009-02-24 04:00:00,17.71
2009-02-24 05:00:00,17.06
2009-02-24 06:00:00,55.27
2009-02-24 07:00:00,113.06
2009-02-24 08:00:00,188.82
2009-02-24 09:00:00,112.62
2009-02-24 10:00:00,83.10
2009-02-24 11:00:00,93.53
2009-02-24 12:00:00,87.67
2009-02-24 13:00:00,88.15
2009-02-24 14:00:00,80.42
2009-02-24 15:00:00,82.99
2009-02-24 16:00:00,81.51
2009-02-24 17:00:00,81.12
2009-02-24 18:00:00,92.40
2009-02-24 19:00:00,101.19
2009-02-24 20:00:00,78.17
2009-02-24 21:00:00,126.81
2009-02-24 22:00:00,29.95
2009-02-24 23:00:00,20.31
2009-02-25 00:00:00,18.01
2009-02-25 01:00:00,19.56
2009-02-25 02:00:00,19.27
2009-02-25 03:00:00,18.10
2009-02-25 04:00:00,20.35
2009-02-25 05:00:00,56.64
2009-02-25 06:00:00,77.83
2009-02-25 07:00:00,125.94
2009-02-25 08:00:00,112.99
2009-02-25 09:00:00,57.14
2009-02-25 10:00:00,65.34
2009-02-25 11:00:00,79.51
2009-02-25 12:00:00,80.82
2009-02-25 13:00:00,19.14
2009-02-25 14:00:00,16.51
2009-02-25 15:00:00,18.61
2009-02-25 16:00:00,16.20
2009-02-25 17:00:00,17.90
2009-02-25 18:00:00,16.48
2009-02-25 19:00:00,58.71
2009-02-25 20:00:00,101.71
2009-02-25 21:00:00,103.10
2009-02-25 22:00:00,32.01
2009-02-25 23:00:00,18.01
2009-02-26 00:00:00,15.91
2009-02-26 01:00:00,17.72
2009-02-26 02:00:00,17.13
2009-02-26 03:00:00,46.21
2009-02-26 04:00:00,23.53
2009-02-26 05:00:00,16.06
2009-02-26 06:00:00,51.30
2009-02-26 07:00:00,90.89
2009-02-26 08:00:00,84.99
2009-02-26 09:00:00,79.25
2009-02-26 10:00:00,80.26
2009-02-26 11:00:00,77.94
2009-02-26 12:00:00,66.69
2009-02-26 13:00:00,17.53
2009-02-26 14:00:00,16.34
2009-02-26 15:00:00,18.14
2009-02-26 16:00:00,16.54
2009-02-26 17:00:00,41.04
2009-02-26 18:00:00,101.26
2009-02-26 19:00:00,115.56
2009-02-26 20:00:00,31.76
2009-02-26 21:00:00,82.51
2009-02-26 22:00:00,22.53
2009-02-26 23:00:00,25.77
2009-02-27 00:00:00,29.18
2009-02-27 01:00:00,66.64
2009-02-27 02:00:00,30.04
2009-02-27 03:00:00,27.84
2009-02-27 04:00:00,16.36
2009-02-27 05:00:00,18.35
2009-02-27 06:00:00,26.41
2009-02-27 07:00:00,118.96
2009-02-27 08:00:00,74.80
2009-02-27 09:00:00,35.38
2009-02-27 10:00:00,53.34
2009-02-27 11:00:00,99.26
2009-02-27 12:00:00,119.01
2009-02-27 13:00:00,121.53
2009-02-27 14:00:00,121.75
2009-02-27 15:00:00,152.61
2009-02-27 16:00:00,128.22
2009-02-27 17:00:00,115.13
2009-02-27 18:00:00,105.74
2009-02-27 19:00:00,117.77
2009-02-27 20:00:00,156.44
2009-02-27 21:00:00,152.17
2009-02-27 22:00:00,112.23
2009-02-27 23:00:00,29.76
2009-02-28 00:00:00,24.64
2009-02-28 01:00:00,22.64
2009-02-28 02:00:00,22.60
2009-02-28 03:00:00,24.05
2009-02-28 04:00:00,22.62
2009-02-28 05:00:00,21.86
2009-02-28 06:00:00,51.83
2009-02-28 07:00:00,51.59
2009-02-28 08:00:00,31.82
2009-02-28 09:00:00,102.02
2009-02-28 10:00:00,79.16
2009-02-28 11:00:00,125.51
2009-02-28 12:00:00,100.97
2009-02-28 13:00:00,95.06
2009-02-28 14:00:00,33.38
2009-02-28 15:00:00,22.11
2009-02-28 16:00:00,70.51
2009-02-28 17:00:00,166.19
2009-02-28 18:00:00,191.72
2009-02-28 19:00:00,164.24
2009-02-28 20:00:00,42.15
2009-02-28 21:00:00,59.72
2009-02-28 22:00:00,27.10
2009-02-28 23:00:00,77.25
2009-03-01 00:00:00,33.60
2009-03-01 01:00:00,22.19
2009-03-01 02:00:00,19.18
2009-03-01 03:00:00,21.83
2009-03-01 04:00:00,19.48
2009-03-01 05:00:00,19.43
2009-03-01 06:00:00,20.44
2009-03-01 07:00:00,47.53
2009-03-01 08:00:00,56.80
2009-03-01 09:00:00,196.61
2009-03-01 10:00:00,223.98
2009-03-01 11:00:00,164.33
2009-03-01 12:00:00,192.99
2009-03-01 13:00:00,103.52
2009-03-01 14:00:00,123.31
2009-03-01 15:00:00,246.39
2009-03-01 16:00:00,263.65
2009-03-01 17:00:00,81.24
2009-03-01 18:00:00,101.96
2009-03-01 19:00:00,107.69
2009-03-01 20:00:00,203.66
2009-03-01 21:00:00,146.33
2009-03-01 22:00:00,33.67
2009-03-01 23:00:00,22.73
2009-03-02 00:00:00,21.06
2009-03-02 01:00:00,20.15
2009-03-02 02:00:00,21.14
2009-03-02 03:00:00,49.72
2009-03-02 04:00:00,20.93
2009-03-02 05:00:00,20.09
2009-03-02 06:00:00,45.58
2009-03-02 07:00:00,132.18
2009-03-02 08:00:00,85.05
2009-03-02 09:00:00,86.82
2009-03-02 10:00:00,96.83
2009-03-02 11:00:00,56.66
2009-03-02 12:00:00,45.22
2009-03-02 13:00:00,43.13
2009-03-02 14:00:00,40.50
2009-03-02 15:00:00,94.50
2009-03-02 16:00:00,118.46
2009-03-02 17:00:00,37.82
2009-03-02 18:00:00,32.38
2009-03-02 19:00:00,100.57
2009-03-02 20:00:00,162.08
2009-03-02 21:00:00,90.89
2009-03-02 22:00:00,33.34
2009-03-02 23:00:00,22.34
2009-03-03 00:00:00,19.10
2009-03-03 01:00:00,19.57
2009-03-03 02:00:00,59.58
2009-03-03 03:00:00,19.88
2009-03-03 04:00:00,20.78
2009-03-03 05:00:00,19.02
2009-03-03 06:00:00,83.25
2009-03-03 07:00:00,168.41
2009-03-03 08:00:00,140.71
2009-03-03 09:00:00,125.25
2009-03-03 10:00:00,86.63
2009-03-03 11:00:00,95.57
2009-03-03 12:00:00,96.69
2009-03-03 13:00:00,90.78
2009-03-03 14:00:00,94.76
2009-03-03 15:00:00,85.84
2009-03-03 16:00:00,83.75
2009-03-03 17:00:00,48.93
2009-03-03 18:00:00,40.87
2009-03-03 19:00:00,81.07
2009-03-03 20:00:00,136.37
2009-03-03 21:00:00,126.33
2009-03-03 22:00:00,85.74
2009-03-03 23:00:00,20.09
2009-03-04 00:00:00,63.11
2009-03-04 01:00:00,20.25
2009-03-04 02:00:00,19.26
2009-03-04 03:00:00,20.40
2009-03-04 04:00:00,19.69
2009-03-04 05:00:00,18.59
2009-03-04 06:00:00,57.20
2009-03-04 07:00:00,168.22
2009-03-04 08:00:00,88.73
2009-03-04 09:00:00,90.08
2009-03-04 10:00:00,91.16
2009-03-04 11:00:00,110.61
2009-03-04 12:00:00,42.45
2009-03-04 13:00:00,58.46
2009-03-04 14:00:00,81.21
2009-03-04 15:00:00,113.77
2009-03-04 16:00:00,25.88
2009-03-04 17:00:00,54.24
2009-03-04 18:00:00,160.98
2009-03-04 19:00:00,122.93
2009-03-04 20:00:00,92.37
2009-03-04 21:00:00,145.45
2009-03-04 22:00:00,119.63
2009-03-04 23:00:00,57.47
2009-03-05 00:00:00,25.06
2009-03-05 01:00:00,24.64
2009-03-05 02:00:00,23.71
2009-03-05 03:00:00,23.42
2009-03-05 04:00:00,23.08
2009-03-05 05:00:00,60.41
2009-03-05 06:00:00,50.01
2009-03-05 07:00:00,142.47
2009-03-05 08:00:00,93.87
2009-03-05 09:00:00,86.51
2009-03-05 10:00:00,85.27
2009-03-05 11:00:00,85.35
2009-03-05 12:00:00,88.03
2009-03-05 13:00:00,85.29
2009-03-05 14:00:00,36.87
2009-03-05 15:00:00,23.20
2009-03-05 16:00:00,21.46
2009-03-05 17:00:00,30.56
2009-03-05 18:00:00,71.02
2009-03-05 19:00:00,126.14
2009-03-05 20:00:00,140.09
2009-03-05 21:00:00,39.87
2009-03-05 22:00:00,29.28
2009-03-05 23:00:00,26.20
2009-03-06 00:00:00,22.56
2009-03-06 01:00:00,24.08
2009-03-06 02:00:00,21.38
2009-03-06 03:00:00,34.44
2009-03-06 04:00:00,61.01
2009-03-06 05:00:00,21.64
2009-03-06 06:00:00,75.89
2009-03-06 07:00:00,134.18
2009-03-06 08:00:00,96.31
2009-03-06 09:00:00,87.88
2009-03-06 10:00:00,85.92
2009-03-06 11:00:00,70.22
2009-03-06 12:00:00,45.71
2009-03-06 13:00:00,43.77
2009-03-06 14:00:00,86.59
2009-03-06 15:00:00,99.34
2009-03-06 16:00:00,95.89
2009-03-06 17:00:00,83.99
2009-03-06 18:00:00,72.80
2009-03-06 19:00:00,108.43
2009-03-06 20:00:00,202.54
2009-03-06 21:00:00,130.85
2009-03-06 22:00:00,57.82
2009-03-06 23:00:00,20.24
2009-03-07 00:00:00,19.23
2009-03-07 01:00:00,52.03
2009-03-07 02:00:00,19.52
2009-03-07 03:00:00,19.19
2009-03-07 04:00:00,21.01
2009-03-07 05:00:00,19.26
2009-03-07 06:00:00,66.03
2009-03-07 07:00:00,113.68
2009-03-07 08:00:00,102.39
2009-03-07 09:00:00,84.39
2009-03-07 10:00:00,81.18
2009-03-07 11:00:00,35.49
2009-03-07 12:00:00,64.45
2009-03-07 13:00:00,58.50
2009-03-07 14:00:00,92.22
2009-03-07 15:00:00,90.45
2009-03-07 16:00:00,89.71
2009-03-07 17:00:00,158.26
2009-03-07 18:00:00,160.24
2009-03-07 19:00:00,147.41
2009-03-07 20:00:00,94.09
2009-03-07 21:00:00,52.30
2009-03-07 22:00:00,27.02
2009-03-07 23:00:00,28.43
2009-03-08 00:00:00,25.61
2009-03-08 01:00:00,33.90
2009-03-08 02:00:00,21.86
2009-03-08 03:00:00,16.84
2009-03-08 04:00:00,53.80
2009-03-08 05:00:00,34.34
2009-03-08 06:00:00,18.40
2009-03-08 07:00:00,25.53
2009-03-08 08:00:00,26.49
2009-03-08 09:00:00,124.77
2009-03-08 10:00:00,172.34
2009-03-08 11:00:00,243.21
2009-03-08 12:00:00,203.59
2009-03-08 13:00:00,98.59
2009-03-08 14:00:00,137.00
2009-03-08 15:00:00,114.97
2009-03-08 16:00:00,129.56
2009-03-08 17:00:00,145.18
2009-03-08 18:00:00,204.89
2009-03-08 19:00:00,96.05
2009-03-08 20:00:00,65.70
2009-03-08 21:00:00,231.03
2009-03-08 22:00:00,111.78
2009-03-08 23:00:00,21.77
2009-03-09 00:00:00,20.66
2009-03-09 01:00:00,18.64
2009-03-09 02:00:00,18.73
2009-03-09 03:00:00,18.10
2009-03-09 04:00:00,17.50
2009-03-09 05:00:00,42.44
2009-03-09 06:00:00,59.50
2009-03-09 07:00:00,130.43
2009-03-09 08:00:00,81.85
2009-03-09 09:00:00,80.56
2009-03-09 10:00:00,84.75
2009-03-09 11:00:00,96.44
2009-03-09 12:00:00,105.19
2009-03-09 13:00:00,105.07
2009-03-09 14:00:00,149.68
2009-03-09 15:00:00,34.42
2009-03-09 16:00:00,23.40
2009-03-09 17:00:00,37.55
2009-03-09 18:00:00,34.93
2009-03-09 19:00:00,108.27
2009-03-09 20:00:00,153.81
2009-03-09 21:00:00,145.14
2009-03-09 22:00:00,53.46
2009-03-09 23:00:00,65.05
2009-03-10 00:00:00,19.77
2009-03-10 01:00:00,21.60
2009-03-10 02:00:00,19.76
2009-03-10 03:00:00,65.12
2009-03-10 04:00:00,21.07
2009-03-10 05:00:00,19.80
2009-03-10 06:00:00,68.28
2009-03-10 07:00:00,177.22
2009-03-10 08:00:00,108.24
2009-03-10 09:00:00,100.09
2009-03-10 10:00:00,111.73
2009-03-10 11:00:00,86.66
2009-03-10 12:00:00,94.06
2009-03-10 13:00:00,91.76
2009-03-10 14:00:00,92.07
2009-03-10 15:00:00,90.32
2009-03-10 16:00:00,31.22
2009-03-10 17:00:00,34.19
2009-03-10 18:00:00,62.50
2009-03-10 19:00:00,101.54
2009-03-10 20:00:00,85.67
2009-03-10 21:00:00,111.62
2009-03-10 22:00:00,107.86
2009-03-10 23:00:00,114.07
2009-03-11 00:00:00,65.14
2009-03-11 01:00:00,57.64
2009-03-11 02:00:00,61.70
2009-03-11 03:00:00,60.83
2009-03-11 04:00:00,51.58
2009-03-11 05:00:00,60.44
2009-03-11 06:00:00,106.05
2009-03-11 07:00:00,174.44
2009-03-11 08:00:00,128.82
2009-03-11 09:00:00,125.67
2009-03-11 10:00:00,100.48
2009-03-11 11:00:00,194.96
2009-03-11 12:00:00,102.25
2009-03-11 13:00:00,83.68
2009-03-11 14:00:00,199.62
2009-03-11 15:00:00,120.31
2009-03-11 16:00:00,44.48
2009-03-11 17:00:00,117.62
2009-03-11 18:00:00,105.25
2009-03-11 19:00:00,56.93
2009-03-11 20:00:00,89.21
2009-03-11 21:00:00,213.03
2009-03-11 22:00:00,64.26
2009-03-11 23:00:00,21.54
2009-03-12 00:00:00,17.55
2009-03-12 01:00:00,18.28
2009-03-12 02:00:00,17.73
2009-03-12 03:00:00,18.71
2009-03-12 04:00:00,16.35
2009-03-12 05:00:00,55.28
2009-03-12 06:00:00,94.40
2009-03-12 07:00:00,190.51
2009-03-12 08:00:00,115.51
2009-03-12 09:00:00,109.89
2009-03-12 10:00:00,110.86
2009-03-12 11:00:00,117.30
2009-03-12 12:00:00,90.27
2009-03-12 13:00:00,102.99
2009-03-12 14:00:00,114.13
2009-03-12 15:00:00,110.60
2009-03-12 16:00:00,104.88
2009-03-12 17:00:00,70.91
2009-03-12 18:00:00,39.78
2009-03-12 19:00:00,105.66
2009-03-12 20:00:00,115.93
2009-03-12 21:00:00,101.08
2009-03-12 22:00:00,31.91
2009-03-12 23:00:00,16.75
2009-03-13 00:00:00,16.89
2009-03-13 01:00:00,18.81
2009-03-13 02:00:00,16.64
2009-03-13 03:00:00,39.65
2009-03-13 04:00:00,40.29
2009-03-13 05:00:00,17.03
2009-03-13 06:00:00,82.52
2009-03-13 07:00:00,134.54
2009-03-13 08:00:00,86.54
2009-03-13 09:00:00,79.60
2009-03-13 10:00:00,80.35
2009-03-13 11:00:00,77.99
2009-03-13 12:00:00,17.69
2009-03-13 13:00:00,37.90
2009-03-13 14:00:00,51.16
2009-03-13 15:00:00,25.29
2009-03-13 16:00:00,58.25
2009-03-13 17:00:00,84.01
2009-03-13 18:00:00,89.61
2009-03-13 19:00:00,76.87
2009-03-13 20:00:00,106.81
2009-03-13 21:00:00,95.35
2009-03-13 22:00:00,92.99
2009-03-13 23:00:00,18.73
2009-03-14 00:00:00,17.04
2009-03-14 01:00:00,17.76
2009-03-14 02:00:00,16.04
2009-03-14 03:00:00,16.63
2009-03-14 04:00:00,18.30
2009-03-14 05:00:00,49.29
2009-03-14 06:00:00,23.50
2009-03-14 07:00:00,115.68
2009-03-14 08:00:00,114.31
2009-03-14 09:00:00,91.27
2009-03-14 10:00:00,124.31
2009-03-14 11:00:00,106.90
2009-03-14 12:00:00,91.53
2009-03-14 13:00:00,86.63
2009-03-14 14:00:00,86.31
2009-03-14 15:00:00,84.60
2009-03-14 16:00:00,67.03
2009-03-14 17:00:00,64.97
2009-03-14 18:00:00,149.40
2009-03-14 19:00:00,152.40
2009-03-14 20:00:00,149.39
2009-03-14 21:00:00,154.03
2009-03-14 22:00:00,178.30
2009-03-14 23:00:00,173.38
2009-03-15 00:00:00,101.34
2009-03-15 01:00:00,92.31
2009-03-15 02:00:00,89.92
2009-03-15 03:00:00,21.44
2009-03-15 04:00:00,16.80
2009-03-15 05:00:00,17.70
2009-03-15 06:00:00,16.07
2009-03-15 07:00:00,22.39
2009-03-15 08:00:00,99.67
2009-03-15 09:00:00,199.75
2009-03-15 10:00:00,91.59
2009-03-15 11:00:00,76.48
2009-03-15 12:00:00,97.10
2009-03-15 13:00:00,48.67
2009-03-15 14:00:00,158.07
2009-03-15 15:00:00,82.27
2009-03-15 16:00:00,28.96
2009-03-15 17:00:00,85.74
2009-03-15 18:00:00,35.64
2009-03-15 19:00:00,133.99
2009-03-15 20:00:00,93.81
2009-03-15 21:00:00,91.26
2009-03-15 22:00:00,164.92
2009-03-15 23:00:00,76.16
2009-03-16 00:00:00,22.17
2009-03-16 01:00:00,18.73
2009-03-16 02:00:00,17.45
2009-03-16 03:00:00,17.95
2009-03-16 04:00:00,16.61
2009-03-16 05:00:00,15.84
2009-03-16 06:00:00,98.25
2009-03-16 07:00:00,117.02
2009-03-16 08:00:00,81.78
2009-03-16 09:00:00,81.08
2009-03-16 10:00:00,81.58
2009-03-16 11:00:00,82.42
2009-03-16 12:00:00,81.10
2009-03-16 13:00:00,61.17
2009-03-16 14:00:00,15.98
2009-03-16 15:00:00,16.66
2009-03-16 16:00:00,18.93
2009-03-16 17:00:00,17.87
2009-03-16 18:00:00,19.12
2009-03-16 19:00:00,59.51
2009-03-16 20:00:00,102.01
2009-03-16 21:00:00,172.60
2009-03-16 22:00:00,99.41
2009-03-16 23:00:00,22.79
2009-03-17 00:00:00,18.14
2009-03-17 01:00:00,18.91
2009-03-17 02:00:00,59.06
2009-03-17 03:00:00,15.83
2009-03-17 04:00:00,18.29
2009-03-17 05:00:00,16.48
2009-03-17 06:00:00,41.24
2009-03-17 07:00:00,107.14
2009-03-17 08:00:00,129.58
2009-03-17 09:00:00,96.72
2009-03-17 10:00:00,117.76
2009-03-17 11:00:00,102.31
2009-03-17 12:00:00,88.13
2009-03-17 13:00:00,88.79
2009-03-17 14:00:00,92.00
2009-03-17 15:00:00,88.16
2009-03-17 16:00:00,76.48
2009-03-17 17:00:00,23.69
2009-03-17 18:00:00,24.62
2009-03-17 19:00:00,139.54
2009-03-17 20:00:00,232.48
2009-03-17 21:00:00,164.19
2009-03-17 22:00:00,133.68
2009-03-17 23:00:00,38.70
2009-03-18 00:00:00,19.33
2009-03-18 01:00:00,33.61
2009-03-18 02:00:00,43.06
2009-03-18 03:00:00,18.93
2009-03-18 04:00:00,16.19
2009-03-18 05:00:00,18.19
2009-03-18 06:00:00,67.53
2009-03-18 07:00:00,111.30
2009-03-18 08:00:00,83.15
2009-03-18 09:00:00,80.36
2009-03-18 10:00:00,85.59
2009-03-18 11:00:00,90.56
2009-03-18 12:00:00,92.15
2009-03-18 13:00:00,85.25
2009-03-18 14:00:00,84.65
2009-03-18 15:00:00,43.69
2009-03-18 16:00:00,22.85
2009-03-18 17:00:00,23.93
2009-03-18 18:00:00,20.31
2009-03-18 19:00:00,60.27
2009-03-18 20:00:00,61.66
2009-03-18 21:00:00,152.83
2009-03-18 22:00:00,118.54
2009-03-18 23:00:00,16.74
2009-03-19 00:00:00,18.64
2009-03-19 01:00:00,16.04
2009-03-19 02:00:00,18.64
2009-03-19 03:00:00,17.42
2009-03-19 04:00:00,16.27
2009-03-19 05:00:00,29.08
2009-03-19 06:00:00,77.02
2009-03-19 07:00:00,112.67
2009-03-19 08:00:00,81.61
2009-03-19 09:00:00,80.33
2009-03-19 10:00:00,80.89
2009-03-19 11:00:00,79.09
2009-03-19 12:00:00,81.28
2009-03-19 13:00:00,80.82
2009-03-19 14:00:00,81.38
2009-03-19 15:00:00,20.32
2009-03-19 16:00:00,16.13
2009-03-19 17:00:00,17.80
2009-03-19 18:00:00,22.82
2009-03-19 19:00:00,65.84
2009-03-19 20:00:00,39.79
2009-03-19 21:00:00,37.89
2009-03-19 22:00:00,43.35
2009-03-19 23:00:00,56.39
2009-03-20 00:00:00,63.96
2009-03-20 01:00:00,18.12
2009-03-20 02:00:00,16.33
2009-03-20 03:00:00,17.88
2009-03-20 04:00:00,16.60
2009-03-20 05:00:00,17.68
2009-03-20 06:00:00,41.72
2009-03-20 07:00:00,113.12
2009-03-20 08:00:00,84.16
2009-03-20 09:00:00,80.21
2009-03-20 10:00:00,82.84
2009-03-20 11:00:00,80.88
2009-03-20 12:00:00,81.65
2009-03-20 13:00:00,70.27
2009-03-20 14:00:00,24.01
2009-03-20 15:00:00,18.19
2009-03-20 16:00:00,20.88
2009-03-20 17:00:00,88.19
2009-03-20 18:00:00,19.29
2009-03-20 19:00:00,187.66
2009-03-20 20:00:00,134.47
2009-03-20 21:00:00,91.21
2009-03-20 22:00:00,39.19
2009-03-20 23:00:00,55.41
2009-03-21 00:00:00,16.83
2009-03-21 01:00:00,17.71
2009-03-21 02:00:00,15.96
2009-03-21 03:00:00,18.04
2009-03-21 04:00:00,16.91
2009-03-21 05:00:00,16.25
2009-03-21 06:00:00,18.38
2009-03-21 07:00:00,79.23
2009-03-21 08:00:00,164.80
2009-03-21 09:00:00,92.68
2009-03-21 10:00:00,113.36
2009-03-21 11:00:00,44.01
2009-03-21 12:00:00,59.05
2009-03-21 13:00:00,67.30
2009-03-21 14:00:00,30.11
2009-03-21 15:00:00,28.02
2009-03-21 16:00:00,101.19
2009-03-21 17:00:00,175.57
2009-03-21 18:00:00,162.78
2009-03-21 19:00:00,215.64
2009-03-21 20:00:00,178.59
2009-03-21 21:00:00,156.92
2009-03-21 22:00:00,85.15
2009-03-21 23:00:00,55.55
2009-03-22 00:00:00,23.95
2009-03-22 01:00:00,17.57
2009-03-22 02:00:00,16.58
2009-03-22 03:00:00,18.95
2009-03-22 04:00:00,27.39
2009-03-22 05:00:00,38.09
2009-03-22 06:00:00,16.70
2009-03-22 07:00:00,43.80
2009-03-22 08:00:00,21.77
2009-03-22 09:00:00,31.65
2009-03-22 10:00:00,33.05
2009-03-22 11:00:00,21.22
2009-03-22 12:00:00,174.02
2009-03-22 13:00:00,128.98
2009-03-22 14:00:00,123.68
2009-03-22 15:00:00,141.74
2009-03-22 16:00:00,181.71
2009-03-22 17:00:00,149.02
2009-03-22 18:00:00,94.69
2009-03-22 19:00:00,96.77
2009-03-22 20:00:00,95.86
2009-03-22 21:00:00,103.20
2009-03-22 22:00:00,61.23
2009-03-22 23:00:00,27.53
2009-03-23 00:00:00,27.80
2009-03-23 01:00:00,26.85
2009-03-23 02:00:00,28.53
2009-03-23 03:00:00,25.88
2009-03-23 04:00:00,26.23
2009-03-23 05:00:00,28.23
2009-03-23 06:00:00,93.52
2009-03-23 07:00:00,157.67
2009-03-23 08:00:00,90.86
2009-03-23 09:00:00,90.33
2009-03-23 10:00:00,55.14
2009-03-23 11:00:00,35.34
2009-03-23 12:00:00,25.08
2009-03-23 13:00:00,21.35
2009-03-23 14:00:00,22.17
2009-03-23 15:00:00,23.02
2009-03-23 16:00:00,19.02
2009-03-23 17:00:00,27.38
2009-03-23 18:00:00,80.71
2009-03-23 19:00:00,106.52
2009-03-23 20:00:00,137.65
2009-03-23 21:00:00,74.74
2009-03-23 22:00:00,51.55
2009-03-23 23:00:00,20.86
2009-03-24 00:00:00,21.20
2009-03-24 01:00:00,22.60
2009-03-24 02:00:00,20.85
2009-03-24 03:00:00,21.48
2009-03-24 04:00:00,35.44
2009-03-24 05:00:00,43.77
2009-03-24 06:00:00,77.60
2009-03-24 07:00:00,149.40
2009-03-24 08:00:00,100.31
2009-03-24 09:00:00,84.19
2009-03-24 10:00:00,107.35
2009-03-24 11:00:00,97.83
2009-03-24 12:00:00,83.28
2009-03-24 13:00:00,76.89
2009-03-24 14:00:00,20.30
2009-03-24 15:00:00,19.23
2009-03-24 16:00:00,21.65
2009-03-24 17:00:00,23.14
2009-03-24 18:00:00,29.50
2009-03-24 19:00:00,224.47
2009-03-24 20:00:00,138.06
2009-03-24 21:00:00,114.75
2009-03-24 22:00:00,107.85
2009-03-24 23:00:00,20.57
2009-03-25 00:00:00,20.12
2009-03-25 01:00:00,16.29
2009-03-25 02:00:00,19.36
2009-03-25 03:00:00,17.06
2009-03-25 04:00:00,19.04
2009-03-25 05:00:00,21.65
2009-03-25 06:00:00,104.43
2009-03-25 07:00:00,127.80
2009-03-25 08:00:00,119.26
2009-03-25 09:00:00,113.24
2009-03-25 10:00:00,85.41
2009-03-25 11:00:00,122.04
2009-03-25 12:00:00,76.25
2009-03-25 13:00:00,91.57
2009-03-25 14:00:00,91.45
2009-03-25 15:00:00,54.51
2009-03-25 16:00:00,25.21
2009-03-25 17:00:00,18.93
2009-03-25 18:00:00,41.15
2009-03-25 19:00:00,144.68
2009-03-25 20:00:00,174.99
2009-03-25 21:00:00,104.20
2009-03-25 22:00:00,129.32
2009-03-25 23:00:00,100.82
2009-03-26 00:00:00,16.58
2009-03-26 01:00:00,17.62
2009-03-26 02:00:00,17.75
2009-03-26 03:00:00,16.59
2009-03-26 04:00:00,18.66
2009-03-26 05:00:00,16.13
2009-03-26 06:00:00,79.06
2009-03-26 07:00:00,119.06
2009-03-26 08:00:00,82.20
2009-03-26 09:00:00,82.43
2009-03-26 10:00:00,80.14
2009-03-26 11:00:00,80.05
2009-03-26 12:00:00,64.82
2009-03-26 13:00:00,16.29
2009-03-26 14:00:00,18.12
2009-03-26 15:00:00,17.17
2009-03-26 16:00:00,16.81
2009-03-26 17:00:00,26.28
2009-03-26 18:00:00,25.15
2009-03-26 19:00:00,63.57
2009-03-26 20:00:00,156.45
2009-03-26 21:00:00,83.45
2009-03-26 22:00:00,34.28
2009-03-26 23:00:00,62.38
2009-03-27 00:00:00,23.62
2009-03-27 01:00:00,22.70
2009-03-27 02:00:00,22.63
2009-03-27 03:00:00,22.96
2009-03-27 04:00:00,22.64
2009-03-27 05:00:00,22.23
2009-03-27 06:00:00,75.08
2009-03-27 07:00:00,148.71
2009-03-27 08:00:00,104.38
2009-03-27 09:00:00,117.98
2009-03-27 10:00:00,85.28
2009-03-27 11:00:00,85.41
2009-03-27 12:00:00,86.63
2009-03-27 13:00:00,68.32
2009-03-27 14:00:00,32.18
2009-03-27 15:00:00,21.85
2009-03-27 16:00:00,35.67
2009-03-27 17:00:00,101.24
2009-03-27 18:00:00,103.94
2009-03-27 19:00:00,112.20
2009-03-27 20:00:00,174.09
2009-03-27 21:00:00,140.33
2009-03-27 22:00:00,63.12
2009-03-27 23:00:00,20.74
2009-03-28 00:00:00,20.39
2009-03-28 01:00:00,56.16
2009-03-28 02:00:00,20.08
2009-03-28 03:00:00,21.13
2009-03-28 04:00:00,19.00
2009-03-28 05:00:00,19.63
2009-03-28 06:00:00,43.20
2009-03-28 07:00:00,114.32
2009-03-28 08:00:00,115.68
2009-03-28 09:00:00,87.86
2009-03-28 10:00:00,119.81
2009-03-28 11:00:00,77.73
2009-03-28 12:00:00,153.84
2009-03-28 13:00:00,97.22
2009-03-28 14:00:00,48.54
2009-03-28 15:00:00,61.76
2009-03-28 16:00:00,72.08
2009-03-28 17:00:00,132.46
2009-03-28 18:00:00,262.50
2009-03-28 19:00:00,171.51
2009-03-28 20:00:00,133.65
2009-03-28 21:00:00,90.13
2009-03-28 22:00:00,143.14
2009-03-28 23:00:00,179.15
2009-03-29 00:00:00,94.76
2009-03-29 01:00:00,78.85
2009-03-29 02:00:00,67.52
2009-03-29 03:00:00,67.22
2009-03-29 04:00:00,69.45
2009-03-29 05:00:00,66.19
2009-03-29 06:00:00,67.24
2009-03-29 07:00:00,69.01
2009-03-29 08:00:00,112.06
2009-03-29 09:00:00,86.88
2009-03-29 10:00:00,112.66
2009-03-29 11:00:00,35.06
2009-03-29 12:00:00,78.60
2009-03-29 13:00:00,96.02
2009-03-29 14:00:00,169.18
2009-03-29 15:00:00,154.15
2009-03-29 16:00:00,114.72
2009-03-29 17:00:00,89.43
2009-03-29 18:00:00,95.35
2009-03-29 19:00:00,106.16
2009-03-29 20:00:00,125.90
2009-03-29 21:00:00,196.71
2009-03-29 22:00:00,37.39
2009-03-29 23:00:00,26.11
2009-03-30 00:00:00,21.10
2009-03-30 01:00:00,19.64
2009-03-30 02:00:00,22.17
2009-03-30 03:00:00,19.73
2009-03-30 04:00:00,57.51
2009-03-30 05:00:00,20.06
2009-03-30 06:00:00,43.13
2009-03-30 07:00:00,142.43
2009-03-30 08:00:00,90.26
2009-03-30 09:00:00,84.18
2009-03-30 10:00:00,84.52
2009-03-30 11:00:00,82.47
2009-03-30 12:00:00,85.21
2009-03-30 13:00:00,84.94
2009-03-30 14:00:00,43.24
2009-03-30 15:00:00,21.33
2009-03-30 16:00:00,20.27
2009-03-30 17:00:00,24.29
2009-03-30 18:00:00,39.73
2009-03-30 19:00:00,72.43
2009-03-30 20:00:00,128.72
2009-03-30 21:00:00,168.24
2009-03-30 22:00:00,79.04
2009-03-30 23:00:00,22.83
2009-03-31 00:00:00,20.79
2009-03-31 01:00:00,22.16
2009-03-31 02:00:00,20.89
2009-03-31 03:00:00,20.60
2009-03-31 04:00:00,21.68
2009-03-31 05:00:00,26.27
2009-03-31 06:00:00,98.92
2009-03-31 07:00:00,122.56
2009-03-31 08:00:00,88.91
2009-03-31 09:00:00,103.91
2009-03-31 10:00:00,93.61
2009-03-31 11:00:00,90.37
2009-03-31 12:00:00,84.56
2009-03-31 13:00:00,143.61
2009-03-31 14:00:00,135.85
2009-03-31 15:00:00,119.11
2009-03-31 16:00:00,86.53
2009-03-31 17:00:00,48.55
2009-03-31 18:00:00,17.83
2009-03-31 19:00:00,61.95
2009-03-31 20:00:00,210.40
2009-03-31 21:00:00,122.36
2009-03-31 22:00:00,38.13
2009-03-31 23:00:00,23.93
2009-04-01 00:00:00,59.10
2009-04-01 01:00:00,44.58
2009-04-01 02:00:00,44.02
2009-04-01 03:00:00,42.15
2009-04-01 04:00:00,83.00
2009-04-01 05:00:00,41.74
2009-04-01 06:00:00,57.70
2009-04-01 07:00:00,142.20
2009-04-01 08:00:00,176.04
2009-04-01 09:00:00,82.53
2009-04-01 10:00:00,85.67
2009-04-01 11:00:00,87.22
2009-04-01 12:00:00,19.75
2009-04-01 13:00:00,56.04
2009-04-01 14:00:00,31.70
2009-04-01 15:00:00,20.44
2009-04-01 16:00:00,22.08
2009-04-01 17:00:00,23.68
2009-04-01 18:00:00,22.71
2009-04-01 19:00:00,145.61
2009-04-01 20:00:00,129.03
2009-04-01 21:00:00,136.84
2009-04-01 22:00:00,66.13
2009-04-01 23:00:00,21.17
2009-04-02 00:00:00,21.02
2009-04-02 01:00:00,22.16
2009-04-02 02:00:00,20.24
2009-04-02 03:00:00,22.47
2009-04-02 04:00:00,20.36
2009-04-02 05:00:00,47.14
2009-04-02 06:00:00,48.50
2009-04-02 07:00:00,156.80
2009-04-02 08:00:00,95.78
2009-04-02 09:00:00,83.94
2009-04-02 10:00:00,86.13
2009-04-02 11:00:00,83.22
2009-04-02 12:00:00,84.61
2009-04-02 13:00:00,87.50
2009-04-02 14:00:00,86.04
2009-04-02 15:00:00,88.39
2009-04-02 16:00:00,80.55
2009-04-02 17:00:00,20.18
2009-04-02 18:00:00,29.64
2009-04-02 19:00:00,86.42
2009-04-02 20:00:00,171.55
2009-04-02 21:00:00,111.19
2009-04-02 22:00:00,68.26
2009-04-02 23:00:00,22.25
2009-04-03 00:00:00,21.27
2009-04-03 01:00:00,20.35
2009-04-03 02:00:00,29.92
2009-04-03 03:00:00,47.52
2009-04-03 04:00:00,19.66
2009-04-03 05:00:00,21.10
2009-04-03 06:00:00,55.49
2009-04-03 07:00:00,136.96
2009-04-03 08:00:00,88.76
2009-04-03 09:00:00,83.54
2009-04-03 10:00:00,84.21
2009-04-03 11:00:00,20.93
2009-04-03 12:00:00,22.76
2009-04-03 13:00:00,71.67
2009-04-03 14:00:00,103.55
2009-04-03 15:00:00,52.34
2009-04-03 16:00:00,21.88
2009-04-03 17:00:00,90.58
2009-04-03 18:00:00,44.87
2009-04-03 19:00:00,21.46
2009-04-03 20:00:00,78.53
2009-04-03 21:00:00,98.83
2009-04-03 22:00:00,104.72
2009-04-03 23:00:00,22.35
2009-04-04 00:00:00,23.26
2009-04-04 01:00:00,21.28
2009-04-04 02:00:00,24.11
2009-04-04 03:00:00,21.54
2009-04-04 04:00:00,21.57
2009-04-04 05:00:00,23.02
2009-04-04 06:00:00,56.73
2009-04-04 07:00:00,68.81
2009-04-04 08:00:00,105.29
2009-04-04 09:00:00,89.93
2009-04-04 10:00:00,88.88
2009-04-04 11:00:00,125.84
2009-04-04 12:00:00,155.27
2009-04-04 13:00:00,81.46
2009-04-04 14:00:00,93.68
2009-04-04 15:00:00,194.06
2009-04-04 16:00:00,144.73
2009-04-04 17:00:00,118.56
2009-04-04 18:00:00,110.42
2009-04-04 19:00:00,136.88
2009-04-04 20:00:00,186.92
2009-04-04 21:00:00,101.51
2009-04-04 22:00:00,108.31
2009-04-04 23:00:00,89.17
2009-04-05 00:00:00,86.79
2009-04-05 01:00:00,22.59
2009-04-05 02:00:00,22.05
2009-04-05 03:00:00,23.48
2009-04-05 04:00:00,21.08
2009-04-05 05:00:00,23.57
2009-04-05 06:00:00,21.01
2009-04-05 07:00:00,89.46
2009-04-05 08:00:00,76.45
2009-04-05 09:00:00,55.66
2009-04-05 10:00:00,83.08
2009-04-05 11:00:00,143.16
2009-04-05 12:00:00,167.05
2009-04-05 13:00:00,67.42
2009-04-05 14:00:00,25.57
2009-04-05 15:00:00,19.97
2009-04-05 16:00:00,23.01
2009-04-05 17:00:00,52.14
2009-04-05 18:00:00,45.15
2009-04-05 19:00:00,50.79
2009-04-05 20:00:00,131.01
2009-04-05 21:00:00,75.57
2009-04-05 22:00:00,26.22
2009-04-05 23:00:00,23.44
2009-04-06 00:00:00,22.51
2009-04-06 01:00:00,20.25
2009-04-06 02:00:00,22.54
2009-04-06 03:00:00,24.60
2009-04-06 04:00:00,49.65
2009-04-06 05:00:00,20.45
2009-04-06 06:00:00,53.01
2009-04-06 07:00:00,119.12
2009-04-06 08:00:00,89.12
2009-04-06 09:00:00,84.38
2009-04-06 10:00:00,84.10
2009-04-06 11:00:00,86.89
2009-04-06 12:00:00,84.40
2009-04-06 13:00:00,86.62
2009-04-06 14:00:00,66.54
2009-04-06 15:00:00,20.97
2009-04-06 16:00:00,21.27
2009-04-06 17:00:00,21.58
2009-04-06 18:00:00,22.87
2009-04-06 19:00:00,99.73
2009-04-06 20:00:00,128.57
2009-04-06 21:00:00,127.05
2009-04-06 22:00:00,53.30
2009-04-06 23:00:00,43.12
2009-04-07 00:00:00,44.48
2009-04-07 01:00:00,22.52
2009-04-07 02:00:00,20.88
2009-04-07 03:00:00,22.35
2009-04-07 04:00:00,21.00
2009-04-07 05:00:00,22.26
2009-04-07 06:00:00,79.46
2009-04-07 07:00:00,132.56
2009-04-07 08:00:00,90.37
2009-04-07 09:00:00,90.93
2009-04-07 10:00:00,91.42
2009-04-07 11:00:00,95.93
2009-04-07 12:00:00,85.22
2009-04-07 13:00:00,45.43
2009-04-07 14:00:00,20.35
2009-04-07 15:00:00,20.70
2009-04-07 16:00:00,20.11
2009-04-07 17:00:00,22.20
2009-04-07 18:00:00,27.61
2009-04-07 19:00:00,42.43
2009-04-07 20:00:00,126.98
2009-04-07 21:00:00,138.57
2009-04-07 22:00:00,117.39
2009-04-07 23:00:00,38.94
2009-04-08 00:00:00,69.82
2009-04-08 01:00:00,25.37
2009-04-08 02:00:00,26.91
2009-04-08 03:00:00,24.39
2009-04-08 04:00:00,23.97
2009-04-08 05:00:00,24.59
2009-04-08 06:00:00,49.47
2009-04-08 07:00:00,132.78
2009-04-08 08:00:00,88.66
2009-04-08 09:00:00,90.65
2009-04-08 10:00:00,92.06
2009-04-08 11:00:00,91.37
2009-04-08 12:00:00,33.89
2009-04-08 13:00:00,34.54
2009-04-08 14:00:00,135.27
2009-04-08 15:00:00,59.22
2009-04-08 16:00:00,52.73
2009-04-08 17:00:00,47.36
2009-04-08 18:00:00,25.97
2009-04-08 19:00:00,27.55
2009-04-08 20:00:00,125.30
2009-04-08 21:00:00,146.70
2009-04-08 22:00:00,80.60
2009-04-08 23:00:00,25.45
2009-04-09 00:00:00,25.89
2009-04-09 01:00:00,30.13
2009-04-09 02:00:00,21.58
2009-04-09 03:00:00,21.80
2009-04-09 04:00:00,22.60
2009-04-09 05:00:00,60.19
2009-04-09 06:00:00,93.49
2009-04-09 07:00:00,180.08
2009-04-09 08:00:00,90.97
2009-04-09 09:00:00,84.37
2009-04-09 10:00:00,90.71
2009-04-09 11:00:00,93.74
2009-04-09 12:00:00,92.59
2009-04-09 13:00:00,73.07
2009-04-09 14:00:00,25.64
2009-04-09 15:00:00,21.14
2009-04-09 16:00:00,23.44
2009-04-09 17:00:00,30.47
2009-04-09 18:00:00,70.07
2009-04-09 19:00:00,203.81
2009-04-09 20:00:00,190.24
2009-04-09 21:00:00,205.00
2009-04-09 22:00:00,101.42
2009-04-09 23:00:00,38.01
2009-04-10 00:00:00,25.93
2009-04-10 01:00:00,19.86
2009-04-10 02:00:00,44.24
2009-04-10 03:00:00,37.50
2009-04-10 04:00:00,23.67
2009-04-10 05:00:00,20.41
2009-04-10 06:00:00,53.18
2009-04-10 07:00:00,156.62
2009-04-10 08:00:00,131.55
2009-04-10 09:00:00,122.49
2009-04-10 10:00:00,88.62
2009-04-10 11:00:00,87.21
2009-04-10 12:00:00,99.81
2009-04-10 13:00:00,91.13
2009-04-10 14:00:00,95.31
2009-04-10 15:00:00,33.63
2009-04-10 16:00:00,24.27
2009-04-10 17:00:00,41.35
2009-04-10 18:00:00,81.88
2009-04-10 19:00:00,151.61
2009-04-10 20:00:00,155.68
2009-04-10 21:00:00,114.02
2009-04-10 22:00:00,107.97
2009-04-10 23:00:00,34.16
2009-04-11 00:00:00,25.21
2009-04-11 01:00:00,21.67
2009-04-11 02:00:00,26.32
2009-04-11 03:00:00,19.35
2009-04-11 04:00:00,23.83
2009-04-11 05:00:00,18.99
2009-04-11 06:00:00,37.20
2009-04-11 07:00:00,128.82
2009-04-11 08:00:00,93.36
2009-04-11 09:00:00,88.68
2009-04-11 10:00:00,98.32
2009-04-11 11:00:00,207.13
2009-04-11 12:00:00,96.92
2009-04-11 13:00:00,102.66
2009-04-11 14:00:00,95.48
2009-04-11 15:00:00,91.37
2009-04-11 16:00:00,118.93
2009-04-11 17:00:00,96.32
2009-04-11 18:00:00,120.61
2009-04-11 19:00:00,258.28
2009-04-11 20:00:00,248.71
2009-04-11 21:00:00,164.34
2009-04-11 22:00:00,183.09
2009-04-11 23:00:00,96.85
2009-04-12 00:00:00,89.19
2009-04-12 01:00:00,88.09
2009-04-12 02:00:00,87.76
2009-04-12 03:00:00,65.35
2009-04-12 04:00:00,21.50
2009-04-12 05:00:00,26.95
2009-04-12 06:00:00,18.54
2009-04-12 07:00:00,106.56
2009-04-12 08:00:00,118.44
2009-04-12 09:00:00,92.12
2009-04-12 10:00:00,87.69
2009-04-12 11:00:00,54.53
2009-04-12 12:00:00,31.48
2009-04-12 13:00:00,42.98
2009-04-12 14:00:00,93.65
2009-04-12 15:00:00,29.56
2009-04-12 16:00:00,35.39
2009-04-12 17:00:00,41.59
2009-04-12 18:00:00,106.07
2009-04-12 19:00:00,159.19
2009-04-12 20:00:00,305.90
2009-04-12 21:00:00,308.04
2009-04-12 22:00:00,89.04
2009-04-12 23:00:00,41.42
2009-04-13 00:00:00,25.11
2009-04-13 01:00:00,27.42
2009-04-13 02:00:00,24.80
2009-04-13 03:00:00,47.49
2009-04-13 04:00:00,35.76
2009-04-13 05:00:00,25.70
2009-04-13 06:00:00,56.56
2009-04-13 07:00:00,55.82
2009-04-13 08:00:00,179.17
2009-04-13 09:00:00,103.95
2009-04-13 10:00:00,47.76
2009-04-13 11:00:00,34.59
2009-04-13 12:00:00,34.23
2009-04-13 13:00:00,48.26
2009-04-13 14:00:00,34.14
2009-04-13 15:00:00,27.43
2009-04-13 16:00:00,72.73
2009-04-13 17:00:00,27.80
2009-04-13 18:00:00,71.42
2009-04-13 19:00:00,50.51
2009-04-13 20:00:00,207.49
2009-04-13 21:00:00,156.95
2009-04-13 22:00:00,123.40
2009-04-13 23:00:00,81.43
2009-04-14 00:00:00,25.64
2009-04-14 01:00:00,27.55
2009-04-14 02:00:00,26.88
2009-04-14 03:00:00,24.23
2009-04-14 04:00:00,27.32
2009-04-14 05:00:00,23.63
2009-04-14 06:00:00,57.76
2009-04-14 07:00:00,123.25
2009-04-14 08:00:00,100.07
2009-04-14 09:00:00,85.59
2009-04-14 10:00:00,105.20
2009-04-14 11:00:00,77.43
2009-04-14 12:00:00,83.00
2009-04-14 13:00:00,25.97
2009-04-14 14:00:00,25.37
2009-04-14 15:00:00,25.39
2009-04-14 16:00:00,27.30
2009-04-14 17:00:00,25.66
2009-04-14 18:00:00,27.79
2009-04-14 19:00:00,160.54
2009-04-14 20:00:00,134.01
2009-04-14 21:00:00,112.25
2009-04-14 22:00:00,108.14
2009-04-14 23:00:00,41.57
2009-04-15 00:00:00,30.03
2009-04-15 01:00:00,34.74
2009-04-15 02:00:00,36.29
2009-04-15 03:00:00,32.12
2009-04-15 04:00:00,31.99
2009-04-15 05:00:00,31.18
2009-04-15 06:00:00,54.22
2009-04-15 07:00:00,98.91
2009-04-15 08:00:00,72.11
2009-04-15 09:00:00,27.83
2009-04-15 10:00:00,22.27
2009-04-15 11:00:00,27.77
2009-04-15 12:00:00,23.55
2009-04-15 13:00:00,26.34
2009-04-15 14:00:00,24.68
2009-04-15 15:00:00,25.88
2009-04-15 16:00:00,40.02
2009-04-15 17:00:00,47.89
2009-04-15 18:00:00,42.68
2009-04-15 19:00:00,110.46
2009-04-15 20:00:00,125.24
2009-04-15 21:00:00,146.07
2009-04-15 22:00:00,77.94
2009-04-15 23:00:00,25.84
2009-04-16 00:00:00,28.22
2009-04-16 01:00:00,26.15
2009-04-16 02:00:00,24.39
2009-04-16 03:00:00,26.98
2009-04-16 04:00:00,60.50
2009-04-16 05:00:00,27.85
2009-04-16 06:00:00,23.50
2009-04-16 07:00:00,111.82
2009-04-16 08:00:00,92.74
2009-04-16 09:00:00,89.85
2009-04-16 10:00:00,84.73
2009-04-16 11:00:00,92.38
2009-04-16 12:00:00,35.12
2009-04-16 13:00:00,27.44
2009-04-16 14:00:00,22.17
2009-04-16 15:00:00,28.18
2009-04-16 16:00:00,22.06
2009-04-16 17:00:00,28.92
2009-04-16 18:00:00,48.50
2009-04-16 19:00:00,170.33
2009-04-16 20:00:00,90.40
2009-04-16 21:00:00,154.20
2009-04-16 22:00:00,129.63
2009-04-16 23:00:00,118.46
2009-04-17 00:00:00,87.15
2009-04-17 01:00:00,86.87
2009-04-17 02:00:00,86.81
2009-04-17 03:00:00,84.36
2009-04-17 04:00:00,89.12
2009-04-17 05:00:00,94.01
2009-04-17 06:00:00,162.88
2009-04-17 07:00:00,150.68
2009-04-17 08:00:00,89.81
2009-04-17 09:00:00,54.85
2009-04-17 10:00:00,23.05
2009-04-17 11:00:00,23.78
2009-04-17 12:00:00,25.70
2009-04-17 13:00:00,24.65
2009-04-17 14:00:00,45.93
2009-04-17 15:00:00,48.75
2009-04-17 16:00:00,39.35
2009-04-17 17:00:00,92.94
2009-04-17 18:00:00,52.29
2009-04-17 19:00:00,67.97
2009-04-17 20:00:00,168.69
2009-04-17 21:00:00,165.67
2009-04-17 22:00:00,92.36
2009-04-17 23:00:00,185.16
2009-04-18 00:00:00,47.14
2009-04-18 01:00:00,28.32
2009-04-18 02:00:00,28.08
2009-04-18 03:00:00,26.02
2009-04-18 04:00:00,58.55
2009-04-18 05:00:00,26.45
2009-04-18 06:00:00,24.41
2009-04-18 07:00:00,91.22
2009-04-18 08:00:00,95.68
2009-04-18 09:00:00,109.48
2009-04-18 10:00:00,101.85
2009-04-18 11:00:00,135.73
2009-04-18 12:00:00,117.06
2009-04-18 13:00:00,92.20
2009-04-18 14:00:00,87.74
2009-04-18 15:00:00,91.73
2009-04-18 16:00:00,43.43
2009-04-18 17:00:00,26.08
2009-04-18 18:00:00,39.31
2009-04-18 19:00:00,124.27
2009-04-18 20:00:00,29.76
2009-04-18 21:00:00,29.51
2009-04-18 22:00:00,30.10
2009-04-18 23:00:00,28.13
2009-04-19 00:00:00,22.67
2009-04-19 01:00:00,24.52
2009-04-19 02:00:00,22.45
2009-04-19 03:00:00,21.48
2009-04-19 04:00:00,54.14
2009-04-19 05:00:00,41.49
2009-04-19 06:00:00,23.89
2009-04-19 07:00:00,23.84
2009-04-19 08:00:00,28.21
2009-04-19 09:00:00,26.91
2009-04-19 10:00:00,88.86
2009-04-19 11:00:00,84.76
2009-04-19 12:00:00,83.84
2009-04-19 13:00:00,84.02
2009-04-19 14:00:00,78.04
2009-04-19 15:00:00,20.80
2009-04-19 16:00:00,22.08
2009-04-19 17:00:00,20.05
2009-04-19 18:00:00,22.19
2009-04-19 19:00:00,29.23
2009-04-19 20:00:00,122.31
2009-04-19 21:00:00,191.22
2009-04-19 22:00:00,108.89
2009-04-19 23:00:00,40.59
2009-04-20 00:00:00,25.19
2009-04-20 01:00:00,20.84
2009-04-20 02:00:00,24.04
2009-04-20 03:00:00,18.43
2009-04-20 04:00:00,21.09
2009-04-20 05:00:00,29.69
2009-04-20 06:00:00,94.15
2009-04-20 07:00:00,103.57
2009-04-20 08:00:00,86.62
2009-04-20 09:00:00,136.38
2009-04-20 10:00:00,116.51
2009-04-20 11:00:00,82.95
2009-04-20 12:00:00,87.27
2009-04-20 13:00:00,65.96
2009-04-20 14:00:00,19.99
2009-04-20 15:00:00,24.45
2009-04-20 16:00:00,26.05
2009-04-20 17:00:00,112.21
2009-04-20 18:00:00,42.64
2009-04-20 19:00:00,81.43
2009-04-20 20:00:00,76.41
2009-04-20 21:00:00,73.00
2009-04-20 22:00:00,63.95
2009-04-20 23:00:00,53.70
2009-04-21 00:00:00,100.16
2009-04-21 01:00:00,94.72
2009-04-21 02:00:00,81.60
2009-04-21 03:00:00,87.69
2009-04-21 04:00:00,80.96
2009-04-21 05:00:00,84.85
2009-04-21 06:00:00,141.17
2009-04-21 07:00:00,158.95
2009-04-21 08:00:00,78.77
2009-04-21 09:00:00,23.40
2009-04-21 10:00:00,48.56
2009-04-21 11:00:00,98.15
2009-04-21 12:00:00,60.57
2009-04-21 13:00:00,43.12
2009-04-21 14:00:00,42.51
2009-04-21 15:00:00,21.23
2009-04-21 16:00:00,26.94
2009-04-21 17:00:00,24.00
2009-04-21 18:00:00,56.11
2009-04-21 19:00:00,119.35
2009-04-21 20:00:00,167.59
2009-04-21 21:00:00,108.61
2009-04-21 22:00:00,105.58
2009-04-21 23:00:00,40.01
2009-04-22 00:00:00,27.73
2009-04-22 01:00:00,20.06
2009-04-22 02:00:00,22.71
2009-04-22 03:00:00,21.06
2009-04-22 04:00:00,56.51
2009-04-22 05:00:00,21.30
2009-04-22 06:00:00,35.79
2009-04-22 07:00:00,100.68
2009-04-22 08:00:00,87.84
2009-04-22 09:00:00,95.13
2009-04-22 10:00:00,95.05
2009-04-22 11:00:00,130.05
2009-04-22 12:00:00,138.24
2009-04-22 13:00:00,92.88
2009-04-22 14:00:00,121.74
2009-04-22 15:00:00,119.61
2009-04-22 16:00:00,89.25
2009-04-22 17:00:00,47.22
2009-04-22 18:00:00,30.25
2009-04-22 19:00:00,24.05
2009-04-22 20:00:00,26.85
2009-04-22 21:00:00,22.78
2009-04-22 22:00:00,38.80
2009-04-22 23:00:00,30.62
2009-04-23 00:00:00,55.87
2009-04-23 01:00:00,55.55
2009-04-23 02:00:00,25.07
2009-04-23 03:00:00,25.54
2009-04-23 04:00:00,24.08
2009-04-23 05:00:00,25.47
2009-04-23 06:00:00,46.38
2009-04-23 07:00:00,67.15
2009-04-23 08:00:00,72.56
2009-04-23 09:00:00,25.91
2009-04-23 10:00:00,22.22
2009-04-23 11:00:00,23.30
2009-04-23 12:00:00,25.65
2009-04-23 13:00:00,24.10
2009-04-23 14:00:00,25.12
2009-04-23 15:00:00,24.95
2009-04-23 16:00:00,24.18
2009-04-23 17:00:00,75.62
2009-04-23 18:00:00,22.78
2009-04-23 19:00:00,42.46
2009-04-23 20:00:00,70.24
2009-04-23 21:00:00,183.58
2009-04-23 22:00:00,122.38
2009-04-23 23:00:00,31.29
2009-04-24 00:00:00,26.39
2009-04-24 01:00:00,23.28
2009-04-24 02:00:00,26.83
2009-04-24 03:00:00,22.48
2009-04-24 04:00:00,65.85
2009-04-24 05:00:00,25.35
2009-04-24 06:00:00,25.20
2009-04-24 07:00:00,88.16
2009-04-24 08:00:00,88.10
2009-04-24 09:00:00,98.43
2009-04-24 10:00:00,91.46
2009-04-24 11:00:00,85.65
2009-04-24 12:00:00,39.98
2009-04-24 13:00:00,26.73
2009-04-24 14:00:00,29.53
2009-04-24 15:00:00,43.67
2009-04-24 16:00:00,61.84
2009-04-24 17:00:00,78.28
2009-04-24 18:00:00,76.32
2009-04-24 19:00:00,32.92
2009-04-24 20:00:00,30.22
2009-04-24 21:00:00,29.88
2009-04-24 22:00:00,38.82
2009-04-24 23:00:00,38.69
2009-04-25 00:00:00,24.39
2009-04-25 01:00:00,56.68
2009-04-25 02:00:00,23.77
2009-04-25 03:00:00,22.07
2009-04-25 04:00:00,22.45
2009-04-25 05:00:00,21.09
2009-04-25 06:00:00,23.51
2009-04-25 07:00:00,43.05
2009-04-25 08:00:00,52.32
2009-04-25 09:00:00,107.19
2009-04-25 10:00:00,193.37
2009-04-25 11:00:00,175.51
2009-04-25 12:00:00,106.72
2009-04-25 13:00:00,129.25
2009-04-25 14:00:00,133.22
2009-04-25 15:00:00,96.52
2009-04-25 16:00:00,106.38
2009-04-25 17:00:00,105.37
2009-04-25 18:00:00,69.85
2009-04-25 19:00:00,57.17
2009-04-25 20:00:00,69.18
2009-04-25 21:00:00,98.92
2009-04-25 22:00:00,180.21
2009-04-25 23:00:00,104.10
2009-04-26 00:00:00,52.43
2009-04-26 01:00:00,37.11
2009-04-26 02:00:00,31.68
2009-04-26 03:00:00,21.88
2009-04-26 04:00:00,22.36
2009-04-26 05:00:00,24.07
2009-04-26 06:00:00,66.23
2009-04-26 07:00:00,41.10
2009-04-26 08:00:00,33.50
2009-04-26 09:00:00,101.23
2009-04-26 10:00:00,132.03
2009-04-26 11:00:00,101.58
2009-04-26 12:00:00,193.04
2009-04-26 13:00:00,132.71
2009-04-26 14:00:00,100.68
2009-04-26 15:00:00,120.71
2009-04-26 16:00:00,129.94
2009-04-26 17:00:00,132.44
2009-04-26 18:00:00,34.37
2009-04-26 19:00:00,40.51
2009-04-26 20:00:00,107.57
2009-04-26 21:00:00,61.48
2009-04-26 22:00:00,34.55
2009-04-26 23:00:00,28.40
2009-04-27 00:00:00,24.72
2009-04-27 01:00:00,24.40
2009-04-27 02:00:00,25.67
2009-04-27 03:00:00,53.35
2009-04-27 04:00:00,25.25
2009-04-27 05:00:00,23.81
2009-04-27 06:00:00,66.85
2009-04-27 07:00:00,128.94
2009-04-27 08:00:00,123.62
2009-04-27 09:00:00,100.00
2009-04-27 10:00:00,26.40
2009-04-27 11:00:00,21.81
2009-04-27 12:00:00,24.39
2009-04-27 13:00:00,24.73
2009-04-27 14:00:00,23.89
2009-04-27 15:00:00,25.26
2009-04-27 16:00:00,24.46
2009-04-27 17:00:00,71.16
2009-04-27 18:00:00,44.51
2009-04-27 19:00:00,66.22
2009-04-27 20:00:00,133.68
2009-04-27 21:00:00,173.18
2009-04-27 22:00:00,67.29
2009-04-27 23:00:00,28.03
2009-04-28 00:00:00,64.94
2009-04-28 01:00:00,25.26
2009-04-28 02:00:00,26.28
2009-04-28 03:00:00,52.79
2009-04-28 04:00:00,31.81
2009-04-28 05:00:00,26.69
2009-04-28 06:00:00,45.52
2009-04-28 07:00:00,135.20
2009-04-28 08:00:00,134.34
2009-04-28 09:00:00,125.61
2009-04-28 10:00:00,99.55
2009-04-28 11:00:00,89.38
2009-04-28 12:00:00,106.44
2009-04-28 13:00:00,116.79
2009-04-28 14:00:00,105.16
2009-04-28 15:00:00,27.15
2009-04-28 16:00:00,26.03
2009-04-28 17:00:00,27.26
2009-04-28 18:00:00,43.28
2009-04-28 19:00:00,85.04
2009-04-28 20:00:00,99.77
2009-04-28 21:00:00,90.13
2009-04-28 22:00:00,81.24
2009-04-28 23:00:00,40.73
2009-04-29 00:00:00,27.15
2009-04-29 01:00:00,23.89
2009-04-29 02:00:00,22.77
2009-04-29 03:00:00,26.09
2009-04-29 04:00:00,21.79
2009-04-29 05:00:00,24.79
2009-04-29 06:00:00,90.75
2009-04-29 07:00:00,126.29
2009-04-29 08:00:00,89.73
2009-04-29 09:00:00,79.94
2009-04-29 10:00:00,48.62
2009-04-29 11:00:00,119.43
2009-04-29 12:00:00,121.47
2009-04-29 13:00:00,95.01
2009-04-29 14:00:00,58.90
2009-04-29 15:00:00,32.33
2009-04-29 16:00:00,25.44
2009-04-29 17:00:00,56.26
2009-04-29 18:00:00,45.85
2009-04-29 19:00:00,92.10
2009-04-29 20:00:00,66.32
2009-04-29 21:00:00,141.11
2009-04-29 22:00:00,171.77
2009-04-29 23:00:00,56.89
2009-04-30 00:00:00,34.27
2009-04-30 01:00:00,32.47
2009-04-30 02:00:00,55.74
2009-04-30 03:00:00,24.81
2009-04-30 04:00:00,21.22
2009-04-30 05:00:00,25.63
2009-04-30 06:00:00,38.32
2009-04-30 07:00:00,122.66
2009-04-30 08:00:00,117.83
2009-04-30 09:00:00,118.63
2009-04-30 10:00:00,89.28
2009-04-30 11:00:00,85.75
2009-04-30 12:00:00,86.60
2009-04-30 13:00:00,88.81
2009-04-30 14:00:00,87.51
2009-04-30 15:00:00,36.89
2009-04-30 16:00:00,31.31
2009-04-30 17:00:00,57.48
2009-04-30 18:00:00,107.55
2009-04-30 19:00:00,105.98
2009-04-30 20:00:00,65.53
2009-04-30 21:00:00,88.64
2009-04-30 22:00:00,184.47
2009-04-30 23:00:00,127.39
2009-05-01 00:00:00,84.28
2009-05-01 01:00:00,84.02
2009-05-01 02:00:00,87.90
2009-05-01 03:00:00,81.24
2009-05-01 04:00:00,19.87
2009-05-01 05:00:00,93.14
2009-05-01 06:00:00,70.24
2009-05-01 07:00:00,45.47
2009-05-01 08:00:00,51.54
2009-05-01 09:00:00,89.35
2009-05-01 10:00:00,53.33
2009-05-01 11:00:00,37.91
2009-05-01 12:00:00,66.21
2009-05-01 13:00:00,41.04
2009-05-01 14:00:00,28.75
2009-05-01 15:00:00,61.98
2009-05-01 16:00:00,112.19
2009-05-01 17:00:00,67.39
2009-05-01 18:00:00,43.05
2009-05-01 19:00:00,30.14
2009-05-01 20:00:00,68.87
2009-05-01 21:00:00,114.74
2009-05-01 22:00:00,61.40
2009-05-01 23:00:00,18.75
2009-05-02 00:00:00,22.20
2009-05-02 01:00:00,21.65
2009-05-02 02:00:00,20.53
2009-05-02 03:00:00,23.45
2009-05-02 04:00:00,19.52
2009-05-02 05:00:00,36.11
2009-05-02 06:00:00,48.76
2009-05-02 07:00:00,73.46
2009-05-02 08:00:00,103.49
2009-05-02 09:00:00,95.93
2009-05-02 10:00:00,91.56
2009-05-02 11:00:00,91.24
2009-05-02 12:00:00,90.63
2009-05-02 13:00:00,89.66
2009-05-02 14:00:00,54.15
2009-05-02 15:00:00,50.02
2009-05-02 16:00:00,62.74
2009-05-02 17:00:00,68.90
2009-05-02 18:00:00,26.78
2009-05-02 19:00:00,23.68
2009-05-02 20:00:00,36.83
2009-05-02 21:00:00,71.19
2009-05-02 22:00:00,132.31
2009-05-02 23:00:00,39.14
2009-05-03 00:00:00,22.27
2009-05-03 01:00:00,18.61
2009-05-03 02:00:00,24.18
2009-05-03 03:00:00,17.41
2009-05-03 04:00:00,22.17
2009-05-03 05:00:00,20.30
2009-05-03 06:00:00,20.50
2009-05-03 07:00:00,65.36
2009-05-03 08:00:00,64.60
2009-05-03 09:00:00,74.75
2009-05-03 10:00:00,97.07
2009-05-03 11:00:00,159.46
2009-05-03 12:00:00,88.90
2009-05-03 13:00:00,33.12
2009-05-03 14:00:00,36.56
2009-05-03 15:00:00,36.07
2009-05-03 16:00:00,61.74
2009-05-03 17:00:00,30.87
2009-05-03 18:00:00,81.78
2009-05-03 19:00:00,45.24
2009-05-03 20:00:00,255.92
2009-05-03 21:00:00,186.37
2009-05-03 22:00:00,96.17
2009-05-03 23:00:00,49.45
2009-05-04 00:00:00,57.85
2009-05-04 01:00:00,54.83
2009-05-04 02:00:00,56.24
2009-05-04 03:00:00,53.12
2009-05-04 04:00:00,55.67
2009-05-04 05:00:00,48.89
2009-05-04 06:00:00,75.62
2009-05-04 07:00:00,141.48
2009-05-04 08:00:00,93.67
2009-05-04 09:00:00,87.59
2009-05-04 10:00:00,86.00
2009-05-04 11:00:00,85.78
2009-05-04 12:00:00,82.67
2009-05-04 13:00:00,81.10
2009-05-04 14:00:00,18.68
2009-05-04 15:00:00,20.45
2009-05-04 16:00:00,23.01
2009-05-04 17:00:00,26.99
2009-05-04 18:00:00,50.25
2009-05-04 19:00:00,39.15
2009-05-04 20:00:00,118.58
2009-05-04 21:00:00,166.11
2009-05-04 22:00:00,117.54
2009-05-04 23:00:00,26.64
2009-05-05 00:00:00,21.60
2009-05-05 01:00:00,22.82
2009-05-05 02:00:00,20.39
2009-05-05 03:00:00,18.82
2009-05-05 04:00:00,22.79
2009-05-05 05:00:00,19.20
2009-05-05 06:00:00,54.93
2009-05-05 07:00:00,128.80
2009-05-05 08:00:00,104.02
2009-05-05 09:00:00,112.65
2009-05-05 10:00:00,90.08
2009-05-05 11:00:00,90.42
2009-05-05 12:00:00,92.63
2009-05-05 13:00:00,172.08
2009-05-05 14:00:00,123.44
2009-05-05 15:00:00,33.44
2009-05-05 16:00:00,28.46
2009-05-05 17:00:00,25.16
2009-05-05 18:00:00,47.84
2009-05-05 19:00:00,118.46
2009-05-05 20:00:00,71.67
2009-05-05 21:00:00,162.67
2009-05-05 22:00:00,116.10
2009-05-05 23:00:00,33.02
2009-05-06 00:00:00,27.72
2009-05-06 01:00:00,20.51
2009-05-06 02:00:00,26.56
2009-05-06 03:00:00,21.23
2009-05-06 04:00:00,25.04
2009-05-06 05:00:00,21.72
2009-05-06 06:00:00,56.08
2009-05-06 07:00:00,114.99
2009-05-06 08:00:00,87.96
2009-05-06 09:00:00,87.07
2009-05-06 10:00:00,87.35
2009-05-06 11:00:00,89.09
2009-05-06 12:00:00,71.08
2009-05-06 13:00:00,37.63
2009-05-06 14:00:00,43.49
2009-05-06 15:00:00,38.27
2009-05-06 16:00:00,25.96
2009-05-06 17:00:00,32.70
2009-05-06 18:00:00,80.31
2009-05-06 19:00:00,76.64
2009-05-06 20:00:00,37.18
2009-05-06 21:00:00,139.97
2009-05-06 22:00:00,78.78
2009-05-06 23:00:00,22.56
2009-05-07 00:00:00,23.58
2009-05-07 01:00:00,20.30
2009-05-07 02:00:00,20.94
2009-05-07 03:00:00,21.41
2009-05-07 04:00:00,20.86
2009-05-07 05:00:00,20.90
2009-05-07 06:00:00,45.78
2009-05-07 07:00:00,101.58
2009-05-07 08:00:00,87.59
2009-05-07 09:00:00,85.34
2009-05-07 10:00:00,68.65
2009-05-07 11:00:00,22.40
2009-05-07 12:00:00,22.17
2009-05-07 13:00:00,21.64
2009-05-07 14:00:00,19.98
2009-05-07 15:00:00,23.37
2009-05-07 16:00:00,22.18
2009-05-07 17:00:00,27.37
2009-05-07 18:00:00,67.13
2009-05-07 19:00:00,71.22
2009-05-07 20:00:00,32.25
2009-05-07 21:00:00,32.78
2009-05-07 22:00:00,45.06
2009-05-07 23:00:00,88.17
2009-05-08 00:00:00,20.60
2009-05-08 01:00:00,22.04
2009-05-08 02:00:00,21.54
2009-05-08 03:00:00,28.27
2009-05-08 04:00:00,22.22
2009-05-08 05:00:00,22.68
2009-05-08 06:00:00,21.12
2009-05-08 07:00:00,50.79
2009-05-08 08:00:00,78.88
2009-05-08 09:00:00,106.41
2009-05-08 10:00:00,94.36
2009-05-08 11:00:00,65.85
2009-05-08 12:00:00,110.31
2009-05-08 13:00:00,88.80
2009-05-08 14:00:00,139.38
2009-05-08 15:00:00,140.47
2009-05-08 16:00:00,96.88
2009-05-08 17:00:00,96.48
2009-05-08 18:00:00,178.39
2009-05-08 19:00:00,98.44
2009-05-08 20:00:00,100.95
2009-05-08 21:00:00,117.70
2009-05-08 22:00:00,97.70
2009-05-08 23:00:00,36.88
2009-05-09 00:00:00,25.66
2009-05-09 01:00:00,23.98
2009-05-09 02:00:00,25.46
2009-05-09 03:00:00,24.25
2009-05-09 04:00:00,25.68
2009-05-09 05:00:00,23.53
2009-05-09 06:00:00,25.90
2009-05-09 07:00:00,112.07
2009-05-09 08:00:00,97.97
2009-05-09 09:00:00,100.59
2009-05-09 10:00:00,59.91
2009-05-09 11:00:00,87.37
2009-05-09 12:00:00,76.74
2009-05-09 13:00:00,80.16
2009-05-09 14:00:00,60.60
2009-05-09 15:00:00,34.03
2009-05-09 16:00:00,57.67
2009-05-09 17:00:00,56.27
2009-05-09 18:00:00,29.22
2009-05-09 19:00:00,39.72
2009-05-09 20:00:00,59.21
2009-05-09 21:00:00,70.14
2009-05-09 22:00:00,38.88
2009-05-09 23:00:00,26.35
2009-05-10 00:00:00,63.77
2009-05-10 01:00:00,25.55
2009-05-10 02:00:00,24.63
2009-05-10 03:00:00,21.35
2009-05-10 04:00:00,27.23
2009-05-10 05:00:00,21.83
2009-05-10 06:00:00,27.33
2009-05-10 07:00:00,31.66
2009-05-10 08:00:00,55.51
2009-05-10 09:00:00,102.75
2009-05-10 10:00:00,49.76
2009-05-10 11:00:00,32.42
2009-05-10 12:00:00,103.55
2009-05-10 13:00:00,82.71
2009-05-10 14:00:00,87.00
2009-05-10 15:00:00,112.84
2009-05-10 16:00:00,223.23
2009-05-10 17:00:00,104.05
2009-05-10 18:00:00,136.20
2009-05-10 19:00:00,218.18
2009-05-10 20:00:00,98.74
2009-05-10 21:00:00,201.21
2009-05-10 22:00:00,90.84
2009-05-10 23:00:00,25.27
2009-05-11 00:00:00,23.80
2009-05-11 01:00:00,23.19
2009-05-11 02:00:00,23.13
2009-05-11 03:00:00,21.27
2009-05-11 04:00:00,24.04
2009-05-11 05:00:00,34.12
2009-05-11 06:00:00,83.16
2009-05-11 07:00:00,114.55
2009-05-11 08:00:00,90.66
2009-05-11 09:00:00,86.08
2009-05-11 10:00:00,85.83
2009-05-11 11:00:00,61.17
2009-05-11 12:00:00,23.04
2009-05-11 13:00:00,20.10
2009-05-11 14:00:00,23.88
2009-05-11 15:00:00,19.48
2009-05-11 16:00:00,24.01
2009-05-11 17:00:00,22.90
2009-05-11 18:00:00,39.90
2009-05-11 19:00:00,103.60
2009-05-11 20:00:00,143.82
2009-05-11 21:00:00,190.03
2009-05-11 22:00:00,160.97
2009-05-11 23:00:00,74.45
2009-05-12 00:00:00,28.06
2009-05-12 01:00:00,22.56
2009-05-12 02:00:00,28.65
2009-05-12 03:00:00,22.45
2009-05-12 04:00:00,27.88
2009-05-12 05:00:00,46.70
2009-05-12 06:00:00,147.20
2009-05-12 07:00:00,139.97
2009-05-12 08:00:00,95.98
2009-05-12 09:00:00,84.91
2009-05-12 10:00:00,92.02
2009-05-12 11:00:00,84.68
2009-05-12 12:00:00,91.49
2009-05-12 13:00:00,37.18
2009-05-12 14:00:00,27.31
2009-05-12 15:00:00,22.63
2009-05-12 16:00:00,28.23
2009-05-12 17:00:00,25.25
2009-05-12 18:00:00,30.72
2009-05-12 19:00:00,50.71
2009-05-12 20:00:00,133.15
2009-05-12 21:00:00,86.30
2009-05-12 22:00:00,112.42
2009-05-12 23:00:00,159.52
2009-05-13 00:00:00,30.66
2009-05-13 01:00:00,26.29
2009-05-13 02:00:00,24.96
2009-05-13 03:00:00,25.66
2009-05-13 04:00:00,25.63
2009-05-13 05:00:00,25.39
2009-05-13 06:00:00,24.19
2009-05-13 07:00:00,60.89
2009-05-13 08:00:00,110.10
2009-05-13 09:00:00,99.94
2009-05-13 10:00:00,103.53
2009-05-13 11:00:00,90.19
2009-05-13 12:00:00,39.87
2009-05-13 13:00:00,25.18
2009-05-13 14:00:00,25.03
2009-05-13 15:00:00,24.35
2009-05-13 16:00:00,26.45
2009-05-13 17:00:00,22.80
2009-05-13 18:00:00,27.59
2009-05-13 19:00:00,43.73
2009-05-13 20:00:00,61.04
2009-05-13 21:00:00,143.21
2009-05-13 22:00:00,111.40
2009-05-13 23:00:00,48.33
2009-05-14 00:00:00,52.82
2009-05-14 01:00:00,26.69
2009-05-14 02:00:00,22.96
2009-05-14 03:00:00,18.80
2009-05-14 04:00:00,22.05
2009-05-14 05:00:00,18.67
2009-05-14 06:00:00,68.26
2009-05-14 07:00:00,87.64
2009-05-14 08:00:00,95.21
2009-05-14 09:00:00,83.66
2009-05-14 10:00:00,110.12
2009-05-14 11:00:00,55.14
2009-05-14 12:00:00,32.97
2009-05-14 13:00:00,17.02
2009-05-14 14:00:00,22.84
2009-05-14 15:00:00,18.09
2009-05-14 16:00:00,21.95
2009-05-14 17:00:00,17.60
2009-05-14 18:00:00,72.69
2009-05-14 19:00:00,148.64
2009-05-14 20:00:00,191.02
2009-05-14 21:00:00,210.23
2009-05-14 22:00:00,168.00
2009-05-14 23:00:00,23.90
2009-05-15 00:00:00,24.56
2009-05-15 01:00:00,23.11
2009-05-15 02:00:00,21.45
2009-05-15 03:00:00,21.93
2009-05-15 04:00:00,22.40
2009-05-15 05:00:00,21.41
2009-05-15 06:00:00,79.01
2009-05-15 07:00:00,124.83
2009-05-15 08:00:00,139.33
2009-05-15 09:00:00,103.60
2009-05-15 10:00:00,85.86
2009-05-15 11:00:00,79.87
2009-05-15 12:00:00,54.76
2009-05-15 13:00:00,18.32
2009-05-15 14:00:00,24.03
2009-05-15 15:00:00,32.15
2009-05-15 16:00:00,48.77
2009-05-15 17:00:00,74.95
2009-05-15 18:00:00,94.42
2009-05-15 19:00:00,90.47
2009-05-15 20:00:00,88.12
2009-05-15 21:00:00,76.95
2009-05-15 22:00:00,46.59
2009-05-15 23:00:00,25.31
2009-05-16 00:00:00,19.48
2009-05-16 01:00:00,23.99
2009-05-16 02:00:00,53.63
2009-05-16 03:00:00,13.16
2009-05-16 04:00:00,13.64
2009-05-16 05:00:00,15.07
2009-05-16 06:00:00,14.29
2009-05-16 07:00:00,20.96
2009-05-16 08:00:00,108.49
2009-05-16 09:00:00,120.19
2009-05-16 10:00:00,88.96
2009-05-16 11:00:00,154.26
2009-05-16 12:00:00,141.55
2009-05-16 13:00:00,116.46
2009-05-16 14:00:00,226.66
2009-05-16 15:00:00,68.24
2009-05-16 16:00:00,68.40
2009-05-16 17:00:00,88.37
2009-05-16 18:00:00,98.00
2009-05-16 19:00:00,102.79
2009-05-16 20:00:00,115.00
2009-05-16 21:00:00,109.23
2009-05-16 22:00:00,121.96
2009-05-16 23:00:00,104.63
2009-05-17 00:00:00,73.31
2009-05-17 01:00:00,22.43
2009-05-17 02:00:00,26.15
2009-05-17 03:00:00,47.80
2009-05-17 04:00:00,21.07
2009-05-17 05:00:00,23.46
2009-05-17 06:00:00,19.70
2009-05-17 07:00:00,23.24
2009-05-17 08:00:00,52.48
2009-05-17 09:00:00,43.46
2009-05-17 10:00:00,225.77
2009-05-17 11:00:00,172.20
2009-05-17 12:00:00,92.67
2009-05-17 13:00:00,64.22
2009-05-17 14:00:00,86.82
2009-05-17 15:00:00,35.21
2009-05-17 16:00:00,29.82
2009-05-17 17:00:00,34.79
2009-05-17 18:00:00,34.72
2009-05-17 19:00:00,105.80
2009-05-17 20:00:00,111.31
2009-05-17 21:00:00,93.92
2009-05-17 22:00:00,73.25
2009-05-17 23:00:00,30.15
2009-05-18 00:00:00,21.00
2009-05-18 01:00:00,20.68
2009-05-18 02:00:00,35.12
2009-05-18 03:00:00,36.86
2009-05-18 04:00:00,18.66
2009-05-18 05:00:00,19.70
2009-05-18 06:00:00,57.86
2009-05-18 07:00:00,111.66
2009-05-18 08:00:00,87.99
2009-05-18 09:00:00,87.49
2009-05-18 10:00:00,81.75
2009-05-18 11:00:00,72.97
2009-05-18 12:00:00,20.39
2009-05-18 13:00:00,19.63
2009-05-18 14:00:00,18.37
2009-05-18 15:00:00,21.06
2009-05-18 16:00:00,22.40
2009-05-18 17:00:00,25.03
2009-05-18 18:00:00,26.27
2009-05-18 19:00:00,34.36
2009-05-18 20:00:00,149.20
2009-05-18 21:00:00,126.46
2009-05-18 22:00:00,69.51
2009-05-18 23:00:00,25.49
2009-05-19 00:00:00,35.69
2009-05-19 01:00:00,47.60
2009-05-19 02:00:00,21.66
2009-05-19 03:00:00,18.14
2009-05-19 04:00:00,23.90
2009-05-19 05:00:00,17.97
2009-05-19 06:00:00,49.12
2009-05-19 07:00:00,105.74
2009-05-19 08:00:00,94.74
2009-05-19 09:00:00,91.10
2009-05-19 10:00:00,84.91
2009-05-19 11:00:00,83.58
2009-05-19 12:00:00,75.88
2009-05-19 13:00:00,21.23
2009-05-19 14:00:00,21.23
2009-05-19 15:00:00,20.29
2009-05-19 16:00:00,20.96
2009-05-19 17:00:00,25.57
2009-05-19 18:00:00,123.71
2009-05-19 19:00:00,160.21
2009-05-19 20:00:00,129.76
2009-05-19 21:00:00,104.59
2009-05-19 22:00:00,137.38
2009-05-19 23:00:00,102.38
2009-05-20 00:00:00,37.58
2009-05-20 01:00:00,60.59
2009-05-20 02:00:00,23.20
2009-05-20 03:00:00,25.68
2009-05-20 04:00:00,20.05
2009-05-20 05:00:00,22.85
2009-05-20 06:00:00,49.03
2009-05-20 07:00:00,121.67
2009-05-20 08:00:00,88.31
2009-05-20 09:00:00,115.60
2009-05-20 10:00:00,92.17
2009-05-20 11:00:00,86.42
2009-05-20 12:00:00,58.47
2009-05-20 13:00:00,21.72
2009-05-20 14:00:00,27.39
2009-05-20 15:00:00,36.53
2009-05-20 16:00:00,29.28
2009-05-20 17:00:00,47.99
2009-05-20 18:00:00,50.33
2009-05-20 19:00:00,32.38
2009-05-20 20:00:00,42.75
2009-05-20 21:00:00,132.38
2009-05-20 22:00:00,56.79
2009-05-20 23:00:00,28.02
2009-05-21 00:00:00,23.98
2009-05-21 01:00:00,22.31
2009-05-21 02:00:00,33.00
2009-05-21 03:00:00,18.39
2009-05-21 04:00:00,23.30
2009-05-21 05:00:00,28.28
2009-05-21 06:00:00,56.78
2009-05-21 07:00:00,25.01
2009-05-21 08:00:00,24.71
2009-05-21 09:00:00,82.68
2009-05-21 10:00:00,75.22
2009-05-21 11:00:00,110.96
2009-05-21 12:00:00,171.59
2009-05-21 13:00:00,93.35
2009-05-21 14:00:00,92.21
2009-05-21 15:00:00,103.53
2009-05-21 16:00:00,97.50
2009-05-21 17:00:00,98.22
2009-05-21 18:00:00,87.51
2009-05-21 19:00:00,87.83
2009-05-21 20:00:00,70.81
2009-05-21 21:00:00,60.39
2009-05-21 22:00:00,59.71
2009-05-21 23:00:00,27.88
2009-05-22 00:00:00,55.49
2009-05-22 01:00:00,26.20
2009-05-22 02:00:00,20.88
2009-05-22 03:00:00,26.36
2009-05-22 04:00:00,22.60
2009-05-22 05:00:00,25.93
2009-05-22 06:00:00,48.53
2009-05-22 07:00:00,99.18
2009-05-22 08:00:00,93.97
2009-05-22 09:00:00,83.90
2009-05-22 10:00:00,22.98
2009-05-22 11:00:00,26.12
2009-05-22 12:00:00,73.45
2009-05-22 13:00:00,32.27
2009-05-22 14:00:00,30.38
2009-05-22 15:00:00,42.94
2009-05-22 16:00:00,86.87
2009-05-22 17:00:00,59.72
2009-05-22 18:00:00,21.71
2009-05-22 19:00:00,24.99
2009-05-22 20:00:00,21.07
2009-05-22 21:00:00,83.15
2009-05-22 22:00:00,27.45
2009-05-22 23:00:00,18.68
2009-05-23 00:00:00,22.87
2009-05-23 01:00:00,21.99
2009-05-23 02:00:00,18.56
2009-05-23 03:00:00,22.02
2009-05-23 04:00:00,18.69
2009-05-23 05:00:00,21.96
2009-05-23 06:00:00,79.06
2009-05-23 07:00:00,99.04
2009-05-23 08:00:00,95.18
2009-05-23 09:00:00,102.77
2009-05-23 10:00:00,89.95
2009-05-23 11:00:00,98.31
2009-05-23 12:00:00,98.71
2009-05-23 13:00:00,123.24
2009-05-23 14:00:00,53.95
2009-05-23 15:00:00,52.56
2009-05-23 16:00:00,27.43
2009-05-23 17:00:00,29.39
2009-05-23 18:00:00,97.01
2009-05-23 19:00:00,119.59
2009-05-23 20:00:00,96.15
2009-05-23 21:00:00,61.78
2009-05-23 22:00:00,31.53
2009-05-23 23:00:00,48.87
2009-05-24 00:00:00,78.72
2009-05-24 01:00:00,24.13
2009-05-24 02:00:00,20.83
2009-05-24 03:00:00,21.71
2009-05-24 04:00:00,22.13
2009-05-24 05:00:00,19.08
2009-05-24 06:00:00,21.92
2009-05-24 07:00:00,27.16
2009-05-24 08:00:00,30.67
2009-05-24 09:00:00,95.31
2009-05-24 10:00:00,53.17
2009-05-24 11:00:00,56.37
2009-05-24 12:00:00,79.11
2009-05-24 13:00:00,21.57
2009-05-24 14:00:00,32.47
2009-05-24 15:00:00,23.25
2009-05-24 16:00:00,67.46
2009-05-24 17:00:00,95.26
2009-05-24 18:00:00,153.48
2009-05-24 19:00:00,139.37
2009-05-24 20:00:00,95.18
2009-05-24 21:00:00,49.48
2009-05-24 22:00:00,33.56
2009-05-24 23:00:00,26.41
2009-05-25 00:00:00,23.16
2009-05-25 01:00:00,19.25
2009-05-25 02:00:00,22.56
2009-05-25 03:00:00,57.86
2009-05-25 04:00:00,22.24
2009-05-25 05:00:00,19.31
2009-05-25 06:00:00,23.33
2009-05-25 07:00:00,108.38
2009-05-25 08:00:00,87.56
2009-05-25 09:00:00,89.30
2009-05-25 10:00:00,83.66
2009-05-25 11:00:00,43.84
2009-05-25 12:00:00,51.14
2009-05-25 13:00:00,53.21
2009-05-25 14:00:00,26.18
2009-05-25 15:00:00,33.74
2009-05-25 16:00:00,68.91
2009-05-25 17:00:00,109.98
2009-05-25 18:00:00,94.15
2009-05-25 19:00:00,64.47
2009-05-25 20:00:00,45.31
2009-05-25 21:00:00,141.42
2009-05-25 22:00:00,39.85
2009-05-25 23:00:00,25.28
2009-05-26 00:00:00,19.87
2009-05-26 01:00:00,23.35
2009-05-26 02:00:00,23.53
2009-05-26 03:00:00,22.23
2009-05-26 04:00:00,22.05
2009-05-26 05:00:00,20.07
2009-05-26 06:00:00,45.89
2009-05-26 07:00:00,118.13
2009-05-26 08:00:00,97.69
2009-05-26 09:00:00,80.27
2009-05-26 10:00:00,80.14
2009-05-26 11:00:00,81.67
2009-05-26 12:00:00,79.15
2009-05-26 13:00:00,79.99
2009-05-26 14:00:00,57.37
2009-05-26 15:00:00,19.39
2009-05-26 16:00:00,20.67
2009-05-26 17:00:00,21.56
2009-05-26 18:00:00,24.05
2009-05-26 19:00:00,30.62
2009-05-26 20:00:00,34.11
2009-05-26 21:00:00,99.12
2009-05-26 22:00:00,115.22
2009-05-26 23:00:00,122.76
2009-05-27 00:00:00,59.54
2009-05-27 01:00:00,26.03
2009-05-27 02:00:00,21.06
2009-05-27 03:00:00,20.33
2009-05-27 04:00:00,20.87
2009-05-27 05:00:00,18.93
2009-05-27 06:00:00,55.25
2009-05-27 07:00:00,94.48
2009-05-27 08:00:00,84.28
2009-05-27 09:00:00,74.82
2009-05-27 10:00:00,106.89
2009-05-27 11:00:00,89.51
2009-05-27 12:00:00,92.41
2009-05-27 13:00:00,92.58
2009-05-27 14:00:00,65.09
2009-05-27 15:00:00,31.06
2009-05-27 16:00:00,97.43
2009-05-27 17:00:00,36.22
2009-05-27 18:00:00,30.31
2009-05-27 19:00:00,42.55
2009-05-27 20:00:00,65.22
2009-05-27 21:00:00,175.36
2009-05-27 22:00:00,111.36
2009-05-27 23:00:00,32.72
2009-05-28 00:00:00,26.16
2009-05-28 01:00:00,18.34
2009-05-28 02:00:00,25.50
2009-05-28 03:00:00,18.04
2009-05-28 04:00:00,20.73
2009-05-28 05:00:00,21.55
2009-05-28 06:00:00,69.96
2009-05-28 07:00:00,103.45
2009-05-28 08:00:00,83.97
2009-05-28 09:00:00,75.69
2009-05-28 10:00:00,78.94
2009-05-28 11:00:00,74.45
2009-05-28 12:00:00,19.77
2009-05-28 13:00:00,20.42
2009-05-28 14:00:00,18.05
2009-05-28 15:00:00,16.23
2009-05-28 16:00:00,22.11
2009-05-28 17:00:00,17.62
2009-05-28 18:00:00,23.43
2009-05-28 19:00:00,159.51
2009-05-28 20:00:00,69.12
2009-05-28 21:00:00,111.53
2009-05-28 22:00:00,66.52
2009-05-28 23:00:00,18.64
2009-05-29 00:00:00,22.62
2009-05-29 01:00:00,21.95
2009-05-29 02:00:00,22.25
2009-05-29 03:00:00,18.18
2009-05-29 04:00:00,22.61
2009-05-29 05:00:00,18.53
2009-05-29 06:00:00,85.68
2009-05-29 07:00:00,99.08
2009-05-29 08:00:00,88.54
2009-05-29 09:00:00,83.69
2009-05-29 10:00:00,87.61
2009-05-29 11:00:00,81.39
2009-05-29 12:00:00,51.41
2009-05-29 13:00:00,18.35
2009-05-29 14:00:00,29.65
2009-05-29 15:00:00,20.00
2009-05-29 16:00:00,28.44
2009-05-29 17:00:00,78.66
2009-05-29 18:00:00,39.62
2009-05-29 19:00:00,21.32
2009-05-29 20:00:00,40.32
2009-05-29 21:00:00,117.03
2009-05-29 22:00:00,108.81
2009-05-29 23:00:00,37.11
2009-05-30 00:00:00,23.82
2009-05-30 01:00:00,25.14
2009-05-30 02:00:00,32.20
2009-05-30 03:00:00,26.02
2009-05-30 04:00:00,27.62
2009-05-30 05:00:00,66.19
2009-05-30 06:00:00,24.09
2009-05-30 07:00:00,39.71
2009-05-30 08:00:00,109.27
2009-05-30 09:00:00,110.64
2009-05-30 10:00:00,51.08
2009-05-30 11:00:00,32.49
2009-05-30 12:00:00,73.35
2009-05-30 13:00:00,101.53
2009-05-30 14:00:00,77.81
2009-05-30 15:00:00,57.20
2009-05-30 16:00:00,102.57
2009-05-30 17:00:00,107.27
2009-05-30 18:00:00,110.22
2009-05-30 19:00:00,87.79
2009-05-30 20:00:00,99.64
2009-05-30 21:00:00,40.52
2009-05-30 22:00:00,117.03
2009-05-30 23:00:00,115.90
2009-05-31 00:00:00,63.13
2009-05-31 01:00:00,21.43
2009-05-31 02:00:00,16.93
2009-05-31 03:00:00,14.58
2009-05-31 04:00:00,18.27
2009-05-31 05:00:00,50.62
2009-05-31 06:00:00,16.95
2009-05-31 07:00:00,32.27
2009-05-31 08:00:00,17.66
2009-05-31 09:00:00,25.48
2009-05-31 10:00:00,76.30
2009-05-31 11:00:00,77.22
2009-05-31 12:00:00,24.41
2009-05-31 13:00:00,16.63
2009-05-31 14:00:00,14.76
2009-05-31 15:00:00,17.33
2009-05-31 16:00:00,13.69
2009-05-31 17:00:00,17.14
2009-05-31 18:00:00,18.28
2009-05-31 19:00:00,21.89
2009-05-31 20:00:00,68.29
2009-05-31 21:00:00,108.89
2009-05-31 22:00:00,124.21
2009-05-31 23:00:00,80.51
2009-06-01 00:00:00,19.63
2009-06-01 01:00:00,12.26
2009-06-01 02:00:00,18.32
2009-06-01 03:00:00,16.44
2009-06-01 04:00:00,13.35
2009-06-01 05:00:00,16.90
2009-06-01 06:00:00,13.95
2009-06-01 07:00:00,16.42
2009-06-01 08:00:00,51.94
2009-06-01 09:00:00,52.98
2009-06-01 10:00:00,63.85
2009-06-01 11:00:00,134.96
2009-06-01 12:00:00,150.70
2009-06-01 13:00:00,109.64
2009-06-01 14:00:00,104.63
2009-06-01 15:00:00,115.42
2009-06-01 16:00:00,91.00
2009-06-01 17:00:00,28.39
2009-06-01 18:00:00,28.41
2009-06-01 19:00:00,50.28
2009-06-01 20:00:00,113.18
2009-06-01 21:00:00,128.37
2009-06-01 22:00:00,71.88
2009-06-01 23:00:00,20.36
2009-06-02 00:00:00,22.86
2009-06-02 01:00:00,19.96
2009-06-02 02:00:00,20.23
2009-06-02 03:00:00,19.62
2009-06-02 04:00:00,23.14
2009-06-02 05:00:00,25.56
2009-06-02 06:00:00,59.51
2009-06-02 07:00:00,90.06
2009-06-02 08:00:00,99.86
2009-06-02 09:00:00,88.92
2009-06-02 10:00:00,62.52
2009-06-02 11:00:00,31.69
2009-06-02 12:00:00,22.03
2009-06-02 13:00:00,17.04
2009-06-02 14:00:00,22.80
2009-06-02 15:00:00,19.64
2009-06-02 16:00:00,20.14
2009-06-02 17:00:00,23.99
2009-06-02 18:00:00,50.67
2009-06-02 19:00:00,68.49
2009-06-02 20:00:00,68.43
2009-06-02 21:00:00,91.33
2009-06-02 22:00:00,83.97
2009-06-02 23:00:00,38.18
2009-06-03 00:00:00,18.14
2009-06-03 01:00:00,23.66
2009-06-03 02:00:00,20.54
2009-06-03 03:00:00,23.61
2009-06-03 04:00:00,38.68
2009-06-03 05:00:00,36.15
2009-06-03 06:00:00,43.77
2009-06-03 07:00:00,117.63
2009-06-03 08:00:00,123.50
2009-06-03 09:00:00,115.30
2009-06-03 10:00:00,79.65
2009-06-03 11:00:00,108.31
2009-06-03 12:00:00,93.14
2009-06-03 13:00:00,95.21
2009-06-03 14:00:00,54.16
2009-06-03 15:00:00,25.65
2009-06-03 16:00:00,25.52
2009-06-03 17:00:00,35.35
2009-06-03 18:00:00,32.97
2009-06-03 19:00:00,24.17
2009-06-03 20:00:00,41.62
2009-06-03 21:00:00,114.61
2009-06-03 22:00:00,41.51
2009-06-03 23:00:00,23.74
2009-06-04 00:00:00,14.98
2009-06-04 01:00:00,15.59
2009-06-04 02:00:00,19.34
2009-06-04 03:00:00,13.25
2009-06-04 04:00:00,17.60
2009-06-04 05:00:00,15.73
2009-06-04 06:00:00,45.78
2009-06-04 07:00:00,89.62
2009-06-04 08:00:00,109.53
2009-06-04 09:00:00,109.52
2009-06-04 10:00:00,69.50
2009-06-04 11:00:00,12.07
2009-06-04 12:00:00,18.05
2009-06-04 13:00:00,11.60
2009-06-04 14:00:00,18.40
2009-06-04 15:00:00,12.89
2009-06-04 16:00:00,17.55
2009-06-04 17:00:00,18.29
2009-06-04 18:00:00,23.46
2009-06-04 19:00:00,77.09
2009-06-04 20:00:00,57.64
2009-06-04 21:00:00,89.34
2009-06-04 22:00:00,95.76
2009-06-04 23:00:00,63.06
2009-06-05 00:00:00,28.74
2009-06-05 01:00:00,63.71
2009-06-05 02:00:00,25.22
2009-06-05 03:00:00,19.69
2009-06-05 04:00:00,17.30
2009-06-05 05:00:00,19.67
2009-06-05 06:00:00,64.33
2009-06-05 07:00:00,95.80
2009-06-05 08:00:00,85.83
2009-06-05 09:00:00,77.62
2009-06-05 10:00:00,82.97
2009-06-05 11:00:00,77.33
2009-06-05 12:00:00,83.64
2009-06-05 13:00:00,78.97
2009-06-05 14:00:00,83.76
2009-06-05 15:00:00,35.15
2009-06-05 16:00:00,24.27
2009-06-05 17:00:00,22.63
2009-06-05 18:00:00,25.11
2009-06-05 19:00:00,94.25
2009-06-05 20:00:00,33.25
2009-06-05 21:00:00,47.72
2009-06-05 22:00:00,24.21
2009-06-05 23:00:00,19.19
2009-06-06 00:00:00,26.40
2009-06-06 01:00:00,16.63
2009-06-06 02:00:00,22.97
2009-06-06 03:00:00,41.73
2009-06-06 04:00:00,40.48
2009-06-06 05:00:00,20.16
2009-06-06 06:00:00,28.07
2009-06-06 07:00:00,119.84
2009-06-06 08:00:00,86.33
2009-06-06 09:00:00,86.53
2009-06-06 10:00:00,36.95
2009-06-06 11:00:00,23.20
2009-06-06 12:00:00,28.84
2009-06-06 13:00:00,77.86
2009-06-06 14:00:00,123.92
2009-06-06 15:00:00,53.46
2009-06-06 16:00:00,22.65
2009-06-06 17:00:00,27.06
2009-06-06 18:00:00,60.23
2009-06-06 19:00:00,153.35
2009-06-06 20:00:00,142.20
2009-06-06 21:00:00,93.42
2009-06-06 22:00:00,83.80
2009-06-06 23:00:00,59.35
2009-06-07 00:00:00,50.59
2009-06-07 01:00:00,19.21
2009-06-07 02:00:00,18.36
2009-06-07 03:00:00,16.75
2009-06-07 04:00:00,17.72
2009-06-07 05:00:00,18.65
2009-06-07 06:00:00,30.21
2009-06-07 07:00:00,60.22
2009-06-07 08:00:00,16.74
2009-06-07 09:00:00,22.48
2009-06-07 10:00:00,17.95
2009-06-07 11:00:00,33.59
2009-06-07 12:00:00,51.02
2009-06-07 13:00:00,207.33
2009-06-07 14:00:00,72.59
2009-06-07 15:00:00,144.72
2009-06-07 16:00:00,136.73
2009-06-07 17:00:00,46.79
2009-06-07 18:00:00,26.26
2009-06-07 19:00:00,30.51
2009-06-07 20:00:00,22.69
2009-06-07 21:00:00,29.44
2009-06-07 22:00:00,59.83
2009-06-07 23:00:00,57.00
2009-06-08 00:00:00,19.05
2009-06-08 01:00:00,20.46
2009-06-08 02:00:00,21.90
2009-06-08 03:00:00,19.95
2009-06-08 04:00:00,22.56
2009-06-08 05:00:00,19.27
2009-06-08 06:00:00,58.85
2009-06-08 07:00:00,93.31
2009-06-08 08:00:00,81.49
2009-06-08 09:00:00,84.65
2009-06-08 10:00:00,40.13
2009-06-08 11:00:00,20.52
2009-06-08 12:00:00,21.84
2009-06-08 13:00:00,20.00
2009-06-08 14:00:00,21.64
2009-06-08 15:00:00,20.42
2009-06-08 16:00:00,21.57
2009-06-08 17:00:00,37.22
2009-06-08 18:00:00,79.70
2009-06-08 19:00:00,145.40
2009-06-08 20:00:00,113.88
2009-06-08 21:00:00,80.23
2009-06-08 22:00:00,60.96
2009-06-08 23:00:00,53.76
2009-06-09 00:00:00,57.18
2009-06-09 01:00:00,17.87
2009-06-09 02:00:00,19.56
2009-06-09 03:00:00,16.89
2009-06-09 04:00:00,19.75
2009-06-09 05:00:00,17.52
2009-06-09 06:00:00,67.48
2009-06-09 07:00:00,108.32
2009-06-09 08:00:00,91.64
2009-06-09 09:00:00,86.62
2009-06-09 10:00:00,89.02
2009-06-09 11:00:00,79.00
2009-06-09 12:00:00,85.03
2009-06-09 13:00:00,50.85
2009-06-09 14:00:00,17.93
2009-06-09 15:00:00,18.23
2009-06-09 16:00:00,19.01
2009-06-09 17:00:00,18.49
2009-06-09 18:00:00,19.09
2009-06-09 19:00:00,56.88
2009-06-09 20:00:00,109.59
2009-06-09 21:00:00,150.91
2009-06-09 22:00:00,91.90
2009-06-09 23:00:00,24.07
2009-06-10 00:00:00,18.12
2009-06-10 01:00:00,23.01
2009-06-10 02:00:00,18.17
2009-06-10 03:00:00,22.34
2009-06-10 04:00:00,18.40
2009-06-10 05:00:00,55.96
2009-06-10 06:00:00,73.75
2009-06-10 07:00:00,94.78
2009-06-10 08:00:00,82.57
2009-06-10 09:00:00,67.09
2009-06-10 10:00:00,18.25
2009-06-10 11:00:00,45.97
2009-06-10 12:00:00,21.19
2009-06-10 13:00:00,141.91
2009-06-10 14:00:00,68.14
2009-06-10 15:00:00,35.08
2009-06-10 16:00:00,130.69
2009-06-10 17:00:00,115.74
2009-06-10 18:00:00,93.31
2009-06-10 19:00:00,106.82
2009-06-10 20:00:00,57.74
2009-06-10 21:00:00,123.84
2009-06-10 22:00:00,139.56
2009-06-10 23:00:00,30.57
2009-06-11 00:00:00,25.52
2009-06-11 01:00:00,29.12
2009-06-11 02:00:00,24.54
2009-06-11 03:00:00,28.98
2009-06-11 04:00:00,23.89
2009-06-11 05:00:00,25.38
2009-06-11 06:00:00,60.50
2009-06-11 07:00:00,122.90
2009-06-11 08:00:00,85.69
2009-06-11 09:00:00,91.73
2009-06-11 10:00:00,86.07
2009-06-11 11:00:00,90.58
2009-06-11 12:00:00,73.94
2009-06-11 13:00:00,29.27
2009-06-11 14:00:00,25.94
2009-06-11 15:00:00,84.22
2009-06-11 16:00:00,65.11
2009-06-11 17:00:00,31.18
2009-06-11 18:00:00,27.55
2009-06-11 19:00:00,86.30
2009-06-11 20:00:00,43.16
2009-06-11 21:00:00,82.44
2009-06-11 22:00:00,30.72
2009-06-11 23:00:00,25.92
2009-06-12 00:00:00,26.96
2009-06-12 01:00:00,25.09
2009-06-12 02:00:00,26.04
2009-06-12 03:00:00,26.26
2009-06-12 04:00:00,24.45
2009-06-12 05:00:00,25.90
2009-06-12 06:00:00,105.15
2009-06-12 07:00:00,95.34
2009-06-12 08:00:00,93.40
2009-06-12 09:00:00,72.23
2009-06-12 10:00:00,27.74
2009-06-12 11:00:00,21.74
2009-06-12 12:00:00,28.51
2009-06-12 13:00:00,21.80
2009-06-12 14:00:00,27.79
2009-06-12 15:00:00,22.13
2009-06-12 16:00:00,30.76
2009-06-12 17:00:00,36.90
2009-06-12 18:00:00,68.23
2009-06-12 19:00:00,30.73
2009-06-12 20:00:00,79.84
2009-06-12 21:00:00,104.51
2009-06-12 22:00:00,59.36
2009-06-12 23:00:00,20.88
2009-06-13 00:00:00,24.42
2009-06-13 01:00:00,20.40
2009-06-13 02:00:00,20.40
2009-06-13 03:00:00,20.40
2009-06-13 04:00:00,20.40
2009-06-13 05:00:00,20.40
2009-06-13 06:00:00,20.40
2009-06-13 07:00:00,20.40
2009-06-13 08:00:00,20.40
2009-06-13 09:00:00,20.40
2009-06-13 10:00:00,20.40
2009-06-13 11:00:00,20.40
2009-06-13 12:00:00,20.40
2009-06-13 13:00:00,20.40
2009-06-13 14:00:00,20.40
2009-06-13 15:00:00,20.40
2009-06-13 16:00:00,20.40
2009-06-13 17:00:00,20.40
2009-06-13 18:00:00,20.40
2009-06-13 19:00:00,20.40
2009-06-13 20:00:00,20.40
2009-06-13 21:00:00,20.40
2009-06-13 22:00:00,20.40
2009-06-13 23:00:00,20.40
2009-06-14 00:00:00,20.40
2009-06-14 01:00:00,20.40
2009-06-14 02:00:00,20.40
2009-06-14 03:00:00,20.40
2009-06-14 04:00:00,20.40
2009-06-14 05:00:00,20.40
2009-06-14 06:00:00,20.40
2009-06-14 07:00:00,20.40
2009-06-14 08:00:00,20.40
2009-06-14 09:00:00,20.40
2009-06-14 10:00:00,20.40
2009-06-14 11:00:00,20.40
2009-06-14 12:00:00,20.40
2009-06-14 13:00:00,20.40
2009-06-14 14:00:00,20.40
2009-06-14 15:00:00,20.40
2009-06-14 16:00:00,20.40
2009-06-14 17:00:00,20.40
2009-06-14 18:00:00,20.40
2009-06-14 19:00:00,20.40
2009-06-14 20:00:00,20.40
2009-06-14 21:00:00,20.40
2009-06-14 22:00:00,20.40
2009-06-14 23:00:00,20.40
2009-06-15 00:00:00,20.40
2009-06-15 01:00:00,20.40
2009-06-15 02:00:00,20.40
2009-06-15 03:00:00,20.40
2009-06-15 04:00:00,20.40
2009-06-15 05:00:00,20.40
2009-06-15 06:00:00,20.40
2009-06-15 07:00:00,56.44
2009-06-15 08:00:00,86.82
2009-06-15 09:00:00,66.81
2009-06-15 10:00:00,45.69
2009-06-15 11:00:00,17.84
2009-06-15 12:00:00,16.98
2009-06-15 13:00:00,15.00
2009-06-15 14:00:00,19.28
2009-06-15 15:00:00,19.35
2009-06-15 16:00:00,13.70
2009-06-15 17:00:00,45.64
2009-06-15 18:00:00,85.53
2009-06-15 19:00:00,53.61
2009-06-15 20:00:00,43.72
2009-06-15 21:00:00,131.66
2009-06-15 22:00:00,41.25
2009-06-15 23:00:00,24.47
2009-06-16 00:00:00,13.32
2009-06-16 01:00:00,20.84
2009-06-16 02:00:00,16.63
2009-06-16 03:00:00,16.27
2009-06-16 04:00:00,16.22
2009-06-16 05:00:00,16.27
2009-06-16 06:00:00,65.41
2009-06-16 07:00:00,97.35
2009-06-16 08:00:00,118.68
2009-06-16 09:00:00,120.76
2009-06-16 10:00:00,84.29
2009-06-16 11:00:00,79.72
2009-06-16 12:00:00,89.44
2009-06-16 13:00:00,78.16
2009-06-16 14:00:00,111.90
2009-06-16 15:00:00,23.37
2009-06-16 16:00:00,13.64
2009-06-16 17:00:00,22.43
2009-06-16 18:00:00,149.67
2009-06-16 19:00:00,87.94
2009-06-16 20:00:00,65.00
2009-06-16 21:00:00,61.03
2009-06-16 22:00:00,87.46
2009-06-16 23:00:00,52.99
2009-06-17 00:00:00,22.41
2009-06-17 01:00:00,17.13
2009-06-17 02:00:00,15.35
2009-06-17 03:00:00,18.40
2009-06-17 04:00:00,11.47
2009-06-17 05:00:00,18.67
2009-06-17 06:00:00,80.23
2009-06-17 07:00:00,85.95
2009-06-17 08:00:00,78.65
2009-06-17 09:00:00,55.37
2009-06-17 10:00:00,16.17
2009-06-17 11:00:00,27.54
2009-06-17 12:00:00,20.37
2009-06-17 13:00:00,20.57
2009-06-17 14:00:00,20.30
2009-06-17 15:00:00,24.20
2009-06-17 16:00:00,16.81
2009-06-17 17:00:00,25.50
2009-06-17 18:00:00,49.53
2009-06-17 19:00:00,21.93
2009-06-17 20:00:00,63.54
2009-06-17 21:00:00,139.97
2009-06-17 22:00:00,101.81
2009-06-17 23:00:00,36.14
2009-06-18 00:00:00,25.35
2009-06-18 01:00:00,13.65
2009-06-18 02:00:00,55.25
2009-06-18 03:00:00,15.76
2009-06-18 04:00:00,14.19
2009-06-18 05:00:00,16.61
2009-06-18 06:00:00,30.06
2009-06-18 07:00:00,67.95
2009-06-18 08:00:00,83.71
2009-06-18 09:00:00,74.70
2009-06-18 10:00:00,81.67
2009-06-18 11:00:00,78.85
2009-06-18 12:00:00,51.37
2009-06-18 13:00:00,14.59
2009-06-18 14:00:00,19.48
2009-06-18 15:00:00,11.73
2009-06-18 16:00:00,19.41
2009-06-18 17:00:00,14.94
2009-06-18 18:00:00,71.04
2009-06-18 19:00:00,99.44
2009-06-18 20:00:00,94.86
2009-06-18 21:00:00,70.81
2009-06-18 22:00:00,75.63
2009-06-18 23:00:00,64.68
2009-06-19 00:00:00,23.65
2009-06-19 01:00:00,13.08
2009-06-19 02:00:00,20.15
2009-06-19 03:00:00,39.49
2009-06-19 04:00:00,29.84
2009-06-19 05:00:00,15.98
2009-06-19 06:00:00,39.41
2009-06-19 07:00:00,116.17
2009-06-19 08:00:00,110.76
2009-06-19 09:00:00,109.29
2009-06-19 10:00:00,53.17
2009-06-19 11:00:00,16.45
2009-06-19 12:00:00,14.11
2009-06-19 13:00:00,15.88
2009-06-19 14:00:00,24.72
2009-06-19 15:00:00,15.94
2009-06-19 16:00:00,19.18
2009-06-19 17:00:00,80.68
2009-06-19 18:00:00,37.95
2009-06-19 19:00:00,26.57
2009-06-19 20:00:00,46.84
2009-06-19 21:00:00,71.35
2009-06-19 22:00:00,68.99
2009-06-19 23:00:00,77.21
2009-06-20 00:00:00,80.68
2009-06-20 01:00:00,37.24
2009-06-20 02:00:00,31.97
2009-06-20 03:00:00,13.09
2009-06-20 04:00:00,16.58
2009-06-20 05:00:00,14.94
2009-06-20 06:00:00,32.75
2009-06-20 07:00:00,106.12
2009-06-20 08:00:00,107.37
2009-06-20 09:00:00,41.61
2009-06-20 10:00:00,112.08
2009-06-20 11:00:00,81.61
2009-06-20 12:00:00,88.65
2009-06-20 13:00:00,82.75
2009-06-20 14:00:00,63.31
2009-06-20 15:00:00,13.94
2009-06-20 16:00:00,16.76
2009-06-20 17:00:00,14.20
2009-06-20 18:00:00,19.00
2009-06-20 19:00:00,20.53
2009-06-20 20:00:00,21.47
2009-06-20 21:00:00,20.66
2009-06-20 22:00:00,19.96
2009-06-20 23:00:00,49.85
2009-06-21 00:00:00,34.54
2009-06-21 01:00:00,19.57
2009-06-21 02:00:00,21.72
2009-06-21 03:00:00,19.84
2009-06-21 04:00:00,21.36
2009-06-21 05:00:00,19.20
2009-06-21 06:00:00,21.34
2009-06-21 07:00:00,19.97
2009-06-21 08:00:00,20.62
2009-06-21 09:00:00,18.87
2009-06-21 10:00:00,61.50
2009-06-21 11:00:00,18.92
2009-06-21 12:00:00,14.24
2009-06-21 13:00:00,19.22
2009-06-21 14:00:00,12.67
2009-06-21 15:00:00,17.73
2009-06-21 16:00:00,23.54
2009-06-21 17:00:00,19.21
2009-06-21 18:00:00,65.81
2009-06-21 19:00:00,89.80
2009-06-21 20:00:00,123.01
2009-06-21 21:00:00,84.15
2009-06-21 22:00:00,61.27
2009-06-21 23:00:00,27.03
2009-06-22 00:00:00,16.18
2009-06-22 01:00:00,15.49
2009-06-22 02:00:00,17.00
2009-06-22 03:00:00,13.43
2009-06-22 04:00:00,16.96
2009-06-22 05:00:00,53.95
2009-06-22 06:00:00,32.59
2009-06-22 07:00:00,33.99
2009-06-22 08:00:00,92.10
2009-06-22 09:00:00,81.31
2009-06-22 10:00:00,82.91
2009-06-22 11:00:00,75.37
2009-06-22 12:00:00,81.25
2009-06-22 13:00:00,75.94
2009-06-22 14:00:00,34.97
2009-06-22 15:00:00,12.45
2009-06-22 16:00:00,15.78
2009-06-22 17:00:00,31.54
2009-06-22 18:00:00,23.01
2009-06-22 19:00:00,26.12
2009-06-22 20:00:00,72.29
2009-06-22 21:00:00,111.12
2009-06-22 22:00:00,59.64
2009-06-22 23:00:00,18.69
2009-06-23 00:00:00,15.70
2009-06-23 01:00:00,15.71
2009-06-23 02:00:00,14.42
2009-06-23 03:00:00,51.28
2009-06-23 04:00:00,17.35
2009-06-23 05:00:00,14.90
2009-06-23 06:00:00,53.78
2009-06-23 07:00:00,88.45
2009-06-23 08:00:00,94.36
2009-06-23 09:00:00,76.33
2009-06-23 10:00:00,15.11
2009-06-23 11:00:00,43.76
2009-06-23 12:00:00,50.78
2009-06-23 13:00:00,15.00
2009-06-23 14:00:00,15.09
2009-06-23 15:00:00,18.29
2009-06-23 16:00:00,12.71
2009-06-23 17:00:00,19.54
2009-06-23 18:00:00,15.55
2009-06-23 19:00:00,77.79
2009-06-23 20:00:00,77.28
2009-06-23 21:00:00,53.01
2009-06-23 22:00:00,128.02
2009-06-23 23:00:00,55.01
2009-06-24 00:00:00,13.89
2009-06-24 01:00:00,19.11
2009-06-24 02:00:00,14.70
2009-06-24 03:00:00,17.20
2009-06-24 04:00:00,14.06
2009-06-24 05:00:00,17.97
2009-06-24 06:00:00,59.94
2009-06-24 07:00:00,105.91
2009-06-24 08:00:00,76.92
2009-06-24 09:00:00,80.42
2009-06-24 10:00:00,82.91
2009-06-24 11:00:00,101.98
2009-06-24 12:00:00,92.64
2009-06-24 13:00:00,80.64
2009-06-24 14:00:00,86.95
2009-06-24 15:00:00,48.86
2009-06-24 16:00:00,24.57
2009-06-24 17:00:00,34.75
2009-06-24 18:00:00,164.07
2009-06-24 19:00:00,121.16
2009-06-24 20:00:00,81.09
2009-06-24 21:00:00,82.93
2009-06-24 22:00:00,96.72
2009-06-24 23:00:00,15.49
2009-06-25 00:00:00,18.33
2009-06-25 01:00:00,17.67
2009-06-25 02:00:00,16.19
2009-06-25 03:00:00,17.23
2009-06-25 04:00:00,14.52
2009-06-25 05:00:00,17.82
2009-06-25 06:00:00,50.83
2009-06-25 07:00:00,88.51
2009-06-25 08:00:00,90.33
2009-06-25 09:00:00,16.93
2009-06-25 10:00:00,16.61
2009-06-25 11:00:00,18.06
2009-06-25 12:00:00,17.17
2009-06-25 13:00:00,13.78
2009-06-25 14:00:00,19.01
2009-06-25 15:00:00,16.90
2009-06-25 16:00:00,17.94
2009-06-25 17:00:00,53.18
2009-06-25 18:00:00,27.09
2009-06-25 19:00:00,24.96
2009-06-25 20:00:00,42.46
2009-06-25 21:00:00,74.34
2009-06-25 22:00:00,61.52
2009-06-25 23:00:00,19.97
2009-06-26 00:00:00,18.56
2009-06-26 01:00:00,18.53
2009-06-26 02:00:00,17.46
2009-06-26 03:00:00,15.76
2009-06-26 04:00:00,15.76
2009-06-26 05:00:00,19.18
2009-06-26 06:00:00,72.66
2009-06-26 07:00:00,95.16
2009-06-26 08:00:00,106.19
2009-06-26 09:00:00,102.71
2009-06-26 10:00:00,111.92
2009-06-26 11:00:00,43.72
2009-06-26 12:00:00,18.33
2009-06-26 13:00:00,18.79
2009-06-26 14:00:00,26.76
2009-06-26 15:00:00,21.13
2009-06-26 16:00:00,19.61
2009-06-26 17:00:00,83.11
2009-06-26 18:00:00,33.08
2009-06-26 19:00:00,90.63
2009-06-26 20:00:00,42.61
2009-06-26 21:00:00,66.88
2009-06-26 22:00:00,113.70
2009-06-26 23:00:00,105.10
2009-06-27 00:00:00,120.84
2009-06-27 01:00:00,70.85
2009-06-27 02:00:00,44.03
2009-06-27 03:00:00,20.97
2009-06-27 04:00:00,18.67
2009-06-27 05:00:00,18.59
2009-06-27 06:00:00,18.91
2009-06-27 07:00:00,34.00
2009-06-27 08:00:00,37.22
2009-06-27 09:00:00,115.87
2009-06-27 10:00:00,134.73
2009-06-27 11:00:00,40.10
2009-06-27 12:00:00,20.80
2009-06-27 13:00:00,111.43
2009-06-27 14:00:00,101.43
2009-06-27 15:00:00,23.35
2009-06-27 16:00:00,35.81
2009-06-27 17:00:00,92.60
2009-06-27 18:00:00,92.12
2009-06-27 19:00:00,85.43
2009-06-27 20:00:00,112.21
2009-06-27 21:00:00,125.11
2009-06-27 22:00:00,163.92
2009-06-27 23:00:00,70.04
2009-06-28 00:00:00,19.13
2009-06-28 01:00:00,21.29
2009-06-28 02:00:00,19.22
2009-06-28 03:00:00,20.08
2009-06-28 04:00:00,18.41
2009-06-28 05:00:00,16.03
2009-06-28 06:00:00,18.46
2009-06-28 07:00:00,26.07
2009-06-28 08:00:00,79.16
2009-06-28 09:00:00,34.99
2009-06-28 10:00:00,46.55
2009-06-28 11:00:00,103.65
2009-06-28 12:00:00,55.80
2009-06-28 13:00:00,19.73
2009-06-28 14:00:00,19.75
2009-06-28 15:00:00,22.88
2009-06-28 16:00:00,20.80
2009-06-28 17:00:00,54.45
2009-06-28 18:00:00,101.06
2009-06-28 19:00:00,49.23
2009-06-28 20:00:00,77.56
2009-06-28 21:00:00,78.36
2009-06-28 22:00:00,91.58
2009-06-28 23:00:00,45.15
2009-06-29 00:00:00,22.40
2009-06-29 01:00:00,20.38
2009-06-29 02:00:00,21.27
2009-06-29 03:00:00,31.96
2009-06-29 04:00:00,41.50
2009-06-29 05:00:00,53.74
2009-06-29 06:00:00,34.04
2009-06-29 07:00:00,95.59
2009-06-29 08:00:00,67.47
2009-06-29 09:00:00,48.81
2009-06-29 10:00:00,24.13
2009-06-29 11:00:00,26.44
2009-06-29 12:00:00,25.67
2009-06-29 13:00:00,18.34
2009-06-29 14:00:00,24.90
2009-06-29 15:00:00,24.64
2009-06-29 16:00:00,42.82
2009-06-29 17:00:00,37.97
2009-06-29 18:00:00,83.45
2009-06-29 19:00:00,28.24
2009-06-29 20:00:00,31.81
2009-06-29 21:00:00,41.50
2009-06-29 22:00:00,112.39
2009-06-29 23:00:00,50.67
2009-06-30 00:00:00,30.11
2009-06-30 01:00:00,18.53
2009-06-30 02:00:00,19.94
2009-06-30 03:00:00,17.32
2009-06-30 04:00:00,20.05
2009-06-30 05:00:00,16.82
2009-06-30 06:00:00,55.62
2009-06-30 07:00:00,93.07
2009-06-30 08:00:00,90.94
2009-06-30 09:00:00,100.22
2009-06-30 10:00:00,107.34
2009-06-30 11:00:00,94.71
2009-06-30 12:00:00,32.96
2009-06-30 13:00:00,60.38
2009-06-30 14:00:00,52.13
2009-06-30 15:00:00,41.22
2009-06-30 16:00:00,29.87
2009-06-30 17:00:00,29.32
2009-06-30 18:00:00,57.08
2009-06-30 19:00:00,31.88
2009-06-30 20:00:00,86.67
2009-06-30 21:00:00,48.21
2009-06-30 22:00:00,33.49
2009-06-30 23:00:00,24.55
2009-07-01 00:00:00,22.49
2009-07-01 01:00:00,24.11
2009-07-01 02:00:00,20.95
2009-07-01 03:00:00,23.92
2009-07-01 04:00:00,21.58
2009-07-01 05:00:00,52.41
2009-07-01 06:00:00,66.95
2009-07-01 07:00:00,109.65
2009-07-01 08:00:00,96.55
2009-07-01 09:00:00,81.32
2009-07-01 10:00:00,23.24
2009-07-01 11:00:00,34.47
2009-07-01 12:00:00,29.15
2009-07-01 13:00:00,60.71
2009-07-01 14:00:00,55.96
2009-07-01 15:00:00,23.52
2009-07-01 16:00:00,87.12
2009-07-01 17:00:00,99.76
2009-07-01 18:00:00,60.35
2009-07-01 19:00:00,54.31
2009-07-01 20:00:00,38.84
2009-07-01 21:00:00,40.68
2009-07-01 22:00:00,64.48
2009-07-01 23:00:00,25.84
2009-07-02 00:00:00,31.10
2009-07-02 01:00:00,25.20
2009-07-02 02:00:00,22.88
2009-07-02 03:00:00,22.39
2009-07-02 04:00:00,22.45
2009-07-02 05:00:00,20.89
2009-07-02 06:00:00,102.29
2009-07-02 07:00:00,88.23
2009-07-02 08:00:00,26.37
2009-07-02 09:00:00,83.71
2009-07-02 10:00:00,98.38
2009-07-02 11:00:00,25.45
2009-07-02 12:00:00,39.35
2009-07-02 13:00:00,44.41
2009-07-02 14:00:00,31.88
2009-07-02 15:00:00,22.06
2009-07-02 16:00:00,44.49
2009-07-02 17:00:00,77.59
2009-07-02 18:00:00,76.31
2009-07-02 19:00:00,34.65
2009-07-02 20:00:00,74.34
2009-07-02 21:00:00,114.34
2009-07-02 22:00:00,84.48
2009-07-02 23:00:00,29.33
2009-07-03 00:00:00,23.57
2009-07-03 01:00:00,16.98
2009-07-03 02:00:00,21.32
2009-07-03 03:00:00,17.71
2009-07-03 04:00:00,20.12
2009-07-03 05:00:00,16.73
2009-07-03 06:00:00,26.51
2009-07-03 07:00:00,123.25
2009-07-03 08:00:00,72.94
2009-07-03 09:00:00,44.55
2009-07-03 10:00:00,20.35
2009-07-03 11:00:00,19.82
2009-07-03 12:00:00,20.32
2009-07-03 13:00:00,18.42
2009-07-03 14:00:00,20.06
2009-07-03 15:00:00,25.85
2009-07-03 16:00:00,22.94
2009-07-03 17:00:00,71.83
2009-07-03 18:00:00,79.21
2009-07-03 19:00:00,87.35
2009-07-03 20:00:00,20.87
2009-07-03 21:00:00,20.00
2009-07-03 22:00:00,18.55
2009-07-03 23:00:00,34.88
2009-07-04 00:00:00,17.69
2009-07-04 01:00:00,19.45
2009-07-04 02:00:00,16.82
2009-07-04 03:00:00,21.08
2009-07-04 04:00:00,52.13
2009-07-04 05:00:00,18.91
2009-07-04 06:00:00,16.19
2009-07-04 07:00:00,35.24
2009-07-04 08:00:00,65.78
2009-07-04 09:00:00,45.70
2009-07-04 10:00:00,68.63
2009-07-04 11:00:00,43.88
2009-07-04 12:00:00,63.08
2009-07-04 13:00:00,98.06
2009-07-04 14:00:00,53.76
2009-07-04 15:00:00,36.28
2009-07-04 16:00:00,65.39
2009-07-04 17:00:00,104.75
2009-07-04 18:00:00,51.02
2009-07-04 19:00:00,37.23
2009-07-04 20:00:00,33.89
2009-07-04 21:00:00,75.66
2009-07-04 22:00:00,124.30
2009-07-04 23:00:00,73.65
2009-07-05 00:00:00,80.39
2009-07-05 01:00:00,107.81
2009-07-05 02:00:00,28.56
2009-07-05 03:00:00,24.40
2009-07-05 04:00:00,22.51
2009-07-05 05:00:00,26.60
2009-07-05 06:00:00,24.32
2009-07-05 07:00:00,20.52
2009-07-05 08:00:00,37.78
2009-07-05 09:00:00,121.39
2009-07-05 10:00:00,38.61
2009-07-05 11:00:00,60.14
2009-07-05 12:00:00,50.76
2009-07-05 13:00:00,99.93
2009-07-05 14:00:00,78.62
2009-07-05 15:00:00,40.08
2009-07-05 16:00:00,54.24
2009-07-05 17:00:00,45.60
2009-07-05 18:00:00,28.01
2009-07-05 19:00:00,143.99
2009-07-05 20:00:00,72.76
2009-07-05 21:00:00,112.03
2009-07-05 22:00:00,68.93
2009-07-05 23:00:00,22.74
2009-07-06 00:00:00,20.53
2009-07-06 01:00:00,17.19
2009-07-06 02:00:00,19.77
2009-07-06 03:00:00,22.51
2009-07-06 04:00:00,17.29
2009-07-06 05:00:00,17.53
2009-07-06 06:00:00,46.86
2009-07-06 07:00:00,88.44
2009-07-06 08:00:00,85.54
2009-07-06 09:00:00,83.28
2009-07-06 10:00:00,16.93
2009-07-06 11:00:00,18.37
2009-07-06 12:00:00,16.61
2009-07-06 13:00:00,17.03
2009-07-06 14:00:00,18.93
2009-07-06 15:00:00,21.36
2009-07-06 16:00:00,17.54
2009-07-06 17:00:00,18.09
2009-07-06 18:00:00,21.95
2009-07-06 19:00:00,62.10
2009-07-06 20:00:00,40.27
2009-07-06 21:00:00,75.44
2009-07-06 22:00:00,105.27
2009-07-06 23:00:00,85.40
2009-07-07 00:00:00,46.91
2009-07-07 01:00:00,18.13
2009-07-07 02:00:00,18.07
2009-07-07 03:00:00,20.90
2009-07-07 04:00:00,17.50
2009-07-07 05:00:00,12.25
2009-07-07 06:00:00,62.74
2009-07-07 07:00:00,70.83
2009-07-07 08:00:00,82.00
2009-07-07 09:00:00,24.70
2009-07-07 10:00:00,62.04
2009-07-07 11:00:00,35.25
2009-07-07 12:00:00,20.55
2009-07-07 13:00:00,15.71
2009-07-07 14:00:00,17.73
2009-07-07 15:00:00,19.82
2009-07-07 16:00:00,19.11
2009-07-07 17:00:00,32.80
2009-07-07 18:00:00,90.06
2009-07-07 19:00:00,97.89
2009-07-07 20:00:00,142.00
2009-07-07 21:00:00,105.31
2009-07-07 22:00:00,50.35
2009-07-07 23:00:00,27.47
2009-07-08 00:00:00,25.18
2009-07-08 01:00:00,54.26
2009-07-08 02:00:00,30.58
2009-07-08 03:00:00,24.36
2009-07-08 04:00:00,19.42
2009-07-08 05:00:00,21.00
2009-07-08 06:00:00,28.18
2009-07-08 07:00:00,74.09
2009-07-08 08:00:00,183.02
2009-07-08 09:00:00,89.20
2009-07-08 10:00:00,85.35
2009-07-08 11:00:00,85.40
2009-07-08 12:00:00,27.88
2009-07-08 13:00:00,16.30
2009-07-08 14:00:00,22.35
2009-07-08 15:00:00,20.45
2009-07-08 16:00:00,21.28
2009-07-08 17:00:00,20.51
2009-07-08 18:00:00,18.75
2009-07-08 19:00:00,33.51
2009-07-08 20:00:00,88.69
2009-07-08 21:00:00,115.95
2009-07-08 22:00:00,91.71
2009-07-08 23:00:00,36.95
2009-07-09 00:00:00,21.56
2009-07-09 01:00:00,21.86
2009-07-09 02:00:00,15.01
2009-07-09 03:00:00,22.77
2009-07-09 04:00:00,19.75
2009-07-09 05:00:00,15.05
2009-07-09 06:00:00,25.90
2009-07-09 07:00:00,83.30
2009-07-09 08:00:00,72.24
2009-07-09 09:00:00,28.19
2009-07-09 10:00:00,24.38
2009-07-09 11:00:00,26.53
2009-07-09 12:00:00,15.95
2009-07-09 13:00:00,20.09
2009-07-09 14:00:00,20.87
2009-07-09 15:00:00,15.15
2009-07-09 16:00:00,49.59
2009-07-09 17:00:00,37.31
2009-07-09 18:00:00,20.82
2009-07-09 19:00:00,30.84
2009-07-09 20:00:00,57.84
2009-07-09 21:00:00,69.87
2009-07-09 22:00:00,80.28
2009-07-09 23:00:00,51.09
2009-07-10 00:00:00,26.07
2009-07-10 01:00:00,12.71
2009-07-10 02:00:00,18.24
2009-07-10 03:00:00,16.94
2009-07-10 04:00:00,12.10
2009-07-10 05:00:00,60.40
2009-07-10 06:00:00,39.94
2009-07-10 07:00:00,116.43
2009-07-10 08:00:00,115.50
2009-07-10 09:00:00,77.62
2009-07-10 10:00:00,35.81
2009-07-10 11:00:00,15.96
2009-07-10 12:00:00,17.53
2009-07-10 13:00:00,21.43
2009-07-10 14:00:00,33.12
2009-07-10 15:00:00,77.90
2009-07-10 16:00:00,33.66
2009-07-10 17:00:00,35.17
2009-07-10 18:00:00,28.33
2009-07-10 19:00:00,35.62
2009-07-10 20:00:00,40.27
2009-07-10 21:00:00,75.91
2009-07-10 22:00:00,111.81
2009-07-10 23:00:00,134.16
2009-07-11 00:00:00,19.78
2009-07-11 01:00:00,17.49
2009-07-11 02:00:00,21.41
2009-07-11 03:00:00,16.18
2009-07-11 04:00:00,37.58
2009-07-11 05:00:00,41.52
2009-07-11 06:00:00,15.33
2009-07-11 07:00:00,40.83
2009-07-11 08:00:00,64.84
2009-07-11 09:00:00,77.02
2009-07-11 10:00:00,34.60
2009-07-11 11:00:00,38.86
2009-07-11 12:00:00,92.81
2009-07-11 13:00:00,105.56
2009-07-11 14:00:00,114.44
2009-07-11 15:00:00,83.98
2009-07-11 16:00:00,31.30
2009-07-11 17:00:00,34.11
2009-07-11 18:00:00,26.15
2009-07-11 19:00:00,15.19
2009-07-11 20:00:00,17.13
2009-07-11 21:00:00,14.07
2009-07-11 22:00:00,18.99
2009-07-11 23:00:00,14.82
2009-07-12 00:00:00,47.14
2009-07-12 01:00:00,14.83
2009-07-12 02:00:00,16.95
2009-07-12 03:00:00,17.15
2009-07-12 04:00:00,11.32
2009-07-12 05:00:00,18.90
2009-07-12 06:00:00,14.44
2009-07-12 07:00:00,17.47
2009-07-12 08:00:00,12.00
2009-07-12 09:00:00,15.59
2009-07-12 10:00:00,42.63
2009-07-12 11:00:00,32.04
2009-07-12 12:00:00,14.99
2009-07-12 13:00:00,15.17
2009-07-12 14:00:00,16.90
2009-07-12 15:00:00,15.78
2009-07-12 16:00:00,12.09
2009-07-12 17:00:00,32.26
2009-07-12 18:00:00,14.51
2009-07-12 19:00:00,17.81
2009-07-12 20:00:00,12.58
2009-07-12 21:00:00,33.00
2009-07-12 22:00:00,51.87
2009-07-12 23:00:00,16.08
2009-07-13 00:00:00,17.28
2009-07-13 01:00:00,12.30
2009-07-13 02:00:00,17.88
2009-07-13 03:00:00,15.72
2009-07-13 04:00:00,15.59
2009-07-13 05:00:00,15.27
2009-07-13 06:00:00,15.07
2009-07-13 07:00:00,17.78
2009-07-13 08:00:00,15.77
2009-07-13 09:00:00,68.40
2009-07-13 10:00:00,16.74
2009-07-13 11:00:00,15.76
2009-07-13 12:00:00,18.78
2009-07-13 13:00:00,11.44
2009-07-13 14:00:00,17.23
2009-07-13 15:00:00,16.16
2009-07-13 16:00:00,16.84
2009-07-13 17:00:00,13.69
2009-07-13 18:00:00,18.98
2009-07-13 19:00:00,20.76
2009-07-13 20:00:00,37.33
2009-07-13 21:00:00,50.44
2009-07-13 22:00:00,16.16
2009-07-13 23:00:00,15.37
2009-07-14 00:00:00,19.52
2009-07-14 01:00:00,11.21
2009-07-14 02:00:00,18.22
2009-07-14 03:00:00,15.62
2009-07-14 04:00:00,16.49
2009-07-14 05:00:00,15.09
2009-07-14 06:00:00,13.48
2009-07-14 07:00:00,19.19
2009-07-14 08:00:00,56.65
2009-07-14 09:00:00,49.28
2009-07-14 10:00:00,17.88
2009-07-14 11:00:00,74.04
2009-07-14 12:00:00,164.72
2009-07-14 13:00:00,16.94
2009-07-14 14:00:00,26.49
2009-07-14 15:00:00,29.65
2009-07-14 16:00:00,27.56
2009-07-14 17:00:00,25.91
2009-07-14 18:00:00,47.64
2009-07-14 19:00:00,67.31
2009-07-14 20:00:00,30.17
2009-07-14 21:00:00,104.58
2009-07-14 22:00:00,25.14
2009-07-14 23:00:00,18.67
2009-07-15 00:00:00,15.36
2009-07-15 01:00:00,17.32
2009-07-15 02:00:00,21.02
2009-07-15 03:00:00,16.54
2009-07-15 04:00:00,16.10
2009-07-15 05:00:00,17.46
2009-07-15 06:00:00,35.42
2009-07-15 07:00:00,87.58
2009-07-15 08:00:00,106.52
2009-07-15 09:00:00,94.40
2009-07-15 10:00:00,13.11
2009-07-15 11:00:00,18.06
2009-07-15 12:00:00,18.21
2009-07-15 13:00:00,18.00
2009-07-15 14:00:00,16.12
2009-07-15 15:00:00,15.96
2009-07-15 16:00:00,21.04
2009-07-15 17:00:00,18.32
2009-07-15 18:00:00,48.13
2009-07-15 19:00:00,25.11
2009-07-15 20:00:00,20.99
2009-07-15 21:00:00,20.13
2009-07-15 22:00:00,19.88
2009-07-15 23:00:00,17.29
2009-07-16 00:00:00,20.78
2009-07-16 01:00:00,19.75
2009-07-16 02:00:00,19.88
2009-07-16 03:00:00,20.48
2009-07-16 04:00:00,16.98
2009-07-16 05:00:00,62.48
2009-07-16 06:00:00,25.65
2009-07-16 07:00:00,21.40
2009-07-16 08:00:00,24.46
2009-07-16 09:00:00,17.90
2009-07-16 10:00:00,22.17
2009-07-16 11:00:00,22.20
2009-07-16 12:00:00,21.25
2009-07-16 13:00:00,19.45
2009-07-16 14:00:00,21.45
2009-07-16 15:00:00,22.56
2009-07-16 16:00:00,36.91
2009-07-16 17:00:00,71.39
2009-07-16 18:00:00,22.21
2009-07-16 19:00:00,17.55
2009-07-16 20:00:00,16.71
2009-07-16 21:00:00,20.47
2009-07-16 22:00:00,20.10
2009-07-16 23:00:00,15.39
2009-07-17 00:00:00,17.50
2009-07-17 01:00:00,16.84
2009-07-17 02:00:00,19.54
2009-07-17 03:00:00,19.05
2009-07-17 04:00:00,42.74
2009-07-17 05:00:00,48.93
2009-07-17 06:00:00,16.66
2009-07-17 07:00:00,20.90
2009-07-17 08:00:00,50.12
2009-07-17 09:00:00,81.51
2009-07-17 10:00:00,82.42
2009-07-17 11:00:00,27.37
2009-07-17 12:00:00,20.76
2009-07-17 13:00:00,21.62
2009-07-17 14:00:00,19.33
2009-07-17 15:00:00,26.54
2009-07-17 16:00:00,25.71
2009-07-17 17:00:00,28.31
2009-07-17 18:00:00,20.99
2009-07-17 19:00:00,19.27
2009-07-17 20:00:00,57.24
2009-07-17 21:00:00,15.16
2009-07-17 22:00:00,17.66
2009-07-17 23:00:00,15.64
2009-07-18 00:00:00,18.71
2009-07-18 01:00:00,16.00
2009-07-18 02:00:00,15.87
2009-07-18 03:00:00,15.14
2009-07-18 04:00:00,18.22
2009-07-18 05:00:00,17.26
2009-07-18 06:00:00,12.64
2009-07-18 07:00:00,68.83
2009-07-18 08:00:00,26.89
2009-07-18 09:00:00,25.53
2009-07-18 10:00:00,23.39
2009-07-18 11:00:00,26.43
2009-07-18 12:00:00,29.30
2009-07-18 13:00:00,65.99
2009-07-18 14:00:00,28.60
2009-07-18 15:00:00,24.50
2009-07-18 16:00:00,26.72
2009-07-18 17:00:00,38.45
2009-07-18 18:00:00,63.21
2009-07-18 19:00:00,93.54
2009-07-18 20:00:00,89.28
2009-07-18 21:00:00,51.70
2009-07-18 22:00:00,80.66
2009-07-18 23:00:00,89.52
2009-07-19 00:00:00,110.51
2009-07-19 01:00:00,104.53
2009-07-19 02:00:00,124.11
2009-07-19 03:00:00,119.88
2009-07-19 04:00:00,36.97
2009-07-19 05:00:00,30.47
2009-07-19 06:00:00,25.36
2009-07-19 07:00:00,24.25
2009-07-19 08:00:00,28.77
2009-07-19 09:00:00,64.43
2009-07-19 10:00:00,41.33
2009-07-19 11:00:00,71.35
2009-07-19 12:00:00,54.60
2009-07-19 13:00:00,24.35
2009-07-19 14:00:00,25.92
2009-07-19 15:00:00,28.53
2009-07-19 16:00:00,25.80
2009-07-19 17:00:00,28.19
2009-07-19 18:00:00,62.70
2009-07-19 19:00:00,28.36
2009-07-19 20:00:00,26.28
2009-07-19 21:00:00,45.39
2009-07-19 22:00:00,39.04
2009-07-19 23:00:00,32.53
2009-07-20 00:00:00,14.81
2009-07-20 01:00:00,15.22
2009-07-20 02:00:00,17.49
2009-07-20 03:00:00,12.04
2009-07-20 04:00:00,59.18
2009-07-20 05:00:00,16.19
2009-07-20 06:00:00,11.79
2009-07-20 07:00:00,23.78
2009-07-20 08:00:00,13.77
2009-07-20 09:00:00,15.41
2009-07-20 10:00:00,14.92
2009-07-20 11:00:00,15.78
2009-07-20 12:00:00,28.63
2009-07-20 13:00:00,109.65
2009-07-20 14:00:00,110.63
2009-07-20 15:00:00,30.07
2009-07-20 16:00:00,20.73
2009-07-20 17:00:00,17.69
2009-07-20 18:00:00,20.00
2009-07-20 19:00:00,20.25
2009-07-20 20:00:00,20.67
2009-07-20 21:00:00,16.35
2009-07-20 22:00:00,19.97
2009-07-20 23:00:00,17.49
2009-07-21 00:00:00,63.59
2009-07-21 01:00:00,20.36
2009-07-21 02:00:00,18.08
2009-07-21 03:00:00,19.28
2009-07-21 04:00:00,19.98
2009-07-21 05:00:00,16.85
2009-07-21 06:00:00,15.27
2009-07-21 07:00:00,25.64
2009-07-21 08:00:00,85.18
2009-07-21 09:00:00,87.17
2009-07-21 10:00:00,87.62
2009-07-21 11:00:00,80.12
2009-07-21 12:00:00,17.65
2009-07-21 13:00:00,17.45
2009-07-21 14:00:00,16.06
2009-07-21 15:00:00,17.95
2009-07-21 16:00:00,22.00
2009-07-21 17:00:00,23.54
2009-07-21 18:00:00,24.14
2009-07-21 19:00:00,17.37
2009-07-21 20:00:00,56.55
2009-07-21 21:00:00,24.51
2009-07-21 22:00:00,17.18
2009-07-21 23:00:00,20.23
2009-07-22 00:00:00,18.11
2009-07-22 01:00:00,16.50
2009-07-22 02:00:00,21.66
2009-07-22 03:00:00,17.57
2009-07-22 04:00:00,16.70
2009-07-22 05:00:00,20.58
2009-07-22 06:00:00,14.58
2009-07-22 07:00:00,52.51
2009-07-22 08:00:00,36.73
2009-07-22 09:00:00,17.68
2009-07-22 10:00:00,20.29
2009-07-22 11:00:00,16.77
2009-07-22 12:00:00,17.96
2009-07-22 13:00:00,17.37
2009-07-22 14:00:00,16.45
2009-07-22 15:00:00,21.22
2009-07-22 16:00:00,23.01
2009-07-22 17:00:00,21.27
2009-07-22 18:00:00,32.38
2009-07-22 19:00:00,78.79
2009-07-22 20:00:00,66.25
2009-07-22 21:00:00,57.48
2009-07-22 22:00:00,57.78
2009-07-22 23:00:00,59.89
2009-07-23 00:00:00,54.23
2009-07-23 01:00:00,65.86
2009-07-23 02:00:00,104.43
2009-07-23 03:00:00,58.54
2009-07-23 04:00:00,45.93
2009-07-23 05:00:00,16.27
2009-07-23 06:00:00,18.25
2009-07-23 07:00:00,17.36
2009-07-23 08:00:00,64.70
2009-07-23 09:00:00,87.29
2009-07-23 10:00:00,82.69
2009-07-23 11:00:00,83.29
2009-07-23 12:00:00,28.07
2009-07-23 13:00:00,16.13
2009-07-23 14:00:00,19.58
2009-07-23 15:00:00,12.44
2009-07-23 16:00:00,26.06
2009-07-23 17:00:00,19.29
2009-07-23 18:00:00,19.59
2009-07-23 19:00:00,80.82
2009-07-23 20:00:00,58.44
2009-07-23 21:00:00,17.20
2009-07-23 22:00:00,18.11
2009-07-23 23:00:00,15.44
2009-07-24 00:00:00,22.38
2009-07-24 01:00:00,31.57
2009-07-24 02:00:00,20.37
2009-07-24 03:00:00,17.10
2009-07-24 04:00:00,16.80
2009-07-24 05:00:00,56.54
2009-07-24 06:00:00,11.88
2009-07-24 07:00:00,19.14
2009-07-24 08:00:00,23.54
2009-07-24 09:00:00,25.35
2009-07-24 10:00:00,37.51
2009-07-24 11:00:00,40.98
2009-07-24 12:00:00,17.05
2009-07-24 13:00:00,15.95
2009-07-24 14:00:00,19.33
2009-07-24 15:00:00,10.96
2009-07-24 16:00:00,17.59
2009-07-24 17:00:00,18.72
2009-07-24 18:00:00,15.52
2009-07-24 19:00:00,15.15
2009-07-24 20:00:00,21.27
2009-07-24 21:00:00,57.82
2009-07-24 22:00:00,15.70
2009-07-24 23:00:00,13.52
2009-07-25 00:00:00,15.69
2009-07-25 01:00:00,16.35
2009-07-25 02:00:00,17.78
2009-07-25 03:00:00,10.78
2009-07-25 04:00:00,18.81
2009-07-25 05:00:00,15.27
2009-07-25 06:00:00,12.93
2009-07-25 07:00:00,16.96
2009-07-25 08:00:00,81.05
2009-07-25 09:00:00,30.85
2009-07-25 10:00:00,19.44
2009-07-25 11:00:00,20.59
2009-07-25 12:00:00,13.08
2009-07-25 13:00:00,19.12
2009-07-25 14:00:00,19.18
2009-07-25 15:00:00,13.81
2009-07-25 16:00:00,19.17
2009-07-25 17:00:00,17.14
2009-07-25 18:00:00,16.23
2009-07-25 19:00:00,54.96
2009-07-25 20:00:00,39.70
2009-07-25 21:00:00,16.98
2009-07-25 22:00:00,14.12
2009-07-25 23:00:00,16.70
2009-07-26 00:00:00,16.35
2009-07-26 01:00:00,19.26
2009-07-26 02:00:00,12.96
2009-07-26 03:00:00,19.23
2009-07-26 04:00:00,15.76
2009-07-26 05:00:00,17.36
2009-07-26 06:00:00,13.82
2009-07-26 07:00:00,75.42
2009-07-26 08:00:00,17.86
2009-07-26 09:00:00,15.04
2009-07-26 10:00:00,15.21
2009-07-26 11:00:00,16.66
2009-07-26 12:00:00,19.16
2009-07-26 13:00:00,12.35
2009-07-26 14:00:00,16.56
2009-07-26 15:00:00,17.97
2009-07-26 16:00:00,36.56
2009-07-26 17:00:00,60.07
2009-07-26 18:00:00,22.03
2009-07-26 19:00:00,20.24
2009-07-26 20:00:00,22.15
2009-07-26 21:00:00,19.26
2009-07-26 22:00:00,19.49
2009-07-26 23:00:00,22.20
2009-07-27 00:00:00,21.88
2009-07-27 01:00:00,20.40
2009-07-27 02:00:00,21.55
2009-07-27 03:00:00,22.09
2009-07-27 04:00:00,72.71
2009-07-27 05:00:00,20.96
2009-07-27 06:00:00,21.60
2009-07-27 07:00:00,17.69
2009-07-27 08:00:00,20.76
2009-07-27 09:00:00,81.22
2009-07-27 10:00:00,62.10
2009-07-27 11:00:00,21.17
2009-07-27 12:00:00,20.16
2009-07-27 13:00:00,18.69
2009-07-27 14:00:00,21.82
2009-07-27 15:00:00,20.40
2009-07-27 16:00:00,17.98
2009-07-27 17:00:00,21.38
2009-07-27 18:00:00,20.39
2009-07-27 19:00:00,62.29
2009-07-27 20:00:00,18.04
2009-07-27 21:00:00,20.68
2009-07-27 22:00:00,21.18
2009-07-27 23:00:00,21.40
2009-07-28 00:00:00,17.71
2009-07-28 01:00:00,20.71
2009-07-28 02:00:00,21.26
2009-07-28 03:00:00,17.76
2009-07-28 04:00:00,20.38
2009-07-28 05:00:00,21.42
2009-07-28 06:00:00,68.98
2009-07-28 07:00:00,19.86
2009-07-28 08:00:00,27.76
2009-07-28 09:00:00,22.12
2009-07-28 10:00:00,25.90
2009-07-28 11:00:00,27.90
2009-07-28 12:00:00,94.75
2009-07-28 13:00:00,13.70
2009-07-28 14:00:00,17.06
2009-07-28 15:00:00,17.90
2009-07-28 16:00:00,15.92
2009-07-28 17:00:00,20.09
2009-07-28 18:00:00,89.19
2009-07-28 19:00:00,92.14
2009-07-28 20:00:00,25.09
2009-07-28 21:00:00,24.44
2009-07-28 22:00:00,78.15
2009-07-28 23:00:00,102.68
2009-07-29 00:00:00,22.20
2009-07-29 01:00:00,21.89
2009-07-29 02:00:00,35.22
2009-07-29 03:00:00,39.72
2009-07-29 04:00:00,18.87
2009-07-29 05:00:00,18.76
2009-07-29 06:00:00,18.03
2009-07-29 07:00:00,15.63
2009-07-29 08:00:00,33.71
2009-07-29 09:00:00,87.56
2009-07-29 10:00:00,82.96
2009-07-29 11:00:00,94.16
2009-07-29 12:00:00,85.32
2009-07-29 13:00:00,37.76
2009-07-29 14:00:00,18.20
2009-07-29 15:00:00,18.92
2009-07-29 16:00:00,42.10
2009-07-29 17:00:00,31.46
2009-07-29 18:00:00,45.90
2009-07-29 19:00:00,17.70
2009-07-29 20:00:00,13.30
2009-07-29 21:00:00,18.53
2009-07-29 22:00:00,37.96
2009-07-29 23:00:00,46.14
2009-07-30 00:00:00,16.13
2009-07-30 01:00:00,17.69
2009-07-30 02:00:00,17.78
2009-07-30 03:00:00,13.28
2009-07-30 04:00:00,18.67
2009-07-30 05:00:00,15.40
2009-07-30 06:00:00,19.55
2009-07-30 07:00:00,16.24
2009-07-30 08:00:00,38.94
2009-07-30 09:00:00,49.94
2009-07-30 10:00:00,44.06
2009-07-30 11:00:00,14.81
2009-07-30 12:00:00,16.09
2009-07-30 13:00:00,20.63
2009-07-30 14:00:00,17.24
2009-07-30 15:00:00,16.00
2009-07-30 16:00:00,16.28
2009-07-30 17:00:00,28.84
2009-07-30 18:00:00,95.40
2009-07-30 19:00:00,32.24
2009-07-30 20:00:00,79.35
2009-07-30 21:00:00,86.98
2009-07-30 22:00:00,52.26
2009-07-30 23:00:00,48.54
2009-07-31 00:00:00,43.26
2009-07-31 01:00:00,70.79
2009-07-31 02:00:00,25.50
2009-07-31 03:00:00,22.64
2009-07-31 04:00:00,24.23
2009-07-31 05:00:00,21.86
2009-07-31 06:00:00,21.96
2009-07-31 07:00:00,25.95
2009-07-31 08:00:00,16.04
2009-07-31 09:00:00,16.48
2009-07-31 10:00:00,15.00
2009-07-31 11:00:00,43.54
2009-07-31 12:00:00,48.91
2009-07-31 13:00:00,19.35
2009-07-31 14:00:00,18.71
2009-07-31 15:00:00,16.12
2009-07-31 16:00:00,19.96
2009-07-31 17:00:00,113.15
2009-07-31 18:00:00,98.48
2009-07-31 19:00:00,178.87
2009-07-31 20:00:00,49.34
2009-07-31 21:00:00,22.19
2009-07-31 22:00:00,21.51
2009-07-31 23:00:00,21.99
2009-08-01 00:00:00,18.12
2009-08-01 01:00:00,18.98
2009-08-01 02:00:00,17.11
2009-08-01 03:00:00,15.91
2009-08-01 04:00:00,19.42
2009-08-01 05:00:00,61.47
2009-08-01 06:00:00,15.39
2009-08-01 07:00:00,19.31
2009-08-01 08:00:00,17.08
2009-08-01 09:00:00,16.67
2009-08-01 10:00:00,15.38
2009-08-01 11:00:00,62.05
2009-08-01 12:00:00,36.28
2009-08-01 13:00:00,20.18
2009-08-01 14:00:00,20.70
2009-08-01 15:00:00,18.60
2009-08-01 16:00:00,43.65
2009-08-01 17:00:00,37.80
2009-08-01 18:00:00,22.52
2009-08-01 19:00:00,87.18
2009-08-01 20:00:00,66.08
2009-08-01 21:00:00,18.03
2009-08-01 22:00:00,17.98
2009-08-01 23:00:00,21.08
2009-08-02 00:00:00,19.18
2009-08-02 01:00:00,15.97
2009-08-02 02:00:00,18.98
2009-08-02 03:00:00,17.34
2009-08-02 04:00:00,14.02
2009-08-02 05:00:00,19.04
2009-08-02 06:00:00,52.02
2009-08-02 07:00:00,19.89
2009-08-02 08:00:00,17.08
2009-08-02 09:00:00,15.59
2009-08-02 10:00:00,15.64
2009-08-02 11:00:00,16.96
2009-08-02 12:00:00,17.95
2009-08-02 13:00:00,15.68
2009-08-02 14:00:00,18.01
2009-08-02 15:00:00,15.20
2009-08-02 16:00:00,14.96
2009-08-02 17:00:00,55.00
2009-08-02 18:00:00,30.34
2009-08-02 19:00:00,13.23
2009-08-02 20:00:00,16.68
2009-08-02 21:00:00,16.77
2009-08-02 22:00:00,19.46
2009-08-02 23:00:00,14.75
2009-08-03 00:00:00,14.84
2009-08-03 01:00:00,17.87
2009-08-03 02:00:00,15.07
2009-08-03 03:00:00,19.18
2009-08-03 04:00:00,14.12
2009-08-03 05:00:00,70.87
2009-08-03 06:00:00,15.92
2009-08-03 07:00:00,16.32
2009-08-03 08:00:00,18.30
2009-08-03 09:00:00,12.11
2009-08-03 10:00:00,18.62
2009-08-03 11:00:00,15.18
2009-08-03 12:00:00,16.17
2009-08-03 13:00:00,15.65
2009-08-03 14:00:00,14.60
2009-08-03 15:00:00,19.49
2009-08-03 16:00:00,29.63
2009-08-03 17:00:00,57.25
2009-08-03 18:00:00,16.59
2009-08-03 19:00:00,17.01
2009-08-03 20:00:00,16.83
2009-08-03 21:00:00,12.75
2009-08-03 22:00:00,19.24
2009-08-03 23:00:00,16.69
2009-08-04 00:00:00,15.71
2009-08-04 01:00:00,14.43
2009-08-04 02:00:00,16.26
2009-08-04 03:00:00,19.40
2009-08-04 04:00:00,43.09
2009-08-04 05:00:00,44.20
2009-08-04 06:00:00,17.71
2009-08-04 07:00:00,15.27
2009-08-04 08:00:00,18.99
2009-08-04 09:00:00,16.83
2009-08-04 10:00:00,19.41
2009-08-04 11:00:00,14.22
2009-08-04 12:00:00,13.74
2009-08-04 13:00:00,18.29
2009-08-04 14:00:00,14.27
2009-08-04 15:00:00,18.11
2009-08-04 16:00:00,51.57
2009-08-04 17:00:00,37.61
2009-08-04 18:00:00,15.44
2009-08-04 19:00:00,17.04
2009-08-04 20:00:00,19.01
2009-08-04 21:00:00,13.17
2009-08-04 22:00:00,18.39
2009-08-04 23:00:00,16.74
2009-08-05 00:00:00,16.70
2009-08-05 01:00:00,18.55
2009-08-05 02:00:00,14.76
2009-08-05 03:00:00,16.21
2009-08-05 04:00:00,64.01
2009-08-05 05:00:00,27.07
2009-08-05 06:00:00,16.88
2009-08-05 07:00:00,16.92
2009-08-05 08:00:00,15.45
2009-08-05 09:00:00,14.94
2009-08-05 10:00:00,18.87
2009-08-05 11:00:00,17.33
2009-08-05 12:00:00,16.56
2009-08-05 13:00:00,13.88
2009-08-05 14:00:00,16.40
2009-08-05 15:00:00,20.57
2009-08-05 16:00:00,72.66
2009-08-05 17:00:00,17.31
2009-08-05 18:00:00,18.29
2009-08-05 19:00:00,13.49
2009-08-05 20:00:00,19.05
2009-08-05 21:00:00,15.65
2009-08-05 22:00:00,19.61
2009-08-05 23:00:00,17.45
2009-08-06 00:00:00,16.31
2009-08-06 01:00:00,18.70
2009-08-06 02:00:00,16.45
2009-08-06 03:00:00,18.71
2009-08-06 04:00:00,69.82
2009-08-06 05:00:00,19.48
2009-08-06 06:00:00,18.43
2009-08-06 07:00:00,16.52
2009-08-06 08:00:00,19.06
2009-08-06 09:00:00,15.82
2009-08-06 10:00:00,15.50
2009-08-06 11:00:00,17.79
2009-08-06 12:00:00,15.65
2009-08-06 13:00:00,19.86
2009-08-06 14:00:00,16.81
2009-08-06 15:00:00,18.96
2009-08-06 16:00:00,63.68
2009-08-06 17:00:00,28.43
2009-08-06 18:00:00,16.67
2009-08-06 19:00:00,16.29
2009-08-06 20:00:00,19.38
2009-08-06 21:00:00,17.38
2009-08-06 22:00:00,17.69
2009-08-06 23:00:00,19.29
2009-08-07 00:00:00,16.50
2009-08-07 01:00:00,19.80
2009-08-07 02:00:00,17.40
2009-08-07 03:00:00,18.04
2009-08-07 04:00:00,40.23
2009-08-07 05:00:00,49.76
2009-08-07 06:00:00,19.15
2009-08-07 07:00:00,16.78
2009-08-07 08:00:00,18.62
2009-08-07 09:00:00,17.66
2009-08-07 10:00:00,17.49
2009-08-07 11:00:00,19.81
2009-08-07 12:00:00,15.78
2009-08-07 13:00:00,17.16
2009-08-07 14:00:00,15.99
2009-08-07 15:00:00,17.95
2009-08-07 16:00:00,28.68
2009-08-07 17:00:00,65.25
2009-08-07 18:00:00,20.33
2009-08-07 19:00:00,17.48
2009-08-07 20:00:00,18.02
2009-08-07 21:00:00,14.59
2009-08-07 22:00:00,16.29
2009-08-07 23:00:00,20.53
2009-08-08 00:00:00,16.49
2009-08-08 01:00:00,18.32
2009-08-08 02:00:00,17.72
2009-08-08 03:00:00,16.83
2009-08-08 04:00:00,16.77
2009-08-08 05:00:00,60.51
2009-08-08 06:00:00,31.86
2009-08-08 07:00:00,17.15
2009-08-08 08:00:00,17.57
2009-08-08 09:00:00,18.39
2009-08-08 10:00:00,16.07
2009-08-08 11:00:00,16.18
2009-08-08 12:00:00,16.52
2009-08-08 13:00:00,17.16
2009-08-08 14:00:00,18.29
2009-08-08 15:00:00,16.74
2009-08-08 16:00:00,17.08
2009-08-08 17:00:00,48.65
2009-08-08 18:00:00,41.62
2009-08-08 19:00:00,18.30
2009-08-08 20:00:00,17.52
2009-08-08 21:00:00,17.68
2009-08-08 22:00:00,16.21
2009-08-08 23:00:00,16.84
2009-08-09 00:00:00,16.06
2009-08-09 01:00:00,17.73
2009-08-09 02:00:00,17.54
2009-08-09 03:00:00,17.56
2009-08-09 04:00:00,18.87
2009-08-09 05:00:00,43.43
2009-08-09 06:00:00,46.44
2009-08-09 07:00:00,17.18
2009-08-09 08:00:00,17.44
2009-08-09 09:00:00,17.03
2009-08-09 10:00:00,16.38
2009-08-09 11:00:00,21.19
2009-08-09 12:00:00,11.87
2009-08-09 13:00:00,18.70
2009-08-09 14:00:00,18.17
2009-08-09 15:00:00,18.12
2009-08-09 16:00:00,19.17
2009-08-09 17:00:00,134.05
2009-08-09 18:00:00,162.61
2009-08-09 19:00:00,92.84
2009-08-09 20:00:00,53.15
2009-08-09 21:00:00,134.08
2009-08-09 22:00:00,48.25
2009-08-09 23:00:00,20.39
2009-08-10 00:00:00,20.57
2009-08-10 01:00:00,20.52
2009-08-10 02:00:00,22.01
2009-08-10 03:00:00,17.83
2009-08-10 04:00:00,21.86
2009-08-10 05:00:00,18.91
2009-08-10 06:00:00,39.83
2009-08-10 07:00:00,49.18
2009-08-10 08:00:00,73.66
2009-08-10 09:00:00,29.97
2009-08-10 10:00:00,14.48
2009-08-10 11:00:00,20.90
2009-08-10 12:00:00,18.04
2009-08-10 13:00:00,19.51
2009-08-10 14:00:00,18.87
2009-08-10 15:00:00,17.56
2009-08-10 16:00:00,22.43
2009-08-10 17:00:00,17.78
2009-08-10 18:00:00,70.58
2009-08-10 19:00:00,107.66
2009-08-10 20:00:00,63.47
2009-08-10 21:00:00,82.14
2009-08-10 22:00:00,166.85
2009-08-10 23:00:00,114.74
2009-08-11 00:00:00,24.31
2009-08-11 01:00:00,18.10
2009-08-11 02:00:00,19.80
2009-08-11 03:00:00,19.02
2009-08-11 04:00:00,18.19
2009-08-11 05:00:00,20.81
2009-08-11 06:00:00,18.12
2009-08-11 07:00:00,92.40
2009-08-11 08:00:00,109.67
2009-08-11 09:00:00,107.03
2009-08-11 10:00:00,16.82
2009-08-11 11:00:00,17.79
2009-08-11 12:00:00,20.51
2009-08-11 13:00:00,19.42
2009-08-11 14:00:00,22.79
2009-08-11 15:00:00,19.85
2009-08-11 16:00:00,22.05
2009-08-11 17:00:00,20.65
2009-08-11 18:00:00,37.44
2009-08-11 19:00:00,81.96
2009-08-11 20:00:00,79.72
2009-08-11 21:00:00,23.07
2009-08-11 22:00:00,88.66
2009-08-11 23:00:00,32.76
2009-08-12 00:00:00,17.89
2009-08-12 01:00:00,16.13
2009-08-12 02:00:00,20.96
2009-08-12 03:00:00,47.99
2009-08-12 04:00:00,25.65
2009-08-12 05:00:00,16.72
2009-08-12 06:00:00,19.74
2009-08-12 07:00:00,44.92
2009-08-12 08:00:00,54.00
2009-08-12 09:00:00,20.06
2009-08-12 10:00:00,17.84
2009-08-12 11:00:00,18.09
2009-08-12 12:00:00,16.73
2009-08-12 13:00:00,19.19
2009-08-12 14:00:00,18.13
2009-08-12 15:00:00,23.53
2009-08-12 16:00:00,22.63
2009-08-12 17:00:00,40.64
2009-08-12 18:00:00,41.44
2009-08-12 19:00:00,47.02
2009-08-12 20:00:00,48.45
2009-08-12 21:00:00,85.20
2009-08-12 22:00:00,87.75
2009-08-12 23:00:00,53.72
2009-08-13 00:00:00,18.04
2009-08-13 01:00:00,20.02
2009-08-13 02:00:00,19.30
2009-08-13 03:00:00,18.12
2009-08-13 04:00:00,20.67
2009-08-13 05:00:00,13.44
2009-08-13 06:00:00,13.44
2009-08-13 07:00:00,13.44
2009-08-13 08:00:00,13.44
2009-08-13 09:00:00,13.44
2009-08-13 10:00:00,13.44
2009-08-13 11:00:00,13.44
2009-08-13 12:00:00,13.44
2009-08-13 13:00:00,13.44
2009-08-13 14:00:00,13.44
2009-08-13 15:00:00,13.44
2009-08-13 16:00:00,13.44
2009-08-13 17:00:00,13.44
2009-08-13 18:00:00,13.44
2009-08-13 19:00:00,28.54
2009-08-13 20:00:00,223.05
2009-08-13 21:00:00,111.35
2009-08-13 22:00:00,86.33
2009-08-13 23:00:00,72.84
2009-08-14 00:00:00,50.20
2009-08-14 01:00:00,20.35
2009-08-14 02:00:00,17.45
2009-08-14 03:00:00,47.62
2009-08-14 04:00:00,38.02
2009-08-14 05:00:00,19.67
2009-08-14 06:00:00,19.16
2009-08-14 07:00:00,31.37
2009-08-14 08:00:00,32.03
2009-08-14 09:00:00,67.29
2009-08-14 10:00:00,25.97
2009-08-14 11:00:00,21.74
2009-08-14 12:00:00,23.99
2009-08-14 13:00:00,27.56
2009-08-14 14:00:00,23.51
2009-08-14 15:00:00,26.01
2009-08-14 16:00:00,23.94
2009-08-14 17:00:00,26.45
2009-08-14 18:00:00,25.82
2009-08-14 19:00:00,43.69
2009-08-14 20:00:00,54.63
2009-08-14 21:00:00,30.75
2009-08-14 22:00:00,32.53
2009-08-14 23:00:00,18.94
2009-08-15 00:00:00,18.42
2009-08-15 01:00:00,20.37
2009-08-15 02:00:00,16.76
2009-08-15 03:00:00,21.63
2009-08-15 04:00:00,26.64
2009-08-15 05:00:00,58.80
2009-08-15 06:00:00,19.70
2009-08-15 07:00:00,32.24
2009-08-15 08:00:00,25.40
2009-08-15 09:00:00,17.32
2009-08-15 10:00:00,23.58
2009-08-15 11:00:00,48.46
2009-08-15 12:00:00,34.94
2009-08-15 13:00:00,77.48
2009-08-15 14:00:00,35.54
2009-08-15 15:00:00,98.26
2009-08-15 16:00:00,156.52
2009-08-15 17:00:00,165.71
2009-08-15 18:00:00,94.32
2009-08-15 19:00:00,104.30
2009-08-15 20:00:00,91.27
2009-08-15 21:00:00,114.27
2009-08-15 22:00:00,113.98
2009-08-15 23:00:00,98.15
2009-08-16 00:00:00,95.05
2009-08-16 01:00:00,125.48
2009-08-16 02:00:00,37.95
2009-08-16 03:00:00,44.77
2009-08-16 04:00:00,17.34
2009-08-16 05:00:00,22.05
2009-08-16 06:00:00,21.83
2009-08-16 07:00:00,18.27
2009-08-16 08:00:00,36.37
2009-08-16 09:00:00,90.67
2009-08-16 10:00:00,20.33
2009-08-16 11:00:00,39.31
2009-08-16 12:00:00,37.77
2009-08-16 13:00:00,25.55
2009-08-16 14:00:00,31.86
2009-08-16 15:00:00,33.97
2009-08-16 16:00:00,34.85
2009-08-16 17:00:00,62.46
2009-08-16 18:00:00,92.47
2009-08-16 19:00:00,72.92
2009-08-16 20:00:00,51.48
2009-08-16 21:00:00,42.10
2009-08-16 22:00:00,108.97
2009-08-16 23:00:00,53.88
2009-08-17 00:00:00,20.80
2009-08-17 01:00:00,17.40
2009-08-17 02:00:00,21.91
2009-08-17 03:00:00,25.48
2009-08-17 04:00:00,16.64
2009-08-17 05:00:00,20.17
2009-08-17 06:00:00,21.16
2009-08-17 07:00:00,74.45
2009-08-17 08:00:00,81.91
2009-08-17 09:00:00,53.40
2009-08-17 10:00:00,16.62
2009-08-17 11:00:00,19.91
2009-08-17 12:00:00,21.68
2009-08-17 13:00:00,16.27
2009-08-17 14:00:00,19.83
2009-08-17 15:00:00,21.03
2009-08-17 16:00:00,30.66
2009-08-17 17:00:00,24.66
2009-08-17 18:00:00,55.39
2009-08-17 19:00:00,16.62
2009-08-17 20:00:00,20.49
2009-08-17 21:00:00,43.09
2009-08-17 22:00:00,65.97
2009-08-17 23:00:00,60.37
2009-08-18 00:00:00,31.91
2009-08-18 01:00:00,21.98
2009-08-18 02:00:00,22.53
2009-08-18 03:00:00,17.77
2009-08-18 04:00:00,16.81
2009-08-18 05:00:00,21.83
2009-08-18 06:00:00,16.34
2009-08-18 07:00:00,32.78
2009-08-18 08:00:00,87.35
2009-08-18 09:00:00,22.61
2009-08-18 10:00:00,22.15
2009-08-18 11:00:00,42.34
2009-08-18 12:00:00,35.32
2009-08-18 13:00:00,75.53
2009-08-18 14:00:00,49.97
2009-08-18 15:00:00,83.31
2009-08-18 16:00:00,33.66
2009-08-18 17:00:00,20.49
2009-08-18 18:00:00,24.84
2009-08-18 19:00:00,38.38
2009-08-18 20:00:00,34.05
2009-08-18 21:00:00,231.25
2009-08-18 22:00:00,77.18
2009-08-18 23:00:00,20.22
2009-08-19 00:00:00,28.62
2009-08-19 01:00:00,20.36
2009-08-19 02:00:00,17.55
2009-08-19 03:00:00,20.23
2009-08-19 04:00:00,17.55
2009-08-19 05:00:00,18.87
2009-08-19 06:00:00,20.28
2009-08-19 07:00:00,87.15
2009-08-19 08:00:00,82.41
2009-08-19 09:00:00,57.05
2009-08-19 10:00:00,24.75
2009-08-19 11:00:00,43.64
2009-08-19 12:00:00,41.55
2009-08-19 13:00:00,86.15
2009-08-19 14:00:00,44.95
2009-08-19 15:00:00,50.47
2009-08-19 16:00:00,27.31
2009-08-19 17:00:00,26.08
2009-08-19 18:00:00,22.40
2009-08-19 19:00:00,21.82
2009-08-19 20:00:00,58.64
2009-08-19 21:00:00,21.85
2009-08-19 22:00:00,19.35
2009-08-19 23:00:00,21.71
2009-08-20 00:00:00,33.54
2009-08-20 01:00:00,20.78
2009-08-20 02:00:00,23.07
2009-08-20 03:00:00,21.34
2009-08-20 04:00:00,19.05
2009-08-20 05:00:00,36.57
2009-08-20 06:00:00,42.50
2009-08-20 07:00:00,66.77
2009-08-20 08:00:00,80.70
2009-08-20 09:00:00,57.78
2009-08-20 10:00:00,18.85
2009-08-20 11:00:00,18.22
2009-08-20 12:00:00,21.55
2009-08-20 13:00:00,21.36
2009-08-20 14:00:00,20.77
2009-08-20 15:00:00,20.36
2009-08-20 16:00:00,21.06
2009-08-20 17:00:00,17.91
2009-08-20 18:00:00,50.89
2009-08-20 19:00:00,21.28
2009-08-20 20:00:00,20.10
2009-08-20 21:00:00,29.22
2009-08-20 22:00:00,53.40
2009-08-20 23:00:00,38.65
2009-08-21 00:00:00,24.85
2009-08-21 01:00:00,20.53
2009-08-21 02:00:00,20.25
2009-08-21 03:00:00,17.54
2009-08-21 04:00:00,37.43
2009-08-21 05:00:00,44.67
2009-08-21 06:00:00,16.65
2009-08-21 07:00:00,101.53
2009-08-21 08:00:00,94.49
2009-08-21 09:00:00,45.78
2009-08-21 10:00:00,21.66
2009-08-21 11:00:00,16.63
2009-08-21 12:00:00,18.82
2009-08-21 13:00:00,20.92
2009-08-21 14:00:00,18.06
2009-08-21 15:00:00,22.08
2009-08-21 16:00:00,21.17
2009-08-21 17:00:00,45.05
2009-08-21 18:00:00,56.32
2009-08-21 19:00:00,119.44
2009-08-21 20:00:00,130.82
2009-08-21 21:00:00,90.52
2009-08-21 22:00:00,78.31
2009-08-21 23:00:00,78.22
2009-08-22 00:00:00,47.87
2009-08-22 01:00:00,18.81
2009-08-22 02:00:00,20.35
2009-08-22 03:00:00,37.70
2009-08-22 04:00:00,27.67
2009-08-22 05:00:00,21.32
2009-08-22 06:00:00,19.23
2009-08-22 07:00:00,72.22
2009-08-22 08:00:00,89.84
2009-08-22 09:00:00,97.39
2009-08-22 10:00:00,78.20
2009-08-22 11:00:00,66.63
2009-08-22 12:00:00,75.89
2009-08-22 13:00:00,108.86
2009-08-22 14:00:00,30.11
2009-08-22 15:00:00,22.63
2009-08-22 16:00:00,41.74
2009-08-22 17:00:00,89.65
2009-08-22 18:00:00,190.67
2009-08-22 19:00:00,129.42
2009-08-22 20:00:00,107.67
2009-08-22 21:00:00,63.04
2009-08-22 22:00:00,64.88
2009-08-22 23:00:00,26.98
2009-08-23 00:00:00,26.63
2009-08-23 01:00:00,22.13
2009-08-23 02:00:00,20.50
2009-08-23 03:00:00,24.98
2009-08-23 04:00:00,20.01
2009-08-23 05:00:00,22.40
2009-08-23 06:00:00,23.68
2009-08-23 07:00:00,67.80
2009-08-23 08:00:00,73.43
2009-08-23 09:00:00,94.12
2009-08-23 10:00:00,17.88
2009-08-23 11:00:00,21.49
2009-08-23 12:00:00,17.22
2009-08-23 13:00:00,19.68
2009-08-23 14:00:00,20.78
2009-08-23 15:00:00,17.11
2009-08-23 16:00:00,28.72
2009-08-23 17:00:00,107.94
2009-08-23 18:00:00,63.25
2009-08-23 19:00:00,51.59
2009-08-23 20:00:00,90.24
2009-08-23 21:00:00,124.00
2009-08-23 22:00:00,69.14
2009-08-23 23:00:00,22.00
2009-08-24 00:00:00,20.90
2009-08-24 01:00:00,19.35
2009-08-24 02:00:00,21.35
2009-08-24 03:00:00,18.43
2009-08-24 04:00:00,19.45
2009-08-24 05:00:00,54.10
2009-08-24 06:00:00,71.58
2009-08-24 07:00:00,113.61
2009-08-24 08:00:00,88.21
2009-08-24 09:00:00,36.69
2009-08-24 10:00:00,21.46
2009-08-24 11:00:00,18.28
2009-08-24 12:00:00,19.65
2009-08-24 13:00:00,20.61
2009-08-24 14:00:00,16.92
2009-08-24 15:00:00,20.25
2009-08-24 16:00:00,20.37
2009-08-24 17:00:00,69.28
2009-08-24 18:00:00,138.81
2009-08-24 19:00:00,116.83
2009-08-24 20:00:00,53.04
2009-08-24 21:00:00,142.79
2009-08-24 22:00:00,82.79
2009-08-24 23:00:00,47.48
2009-08-25 00:00:00,29.08
2009-08-25 01:00:00,21.35
2009-08-25 02:00:00,18.82
2009-08-25 03:00:00,21.41
2009-08-25 04:00:00,17.60
2009-08-25 05:00:00,20.20
2009-08-25 06:00:00,41.80
2009-08-25 07:00:00,80.88
2009-08-25 08:00:00,25.08
2009-08-25 09:00:00,20.89
2009-08-25 10:00:00,63.13
2009-08-25 11:00:00,21.13
2009-08-25 12:00:00,17.10
2009-08-25 13:00:00,20.26
2009-08-25 14:00:00,19.66
2009-08-25 15:00:00,16.95
2009-08-25 16:00:00,22.30
2009-08-25 17:00:00,17.90
2009-08-25 18:00:00,45.78
2009-08-25 19:00:00,120.07
2009-08-25 20:00:00,102.91
2009-08-25 21:00:00,86.55
2009-08-25 22:00:00,63.91
2009-08-25 23:00:00,28.83
2009-08-26 00:00:00,22.87
2009-08-26 01:00:00,17.55
2009-08-26 02:00:00,19.38
2009-08-26 03:00:00,18.21
2009-08-26 04:00:00,17.98
2009-08-26 05:00:00,20.46
2009-08-26 06:00:00,39.12
2009-08-26 07:00:00,97.04
2009-08-26 08:00:00,105.39
2009-08-26 09:00:00,69.09
2009-08-26 10:00:00,85.53
2009-08-26 11:00:00,27.19
2009-08-26 12:00:00,19.88
2009-08-26 13:00:00,18.99
2009-08-26 14:00:00,17.87
2009-08-26 15:00:00,20.81
2009-08-26 16:00:00,16.92
2009-08-26 17:00:00,20.04
2009-08-26 18:00:00,20.23
2009-08-26 19:00:00,82.44
2009-08-26 20:00:00,137.50
2009-08-26 21:00:00,169.37
2009-08-26 22:00:00,42.26
2009-08-26 23:00:00,30.43
2009-08-27 00:00:00,23.42
2009-08-27 01:00:00,22.05
2009-08-27 02:00:00,23.23
2009-08-27 03:00:00,20.14
2009-08-27 04:00:00,56.98
2009-08-27 05:00:00,19.66
2009-08-27 06:00:00,24.58
2009-08-27 07:00:00,50.64
2009-08-27 08:00:00,51.92
2009-08-27 09:00:00,21.24
2009-08-27 10:00:00,17.30
2009-08-27 11:00:00,20.48
2009-08-27 12:00:00,18.37
2009-08-27 13:00:00,19.27
2009-08-27 14:00:00,21.07
2009-08-27 15:00:00,17.02
2009-08-27 16:00:00,20.30
2009-08-27 17:00:00,41.94
2009-08-27 18:00:00,31.90
2009-08-27 19:00:00,28.04
2009-08-27 20:00:00,48.59
2009-08-27 21:00:00,59.79
2009-08-27 22:00:00,60.78
2009-08-27 23:00:00,30.76
2009-08-28 00:00:00,38.07
2009-08-28 01:00:00,27.67
2009-08-28 02:00:00,61.05
2009-08-28 03:00:00,19.37
2009-08-28 04:00:00,16.44
2009-08-28 05:00:00,21.10
2009-08-28 06:00:00,24.27
2009-08-28 07:00:00,46.30
2009-08-28 08:00:00,109.41
2009-08-28 09:00:00,100.46
2009-08-28 10:00:00,26.07
2009-08-28 11:00:00,28.54
2009-08-28 12:00:00,116.34
2009-08-28 13:00:00,55.81
2009-08-28 14:00:00,17.23
2009-08-28 15:00:00,43.04
2009-08-28 16:00:00,23.57
2009-08-28 17:00:00,25.59
2009-08-28 18:00:00,34.32
2009-08-28 19:00:00,18.28
2009-08-28 20:00:00,76.79
2009-08-28 21:00:00,131.01
2009-08-28 22:00:00,39.59
2009-08-28 23:00:00,18.52
2009-08-29 00:00:00,16.98
2009-08-29 01:00:00,19.95
2009-08-29 02:00:00,16.18
2009-08-29 03:00:00,28.32
2009-08-29 04:00:00,17.70
2009-08-29 05:00:00,17.48
2009-08-29 06:00:00,53.42
2009-08-29 07:00:00,30.01
2009-08-29 08:00:00,24.06
2009-08-29 09:00:00,67.05
2009-08-29 10:00:00,31.92
2009-08-29 11:00:00,66.57
2009-08-29 12:00:00,85.38
2009-08-29 13:00:00,101.55
2009-08-29 14:00:00,81.02
2009-08-29 15:00:00,106.47
2009-08-29 16:00:00,123.75
2009-08-29 17:00:00,81.44
2009-08-29 18:00:00,95.92
2009-08-29 19:00:00,101.25
2009-08-29 20:00:00,94.37
2009-08-29 21:00:00,65.93
2009-08-29 22:00:00,28.36
2009-08-29 23:00:00,33.34
2009-08-30 00:00:00,35.24
2009-08-30 01:00:00,21.89
2009-08-30 02:00:00,22.39
2009-08-30 03:00:00,19.24
2009-08-30 04:00:00,23.66
2009-08-30 05:00:00,46.38
2009-08-30 06:00:00,32.43
2009-08-30 07:00:00,21.57
2009-08-30 08:00:00,29.55
2009-08-30 09:00:00,28.61
2009-08-30 10:00:00,59.92
2009-08-30 11:00:00,126.86
2009-08-30 12:00:00,135.22
2009-08-30 13:00:00,97.43
2009-08-30 14:00:00,164.55
2009-08-30 15:00:00,215.49
2009-08-30 16:00:00,40.11
2009-08-30 17:00:00,55.81
2009-08-30 18:00:00,41.58
2009-08-30 19:00:00,93.62
2009-08-30 20:00:00,107.50
2009-08-30 21:00:00,124.31
2009-08-30 22:00:00,88.29
2009-08-30 23:00:00,36.69
2009-08-31 00:00:00,25.22
2009-08-31 01:00:00,20.25
2009-08-31 02:00:00,23.46
2009-08-31 03:00:00,21.71
2009-08-31 04:00:00,51.35
2009-08-31 05:00:00,21.79
2009-08-31 06:00:00,30.35
2009-08-31 07:00:00,103.55
2009-08-31 08:00:00,83.16
2009-08-31 09:00:00,80.95
2009-08-31 10:00:00,68.24
2009-08-31 11:00:00,88.28
2009-08-31 12:00:00,90.78
2009-08-31 13:00:00,37.51
2009-08-31 14:00:00,43.57
2009-08-31 15:00:00,30.65
2009-08-31 16:00:00,19.76
2009-08-31 17:00:00,26.34
2009-08-31 18:00:00,23.93
2009-08-31 19:00:00,48.80
2009-08-31 20:00:00,58.29
2009-08-31 21:00:00,154.04
2009-08-31 22:00:00,59.85
2009-08-31 23:00:00,53.70
2009-09-01 00:00:00,23.44
2009-09-01 01:00:00,24.43
2009-09-01 02:00:00,19.81
2009-09-01 03:00:00,23.67
2009-09-01 04:00:00,22.74
2009-09-01 05:00:00,20.62
2009-09-01 06:00:00,42.30
2009-09-01 07:00:00,102.51
2009-09-01 08:00:00,77.06
2009-09-01 09:00:00,34.62
2009-09-01 10:00:00,19.69
2009-09-01 11:00:00,23.31
2009-09-01 12:00:00,19.77
2009-09-01 13:00:00,21.69
2009-09-01 14:00:00,21.11
2009-09-01 15:00:00,19.45
2009-09-01 16:00:00,25.65
2009-09-01 17:00:00,40.58
2009-09-01 18:00:00,54.93
2009-09-01 19:00:00,43.63
2009-09-01 20:00:00,131.28
2009-09-01 21:00:00,93.24
2009-09-01 22:00:00,51.64
2009-09-01 23:00:00,23.37
2009-09-02 00:00:00,24.02
2009-09-02 01:00:00,18.96
2009-09-02 02:00:00,23.33
2009-09-02 03:00:00,19.90
2009-09-02 04:00:00,20.32
2009-09-02 05:00:00,59.48
2009-09-02 06:00:00,50.69
2009-09-02 07:00:00,119.31
2009-09-02 08:00:00,115.21
2009-09-02 09:00:00,113.66
2009-09-02 10:00:00,86.70
2009-09-02 11:00:00,82.58
2009-09-02 12:00:00,48.22
2009-09-02 13:00:00,31.07
2009-09-02 14:00:00,22.36
2009-09-02 15:00:00,20.87
2009-09-02 16:00:00,21.87
2009-09-02 17:00:00,24.92
2009-09-02 18:00:00,20.49
2009-09-02 19:00:00,26.46
2009-09-02 20:00:00,111.30
2009-09-02 21:00:00,104.43
2009-09-02 22:00:00,32.45
2009-09-02 23:00:00,24.23
2009-09-03 00:00:00,25.46
2009-09-03 01:00:00,21.52
2009-09-03 02:00:00,20.35
2009-09-03 03:00:00,23.83
2009-09-03 04:00:00,18.45
2009-09-03 05:00:00,21.00
2009-09-03 06:00:00,62.86
2009-09-03 07:00:00,75.35
2009-09-03 08:00:00,52.95
2009-09-03 09:00:00,70.45
2009-09-03 10:00:00,85.12
2009-09-03 11:00:00,67.25
2009-09-03 12:00:00,69.02
2009-09-03 13:00:00,92.12
2009-09-03 14:00:00,89.64
2009-09-03 15:00:00,35.50
2009-09-03 16:00:00,24.83
2009-09-03 17:00:00,27.72
2009-09-03 18:00:00,23.24
2009-09-03 19:00:00,37.61
2009-09-03 20:00:00,44.42
2009-09-03 21:00:00,130.29
2009-09-03 22:00:00,112.38
2009-09-03 23:00:00,19.81
2009-09-04 00:00:00,21.04
2009-09-04 01:00:00,19.56
2009-09-04 02:00:00,18.98
2009-09-04 03:00:00,22.39
2009-09-04 04:00:00,15.29
2009-09-04 05:00:00,20.90
2009-09-04 06:00:00,65.37
2009-09-04 07:00:00,112.08
2009-09-04 08:00:00,98.72
2009-09-04 09:00:00,81.83
2009-09-04 10:00:00,84.06
2009-09-04 11:00:00,35.69
2009-09-04 12:00:00,18.39
2009-09-04 13:00:00,21.95
2009-09-04 14:00:00,19.06
2009-09-04 15:00:00,38.73
2009-09-04 16:00:00,21.91
2009-09-04 17:00:00,21.44
2009-09-04 18:00:00,19.01
2009-09-04 19:00:00,63.15
2009-09-04 20:00:00,117.41
2009-09-04 21:00:00,38.02
2009-09-04 22:00:00,26.61
2009-09-04 23:00:00,22.77
2009-09-05 00:00:00,15.72
2009-09-05 01:00:00,21.43
2009-09-05 02:00:00,17.52
2009-09-05 03:00:00,20.99
2009-09-05 04:00:00,18.80
2009-09-05 05:00:00,60.84
2009-09-05 06:00:00,37.82
2009-09-05 07:00:00,103.70
2009-09-05 08:00:00,89.26
2009-09-05 09:00:00,84.19
2009-09-05 10:00:00,65.69
2009-09-05 11:00:00,122.54
2009-09-05 12:00:00,129.99
2009-09-05 13:00:00,105.91
2009-09-05 14:00:00,106.13
2009-09-05 15:00:00,85.13
2009-09-05 16:00:00,37.35
2009-09-05 17:00:00,86.90
2009-09-05 18:00:00,71.94
2009-09-05 19:00:00,97.65
2009-09-05 20:00:00,28.32
2009-09-05 21:00:00,38.60
2009-09-05 22:00:00,34.06
2009-09-05 23:00:00,33.37
2009-09-06 00:00:00,24.81
2009-09-06 01:00:00,24.63
2009-09-06 02:00:00,43.17
2009-09-06 03:00:00,20.49
2009-09-06 04:00:00,18.41
2009-09-06 05:00:00,22.70
2009-09-06 06:00:00,17.51
2009-09-06 07:00:00,19.09
2009-09-06 08:00:00,31.18
2009-09-06 09:00:00,65.95
2009-09-06 10:00:00,70.04
2009-09-06 11:00:00,101.15
2009-09-06 12:00:00,120.05
2009-09-06 13:00:00,57.81
2009-09-06 14:00:00,42.75
2009-09-06 15:00:00,19.19
2009-09-06 16:00:00,23.30
2009-09-06 17:00:00,19.62
2009-09-06 18:00:00,42.84
2009-09-06 19:00:00,56.32
2009-09-06 20:00:00,146.44
2009-09-06 21:00:00,155.69
2009-09-06 22:00:00,65.20
2009-09-06 23:00:00,20.31
2009-09-07 00:00:00,15.27
2009-09-07 01:00:00,15.91
2009-09-07 02:00:00,17.70
2009-09-07 03:00:00,14.33
2009-09-07 04:00:00,18.04
2009-09-07 05:00:00,13.95
2009-09-07 06:00:00,46.69
2009-09-07 07:00:00,126.93
2009-09-07 08:00:00,82.80
2009-09-07 09:00:00,80.69
2009-09-07 10:00:00,76.45
2009-09-07 11:00:00,29.21
2009-09-07 12:00:00,14.86
2009-09-07 13:00:00,18.01
2009-09-07 14:00:00,13.99
2009-09-07 15:00:00,16.73
2009-09-07 16:00:00,15.89
2009-09-07 17:00:00,13.77
2009-09-07 18:00:00,31.84
2009-09-07 19:00:00,111.98
2009-09-07 20:00:00,140.09
2009-09-07 21:00:00,188.98
2009-09-07 22:00:00,61.65
2009-09-07 23:00:00,55.69
2009-09-08 00:00:00,24.00
2009-09-08 01:00:00,18.61
2009-09-08 02:00:00,15.54
2009-09-08 03:00:00,17.61
2009-09-08 04:00:00,14.81
2009-09-08 05:00:00,16.46
2009-09-08 06:00:00,42.41
2009-09-08 07:00:00,95.90
2009-09-08 08:00:00,105.80
2009-09-08 09:00:00,79.63
2009-09-08 10:00:00,82.30
2009-09-08 11:00:00,75.00
2009-09-08 12:00:00,15.80
2009-09-08 13:00:00,15.90
2009-09-08 14:00:00,14.25
2009-09-08 15:00:00,19.19
2009-09-08 16:00:00,15.69
2009-09-08 17:00:00,25.93
2009-09-08 18:00:00,30.40
2009-09-08 19:00:00,36.31
2009-09-08 20:00:00,71.91
2009-09-08 21:00:00,155.41
2009-09-08 22:00:00,78.12
2009-09-08 23:00:00,19.29
2009-09-09 00:00:00,22.07
2009-09-09 01:00:00,21.57
2009-09-09 02:00:00,15.34
2009-09-09 03:00:00,18.38
2009-09-09 04:00:00,15.25
2009-09-09 05:00:00,19.20
2009-09-09 06:00:00,31.30
2009-09-09 07:00:00,115.07
2009-09-09 08:00:00,85.45
2009-09-09 09:00:00,79.60
2009-09-09 10:00:00,89.34
2009-09-09 11:00:00,95.46
2009-09-09 12:00:00,55.60
2009-09-09 13:00:00,121.09
2009-09-09 14:00:00,99.41
2009-09-09 15:00:00,25.07
2009-09-09 16:00:00,28.68
2009-09-09 17:00:00,36.60
2009-09-09 18:00:00,24.13
2009-09-09 19:00:00,94.22
2009-09-09 20:00:00,127.20
2009-09-09 21:00:00,158.18
2009-09-09 22:00:00,124.46
2009-09-09 23:00:00,18.69
2009-09-10 00:00:00,17.53
2009-09-10 01:00:00,18.27
2009-09-10 02:00:00,12.83
2009-09-10 03:00:00,19.19
2009-09-10 04:00:00,15.65
2009-09-10 05:00:00,17.46
2009-09-10 06:00:00,24.72
2009-09-10 07:00:00,127.61
2009-09-10 08:00:00,101.09
2009-09-10 09:00:00,79.49
2009-09-10 10:00:00,42.18
2009-09-10 11:00:00,15.41
2009-09-10 12:00:00,17.60
2009-09-10 13:00:00,15.65
2009-09-10 14:00:00,15.05
2009-09-10 15:00:00,18.07
2009-09-10 16:00:00,14.82
2009-09-10 17:00:00,19.40
2009-09-10 18:00:00,25.16
2009-09-10 19:00:00,117.88
2009-09-10 20:00:00,96.81
2009-09-10 21:00:00,158.62
2009-09-10 22:00:00,89.89
2009-09-10 23:00:00,31.98
2009-09-11 00:00:00,40.58
2009-09-11 01:00:00,36.12
2009-09-11 02:00:00,16.76
2009-09-11 03:00:00,15.74
2009-09-11 04:00:00,18.50
2009-09-11 05:00:00,16.31
2009-09-11 06:00:00,47.86
2009-09-11 07:00:00,101.82
2009-09-11 08:00:00,87.06
2009-09-11 09:00:00,98.86
2009-09-11 10:00:00,78.86
2009-09-11 11:00:00,78.73
2009-09-11 12:00:00,80.34
2009-09-11 13:00:00,72.40
2009-09-11 14:00:00,16.98
2009-09-11 15:00:00,15.11
2009-09-11 16:00:00,18.67
2009-09-11 17:00:00,15.46
2009-09-11 18:00:00,34.06
2009-09-11 19:00:00,50.07
2009-09-11 20:00:00,138.72
2009-09-11 21:00:00,78.16
2009-09-11 22:00:00,38.95
2009-09-11 23:00:00,18.01
2009-09-12 00:00:00,15.46
2009-09-12 01:00:00,19.04
2009-09-12 02:00:00,54.11
2009-09-12 03:00:00,17.83
2009-09-12 04:00:00,15.65
2009-09-12 05:00:00,16.93
2009-09-12 06:00:00,32.55
2009-09-12 07:00:00,112.70
2009-09-12 08:00:00,114.04
2009-09-12 09:00:00,79.67
2009-09-12 10:00:00,62.58
2009-09-12 11:00:00,60.33
2009-09-12 12:00:00,86.16
2009-09-12 13:00:00,52.22
2009-09-12 14:00:00,86.39
2009-09-12 15:00:00,49.20
2009-09-12 16:00:00,60.26
2009-09-12 17:00:00,76.41
2009-09-12 18:00:00,109.25
2009-09-12 19:00:00,183.70
2009-09-12 20:00:00,139.62
2009-09-12 21:00:00,258.02
2009-09-12 22:00:00,267.02
2009-09-12 23:00:00,95.21
2009-09-13 00:00:00,23.05
2009-09-13 01:00:00,15.85
2009-09-13 02:00:00,17.17
2009-09-13 03:00:00,17.40
2009-09-13 04:00:00,15.61
2009-09-13 05:00:00,18.11
2009-09-13 06:00:00,15.10
2009-09-13 07:00:00,61.34
2009-09-13 08:00:00,19.14
2009-09-13 09:00:00,22.16
2009-09-13 10:00:00,55.30
2009-09-13 11:00:00,87.53
2009-09-13 12:00:00,107.42
2009-09-13 13:00:00,87.48
2009-09-13 14:00:00,70.87
2009-09-13 15:00:00,62.21
2009-09-13 16:00:00,34.78
2009-09-13 17:00:00,109.17
2009-09-13 18:00:00,82.98
2009-09-13 19:00:00,67.88
2009-09-13 20:00:00,134.14
2009-09-13 21:00:00,167.23
2009-09-13 22:00:00,167.05
2009-09-13 23:00:00,112.64
2009-09-14 00:00:00,39.25
2009-09-14 01:00:00,21.10
2009-09-14 02:00:00,21.46
2009-09-14 03:00:00,18.79
2009-09-14 04:00:00,19.74
2009-09-14 05:00:00,18.33
2009-09-14 06:00:00,69.70
2009-09-14 07:00:00,147.74
2009-09-14 08:00:00,88.41
2009-09-14 09:00:00,94.16
2009-09-14 10:00:00,102.63
2009-09-14 11:00:00,182.83
2009-09-14 12:00:00,50.80
2009-09-14 13:00:00,41.81
2009-09-14 14:00:00,41.74
2009-09-14 15:00:00,37.10
2009-09-14 16:00:00,33.44
2009-09-14 17:00:00,20.33
2009-09-14 18:00:00,62.68
2009-09-14 19:00:00,97.60
2009-09-14 20:00:00,105.32
2009-09-14 21:00:00,139.68
2009-09-14 22:00:00,57.24
2009-09-14 23:00:00,63.00
2009-09-15 00:00:00,49.67
2009-09-15 01:00:00,20.27
2009-09-15 02:00:00,18.27
2009-09-15 03:00:00,19.59
2009-09-15 04:00:00,19.91
2009-09-15 05:00:00,14.58
2009-09-15 06:00:00,39.86
2009-09-15 07:00:00,82.38
2009-09-15 08:00:00,107.32
2009-09-15 09:00:00,81.46
2009-09-15 10:00:00,81.96
2009-09-15 11:00:00,66.91
2009-09-15 12:00:00,18.19
2009-09-15 13:00:00,21.02
2009-09-15 14:00:00,14.80
2009-09-15 15:00:00,21.45
2009-09-15 16:00:00,20.07
2009-09-15 17:00:00,23.57
2009-09-15 18:00:00,18.72
2009-09-15 19:00:00,134.49
2009-09-15 20:00:00,211.00
2009-09-15 21:00:00,177.13
2009-09-15 22:00:00,103.54
2009-09-15 23:00:00,90.64
2009-09-16 00:00:00,21.16
2009-09-16 01:00:00,23.07
2009-09-16 02:00:00,17.45
2009-09-16 03:00:00,17.87
2009-09-16 04:00:00,18.33
2009-09-16 05:00:00,62.24
2009-09-16 06:00:00,49.66
2009-09-16 07:00:00,163.76
2009-09-16 08:00:00,99.36
2009-09-16 09:00:00,80.96
2009-09-16 10:00:00,85.15
2009-09-16 11:00:00,106.10
2009-09-16 12:00:00,186.27
2009-09-16 13:00:00,83.22
2009-09-16 14:00:00,29.15
2009-09-16 15:00:00,27.18
2009-09-16 16:00:00,21.50
2009-09-16 17:00:00,15.26
2009-09-16 18:00:00,22.93
2009-09-16 19:00:00,57.61
2009-09-16 20:00:00,180.76
2009-09-16 21:00:00,178.13
2009-09-16 22:00:00,106.51
2009-09-16 23:00:00,89.52
2009-09-17 00:00:00,19.91
2009-09-17 01:00:00,21.13
2009-09-17 02:00:00,16.35
2009-09-17 03:00:00,19.32
2009-09-17 04:00:00,20.93
2009-09-17 05:00:00,18.44
2009-09-17 06:00:00,28.74
2009-09-17 07:00:00,114.46
2009-09-17 08:00:00,107.48
2009-09-17 09:00:00,81.01
2009-09-17 10:00:00,87.65
2009-09-17 11:00:00,83.00
2009-09-17 12:00:00,83.61
2009-09-17 13:00:00,84.17
2009-09-17 14:00:00,27.45
2009-09-17 15:00:00,19.95
2009-09-17 16:00:00,16.12
2009-09-17 17:00:00,17.49
2009-09-17 18:00:00,32.79
2009-09-17 19:00:00,61.05
2009-09-17 20:00:00,76.78
2009-09-17 21:00:00,97.17
2009-09-17 22:00:00,61.41
2009-09-17 23:00:00,27.01
2009-09-18 00:00:00,18.59
2009-09-18 01:00:00,18.52
2009-09-18 02:00:00,16.49
2009-09-18 03:00:00,19.32
2009-09-18 04:00:00,18.45
2009-09-18 05:00:00,15.18
2009-09-18 06:00:00,23.78
2009-09-18 07:00:00,98.54
2009-09-18 08:00:00,135.25
2009-09-18 09:00:00,113.29
2009-09-18 10:00:00,84.11
2009-09-18 11:00:00,92.49
2009-09-18 12:00:00,80.46
2009-09-18 13:00:00,18.07
2009-09-18 14:00:00,12.25
2009-09-18 15:00:00,17.83
2009-09-18 16:00:00,14.41
2009-09-18 17:00:00,18.18
2009-09-18 18:00:00,16.53
2009-09-18 19:00:00,84.73
2009-09-18 20:00:00,198.30
2009-09-18 21:00:00,103.46
2009-09-18 22:00:00,107.02
2009-09-18 23:00:00,48.76
2009-09-19 00:00:00,21.96
2009-09-19 01:00:00,17.25
2009-09-19 02:00:00,17.42
2009-09-19 03:00:00,19.54
2009-09-19 04:00:00,54.49
2009-09-19 05:00:00,16.22
2009-09-19 06:00:00,16.92
2009-09-19 07:00:00,25.83
2009-09-19 08:00:00,43.40
2009-09-19 09:00:00,95.98
2009-09-19 10:00:00,125.32
2009-09-19 11:00:00,114.89
2009-09-19 12:00:00,108.19
2009-09-19 13:00:00,199.70
2009-09-19 14:00:00,103.35
2009-09-19 15:00:00,122.63
2009-09-19 16:00:00,89.49
2009-09-19 17:00:00,159.40
2009-09-19 18:00:00,104.25
2009-09-19 19:00:00,82.94
2009-09-19 20:00:00,142.79
2009-09-19 21:00:00,171.73
2009-09-19 22:00:00,120.78
2009-09-19 23:00:00,161.24
2009-09-20 00:00:00,132.58
2009-09-20 01:00:00,143.40
2009-09-20 02:00:00,53.87
2009-09-20 03:00:00,20.47
2009-09-20 04:00:00,31.92
2009-09-20 05:00:00,19.98
2009-09-20 06:00:00,16.97
2009-09-20 07:00:00,20.49
2009-09-20 08:00:00,27.61
2009-09-20 09:00:00,70.95
2009-09-20 10:00:00,21.68
2009-09-20 11:00:00,72.44
2009-09-20 12:00:00,128.00
2009-09-20 13:00:00,149.80
2009-09-20 14:00:00,109.05
2009-09-20 15:00:00,92.19
2009-09-20 16:00:00,116.33
2009-09-20 17:00:00,107.07
2009-09-20 18:00:00,88.47
2009-09-20 19:00:00,137.88
2009-09-20 20:00:00,159.16
2009-09-20 21:00:00,149.00
2009-09-20 22:00:00,90.68
2009-09-20 23:00:00,75.33
2009-09-21 00:00:00,27.05
2009-09-21 01:00:00,50.15
2009-09-21 02:00:00,18.90
2009-09-21 03:00:00,21.69
2009-09-21 04:00:00,20.23
2009-09-21 05:00:00,18.81
2009-09-21 06:00:00,61.71
2009-09-21 07:00:00,144.64
2009-09-21 08:00:00,87.98
2009-09-21 09:00:00,82.12
2009-09-21 10:00:00,83.35
2009-09-21 11:00:00,83.70
2009-09-21 12:00:00,102.88
2009-09-21 13:00:00,39.68
2009-09-21 14:00:00,19.27
2009-09-21 15:00:00,22.46
2009-09-21 16:00:00,19.89
2009-09-21 17:00:00,20.36
2009-09-21 18:00:00,23.03
2009-09-21 19:00:00,91.17
2009-09-21 20:00:00,172.74
2009-09-21 21:00:00,131.06
2009-09-21 22:00:00,54.06
2009-09-21 23:00:00,20.93
2009-09-22 00:00:00,18.99
2009-09-22 01:00:00,21.33
2009-09-22 02:00:00,18.63
2009-09-22 03:00:00,61.33
2009-09-22 04:00:00,18.43
2009-09-22 05:00:00,20.40
2009-09-22 06:00:00,48.49
2009-09-22 07:00:00,69.26
2009-09-22 08:00:00,92.27
2009-09-22 09:00:00,86.34
2009-09-22 10:00:00,86.32
2009-09-22 11:00:00,60.91
2009-09-22 12:00:00,17.81
2009-09-22 13:00:00,39.02
2009-09-22 14:00:00,29.06
2009-09-22 15:00:00,22.90
2009-09-22 16:00:00,35.71
2009-09-22 17:00:00,60.33
2009-09-22 18:00:00,47.69
2009-09-22 19:00:00,58.96
2009-09-22 20:00:00,126.48
2009-09-22 21:00:00,117.56
2009-09-22 22:00:00,63.53
2009-09-22 23:00:00,24.79
2009-09-23 00:00:00,21.93
2009-09-23 01:00:00,14.36
2009-09-23 02:00:00,15.87
2009-09-23 03:00:00,18.60
2009-09-23 04:00:00,14.85
2009-09-23 05:00:00,18.02
2009-09-23 06:00:00,80.74
2009-09-23 07:00:00,141.26
2009-09-23 08:00:00,85.57
2009-09-23 09:00:00,81.77
2009-09-23 10:00:00,116.10
2009-09-23 11:00:00,105.75
2009-09-23 12:00:00,109.85
2009-09-23 13:00:00,81.65
2009-09-23 14:00:00,98.06
2009-09-23 15:00:00,43.88
2009-09-23 16:00:00,16.62
2009-09-23 17:00:00,23.32
2009-09-23 18:00:00,24.94
2009-09-23 19:00:00,97.27
2009-09-23 20:00:00,106.56
2009-09-23 21:00:00,122.20
2009-09-23 22:00:00,140.72
2009-09-23 23:00:00,56.73
2009-09-24 00:00:00,18.67
2009-09-24 01:00:00,14.95
2009-09-24 02:00:00,18.21
2009-09-24 03:00:00,15.01
2009-09-24 04:00:00,15.05
2009-09-24 05:00:00,15.40
2009-09-24 06:00:00,64.09
2009-09-24 07:00:00,139.55
2009-09-24 08:00:00,107.08
2009-09-24 09:00:00,83.15
2009-09-24 10:00:00,87.65
2009-09-24 11:00:00,55.59
2009-09-24 12:00:00,28.15
2009-09-24 13:00:00,17.82
2009-09-24 14:00:00,14.58
2009-09-24 15:00:00,15.09
2009-09-24 16:00:00,18.99
2009-09-24 17:00:00,14.60
2009-09-24 18:00:00,27.55
2009-09-24 19:00:00,111.73
2009-09-24 20:00:00,221.23
2009-09-24 21:00:00,184.30
2009-09-24 22:00:00,113.50
2009-09-24 23:00:00,24.34
2009-09-25 00:00:00,15.55
2009-09-25 01:00:00,16.92
2009-09-25 02:00:00,15.91
2009-09-25 03:00:00,17.29
2009-09-25 04:00:00,23.28
2009-09-25 05:00:00,14.39
2009-09-25 06:00:00,29.58
2009-09-25 07:00:00,71.06
2009-09-25 08:00:00,86.47
2009-09-25 09:00:00,95.07
2009-09-25 10:00:00,79.88
2009-09-25 11:00:00,85.52
2009-09-25 12:00:00,80.02
2009-09-25 13:00:00,30.52
2009-09-25 14:00:00,60.90
2009-09-25 15:00:00,25.38
2009-09-25 16:00:00,44.17
2009-09-25 17:00:00,27.83
2009-09-25 18:00:00,56.98
2009-09-25 19:00:00,35.97
2009-09-25 20:00:00,47.72
2009-09-25 21:00:00,102.86
2009-09-25 22:00:00,50.76
2009-09-25 23:00:00,47.00
2009-09-26 00:00:00,30.12
2009-09-26 01:00:00,33.49
2009-09-26 02:00:00,20.82
2009-09-26 03:00:00,15.20
2009-09-26 04:00:00,15.18
2009-09-26 05:00:00,32.89
2009-09-26 06:00:00,55.01
2009-09-26 07:00:00,111.04
2009-09-26 08:00:00,123.35
2009-09-26 09:00:00,102.80
2009-09-26 10:00:00,109.25
2009-09-26 11:00:00,67.97
2009-09-26 12:00:00,69.46
2009-09-26 13:00:00,103.68
2009-09-26 14:00:00,59.68
2009-09-26 15:00:00,87.16
2009-09-26 16:00:00,136.63
2009-09-26 17:00:00,97.22
2009-09-26 18:00:00,87.09
2009-09-26 19:00:00,87.17
2009-09-26 20:00:00,36.02
2009-09-26 21:00:00,20.38
2009-09-26 22:00:00,24.29
2009-09-26 23:00:00,30.37
2009-09-27 00:00:00,19.83
2009-09-27 01:00:00,16.93
2009-09-27 02:00:00,15.41
2009-09-27 03:00:00,19.79
2009-09-27 04:00:00,12.43
2009-09-27 05:00:00,41.21
2009-09-27 06:00:00,29.47
2009-09-27 07:00:00,16.17
2009-09-27 08:00:00,19.96
2009-09-27 09:00:00,33.70
2009-09-27 10:00:00,83.69
2009-09-27 11:00:00,67.58
2009-09-27 12:00:00,55.31
2009-09-27 13:00:00,90.44
2009-09-27 14:00:00,115.83
2009-09-27 15:00:00,34.57
2009-09-27 16:00:00,48.61
2009-09-27 17:00:00,79.60
2009-09-27 18:00:00,29.23
2009-09-27 19:00:00,31.70
2009-09-27 20:00:00,167.83
2009-09-27 21:00:00,162.58
2009-09-27 22:00:00,124.60
2009-09-27 23:00:00,93.98
2009-09-28 00:00:00,32.16
2009-09-28 01:00:00,14.67
2009-09-28 02:00:00,18.06
2009-09-28 03:00:00,17.03
2009-09-28 04:00:00,15.40
2009-09-28 05:00:00,15.72
2009-09-28 06:00:00,49.23
2009-09-28 07:00:00,138.63
2009-09-28 08:00:00,83.28
2009-09-28 09:00:00,85.46
2009-09-28 10:00:00,80.41
2009-09-28 11:00:00,78.13
2009-09-28 12:00:00,40.05
2009-09-28 13:00:00,15.13
2009-09-28 14:00:00,17.00
2009-09-28 15:00:00,12.24
2009-09-28 16:00:00,16.68
2009-09-28 17:00:00,24.44
2009-09-28 18:00:00,40.22
2009-09-28 19:00:00,129.23
2009-09-28 20:00:00,103.03
2009-09-28 21:00:00,123.49
2009-09-28 22:00:00,122.93
2009-09-28 23:00:00,26.84
2009-09-29 00:00:00,18.05
2009-09-29 01:00:00,15.99
2009-09-29 02:00:00,18.64
2009-09-29 03:00:00,13.78
2009-09-29 04:00:00,14.70
2009-09-29 05:00:00,15.22
2009-09-29 06:00:00,35.81
2009-09-29 07:00:00,125.77
2009-09-29 08:00:00,97.53
2009-09-29 09:00:00,103.37
2009-09-29 10:00:00,65.12
2009-09-29 11:00:00,16.56
2009-09-29 12:00:00,15.96
2009-09-29 13:00:00,32.07
2009-09-29 14:00:00,31.14
2009-09-29 15:00:00,19.33
2009-09-29 16:00:00,37.97
2009-09-29 17:00:00,35.83
2009-09-29 18:00:00,67.27
2009-09-29 19:00:00,48.41
2009-09-29 20:00:00,156.63
2009-09-29 21:00:00,115.28
2009-09-29 22:00:00,29.60
2009-09-29 23:00:00,16.37
2009-09-30 00:00:00,16.25
2009-09-30 01:00:00,12.71
2009-09-30 02:00:00,21.89
2009-09-30 03:00:00,48.24
2009-09-30 04:00:00,16.89
2009-09-30 05:00:00,16.31
2009-09-30 06:00:00,37.21
2009-09-30 07:00:00,126.16
2009-09-30 08:00:00,81.66
2009-09-30 09:00:00,79.71
2009-09-30 10:00:00,92.06
2009-09-30 11:00:00,32.94
2009-09-30 12:00:00,25.05
2009-09-30 13:00:00,139.59
2009-09-30 14:00:00,96.24
2009-09-30 15:00:00,89.66
2009-09-30 16:00:00,86.47
2009-09-30 17:00:00,17.36
2009-09-30 18:00:00,100.60
2009-09-30 19:00:00,158.39
2009-09-30 20:00:00,107.72
2009-09-30 21:00:00,154.20
2009-09-30 22:00:00,168.70
2009-09-30 23:00:00,50.08
2009-10-01 00:00:00,18.33
2009-10-01 01:00:00,13.16
2009-10-01 02:00:00,15.26
2009-10-01 03:00:00,17.72
2009-10-01 04:00:00,14.84
2009-10-01 05:00:00,17.26
2009-10-01 06:00:00,38.44
2009-10-01 07:00:00,150.96
2009-10-01 08:00:00,101.27
2009-10-01 09:00:00,80.57
2009-10-01 10:00:00,46.33
2009-10-01 11:00:00,12.40
2009-10-01 12:00:00,17.60
2009-10-01 13:00:00,13.95
2009-10-01 14:00:00,15.90
2009-10-01 15:00:00,16.22
2009-10-01 16:00:00,14.01
2009-10-01 17:00:00,16.39
2009-10-01 18:00:00,27.87
2009-10-01 19:00:00,73.44
2009-10-01 20:00:00,149.71
2009-10-01 21:00:00,206.93
2009-10-01 22:00:00,182.86
2009-10-01 23:00:00,25.82
2009-10-02 00:00:00,18.41
2009-10-02 01:00:00,11.74
2009-10-02 02:00:00,15.52
2009-10-02 03:00:00,18.47
2009-10-02 04:00:00,13.61
2009-10-02 05:00:00,18.39
2009-10-02 06:00:00,68.14
2009-10-02 07:00:00,124.26
2009-10-02 08:00:00,95.56
2009-10-02 09:00:00,77.47
2009-10-02 10:00:00,79.75
2009-10-02 11:00:00,76.47
2009-10-02 12:00:00,40.22
2009-10-02 13:00:00,22.17
2009-10-02 14:00:00,26.86
2009-10-02 15:00:00,70.61
2009-10-02 16:00:00,18.59
2009-10-02 17:00:00,57.45
2009-10-02 18:00:00,27.15
2009-10-02 19:00:00,85.66
2009-10-02 20:00:00,103.68
2009-10-02 21:00:00,48.12
2009-10-02 22:00:00,17.77
2009-10-02 23:00:00,16.59
2009-10-03 00:00:00,18.95
2009-10-03 01:00:00,13.71
2009-10-03 02:00:00,19.32
2009-10-03 03:00:00,15.59
2009-10-03 04:00:00,30.25
2009-10-03 05:00:00,39.26
2009-10-03 06:00:00,27.76
2009-10-03 07:00:00,117.45
2009-10-03 08:00:00,93.45
2009-10-03 09:00:00,99.48
2009-10-03 10:00:00,55.44
2009-10-03 11:00:00,23.07
2009-10-03 12:00:00,27.84
2009-10-03 13:00:00,74.41
2009-10-03 14:00:00,123.16
2009-10-03 15:00:00,169.00
2009-10-03 16:00:00,125.14
2009-10-03 17:00:00,187.26
2009-10-03 18:00:00,132.71
2009-10-03 19:00:00,89.00
2009-10-03 20:00:00,86.91
2009-10-03 21:00:00,78.19
2009-10-03 22:00:00,30.12
2009-10-03 23:00:00,39.29
2009-10-04 00:00:00,33.71
2009-10-04 01:00:00,20.80
2009-10-04 02:00:00,18.62
2009-10-04 03:00:00,15.58
2009-10-04 04:00:00,17.90
2009-10-04 05:00:00,12.35
2009-10-04 06:00:00,17.77
2009-10-04 07:00:00,23.70
2009-10-04 08:00:00,57.26
2009-10-04 09:00:00,18.30
2009-10-04 10:00:00,97.37
2009-10-04 11:00:00,55.91
2009-10-04 12:00:00,151.12
2009-10-04 13:00:00,137.36
2009-10-04 14:00:00,132.92
2009-10-04 15:00:00,69.05
2009-10-04 16:00:00,47.81
2009-10-04 17:00:00,40.16
2009-10-04 18:00:00,50.12
2009-10-04 19:00:00,112.42
2009-10-04 20:00:00,205.72
2009-10-04 21:00:00,161.27
2009-10-04 22:00:00,95.60
2009-10-04 23:00:00,28.27
2009-10-05 00:00:00,20.58
2009-10-05 01:00:00,22.28
2009-10-05 02:00:00,21.59
2009-10-05 03:00:00,17.29
2009-10-05 04:00:00,24.30
2009-10-05 05:00:00,19.97
2009-10-05 06:00:00,51.45
2009-10-05 07:00:00,125.34
2009-10-05 08:00:00,86.26
2009-10-05 09:00:00,84.66
2009-10-05 10:00:00,81.76
2009-10-05 11:00:00,70.66
2009-10-05 12:00:00,19.40
2009-10-05 13:00:00,22.60
2009-10-05 14:00:00,20.44
2009-10-05 15:00:00,18.38
2009-10-05 16:00:00,21.89
2009-10-05 17:00:00,25.54
2009-10-05 18:00:00,55.27
2009-10-05 19:00:00,56.62
2009-10-05 20:00:00,146.39
2009-10-05 21:00:00,119.52
2009-10-05 22:00:00,87.21
2009-10-05 23:00:00,56.11
2009-10-06 00:00:00,22.39
2009-10-06 01:00:00,24.40
2009-10-06 02:00:00,20.78
2009-10-06 03:00:00,22.58
2009-10-06 04:00:00,64.98
2009-10-06 05:00:00,20.61
2009-10-06 06:00:00,72.80
2009-10-06 07:00:00,156.51
2009-10-06 08:00:00,127.86
2009-10-06 09:00:00,112.56
2009-10-06 10:00:00,95.73
2009-10-06 11:00:00,43.03
2009-10-06 12:00:00,20.71
2009-10-06 13:00:00,59.19
2009-10-06 14:00:00,42.28
2009-10-06 15:00:00,24.79
2009-10-06 16:00:00,20.99
2009-10-06 17:00:00,23.46
2009-10-06 18:00:00,24.61
2009-10-06 19:00:00,72.04
2009-10-06 20:00:00,169.71
2009-10-06 21:00:00,116.82
2009-10-06 22:00:00,50.05
2009-10-06 23:00:00,19.57
2009-10-07 00:00:00,24.54
2009-10-07 01:00:00,23.71
2009-10-07 02:00:00,23.22
2009-10-07 03:00:00,24.89
2009-10-07 04:00:00,47.70
2009-10-07 05:00:00,37.66
2009-10-07 06:00:00,84.59
2009-10-07 07:00:00,104.68
2009-10-07 08:00:00,98.45
2009-10-07 09:00:00,102.41
2009-10-07 10:00:00,101.48
2009-10-07 11:00:00,104.84
2009-10-07 12:00:00,38.66
2009-10-07 13:00:00,34.06
2009-10-07 14:00:00,54.55
2009-10-07 15:00:00,27.95
2009-10-07 16:00:00,51.86
2009-10-07 17:00:00,130.11
2009-10-07 18:00:00,74.12
2009-10-07 19:00:00,178.55
2009-10-07 20:00:00,218.72
2009-10-07 21:00:00,136.64
2009-10-07 22:00:00,62.23
2009-10-07 23:00:00,36.22
2009-10-08 00:00:00,22.01
2009-10-08 01:00:00,21.79
2009-10-08 02:00:00,20.83
2009-10-08 03:00:00,61.89
2009-10-08 04:00:00,23.10
2009-10-08 05:00:00,21.19
2009-10-08 06:00:00,65.16
2009-10-08 07:00:00,166.05
2009-10-08 08:00:00,116.60
2009-10-08 09:00:00,85.27
2009-10-08 10:00:00,86.95
2009-10-08 11:00:00,91.10
2009-10-08 12:00:00,89.35
2009-10-08 13:00:00,88.28
2009-10-08 14:00:00,48.27
2009-10-08 15:00:00,22.99
2009-10-08 16:00:00,20.78
2009-10-08 17:00:00,21.37
2009-10-08 18:00:00,30.68
2009-10-08 19:00:00,139.55
2009-10-08 20:00:00,130.95
2009-10-08 21:00:00,58.23
2009-10-08 22:00:00,70.08
2009-10-08 23:00:00,74.67
2009-10-09 00:00:00,22.19
2009-10-09 01:00:00,18.91
2009-10-09 02:00:00,19.93
2009-10-09 03:00:00,24.06
2009-10-09 04:00:00,20.20
2009-10-09 05:00:00,23.02
2009-10-09 06:00:00,36.24
2009-10-09 07:00:00,91.04
2009-10-09 08:00:00,87.82
2009-10-09 09:00:00,112.11
2009-10-09 10:00:00,89.84
2009-10-09 11:00:00,83.88
2009-10-09 12:00:00,99.54
2009-10-09 13:00:00,85.01
2009-10-09 14:00:00,56.59
2009-10-09 15:00:00,61.07
2009-10-09 16:00:00,61.66
2009-10-09 17:00:00,39.24
2009-10-09 18:00:00,53.90
2009-10-09 19:00:00,89.84
2009-10-09 20:00:00,78.07
2009-10-09 21:00:00,34.73
2009-10-09 22:00:00,26.39
2009-10-09 23:00:00,36.60
2009-10-10 00:00:00,22.83
2009-10-10 01:00:00,21.05
2009-10-10 02:00:00,24.42
2009-10-10 03:00:00,18.36
2009-10-10 04:00:00,59.66
2009-10-10 05:00:00,20.88
2009-10-10 06:00:00,33.45
2009-10-10 07:00:00,120.17
2009-10-10 08:00:00,134.75
2009-10-10 09:00:00,91.30
2009-10-10 10:00:00,37.96
2009-10-10 11:00:00,30.00
2009-10-10 12:00:00,28.18
2009-10-10 13:00:00,98.34
2009-10-10 14:00:00,158.29
2009-10-10 15:00:00,170.01
2009-10-10 16:00:00,124.01
2009-10-10 17:00:00,85.76
2009-10-10 18:00:00,29.62
2009-10-10 19:00:00,172.50
2009-10-10 20:00:00,157.83
2009-10-10 21:00:00,165.73
2009-10-10 22:00:00,154.05
2009-10-10 23:00:00,53.62
2009-10-11 00:00:00,23.56
2009-10-11 01:00:00,24.15
2009-10-11 02:00:00,22.67
2009-10-11 03:00:00,24.13
2009-10-11 04:00:00,21.65
2009-10-11 05:00:00,20.24
2009-10-11 06:00:00,23.60
2009-10-11 07:00:00,20.91
2009-10-11 08:00:00,107.85
2009-10-11 09:00:00,89.36
2009-10-11 10:00:00,139.85
2009-10-11 11:00:00,239.74
2009-10-11 12:00:00,184.69
2009-10-11 13:00:00,197.39
2009-10-11 14:00:00,94.31
2009-10-11 15:00:00,61.47
2009-10-11 16:00:00,67.49
2009-10-11 17:00:00,33.05
2009-10-11 18:00:00,59.51
2009-10-11 19:00:00,179.22
2009-10-11 20:00:00,103.30
2009-10-11 21:00:00,70.84
2009-10-11 22:00:00,100.84
2009-10-11 23:00:00,29.12
2009-10-12 00:00:00,22.43
2009-10-12 01:00:00,21.46
2009-10-12 02:00:00,20.83
2009-10-12 03:00:00,23.89
2009-10-12 04:00:00,19.34
2009-10-12 05:00:00,22.01
2009-10-12 06:00:00,47.14
2009-10-12 07:00:00,151.79
2009-10-12 08:00:00,113.35
2009-10-12 09:00:00,113.55
2009-10-12 10:00:00,87.22
2009-10-12 11:00:00,78.80
2009-10-12 12:00:00,78.62
2009-10-12 13:00:00,17.73
2009-10-12 14:00:00,20.80
2009-10-12 15:00:00,21.85
2009-10-12 16:00:00,16.64
2009-10-12 17:00:00,22.25
2009-10-12 18:00:00,32.03
2009-10-12 19:00:00,116.30
2009-10-12 20:00:00,150.36
2009-10-12 21:00:00,70.64
2009-10-12 22:00:00,64.44
2009-10-12 23:00:00,18.14
2009-10-13 00:00:00,22.35
2009-10-13 01:00:00,19.22
2009-10-13 02:00:00,59.80
2009-10-13 03:00:00,19.77
2009-10-13 04:00:00,21.21
2009-10-13 05:00:00,17.52
2009-10-13 06:00:00,33.22
2009-10-13 07:00:00,125.19
2009-10-13 08:00:00,138.38
2009-10-13 09:00:00,123.22
2009-10-13 10:00:00,86.43
2009-10-13 11:00:00,102.40
2009-10-13 12:00:00,82.44
2009-10-13 13:00:00,45.49
2009-10-13 14:00:00,26.39
2009-10-13 15:00:00,27.85
2009-10-13 16:00:00,24.71
2009-10-13 17:00:00,25.07
2009-10-13 18:00:00,49.06
2009-10-13 19:00:00,148.77
2009-10-13 20:00:00,126.59
2009-10-13 21:00:00,69.58
2009-10-13 22:00:00,32.88
2009-10-13 23:00:00,21.55
2009-10-14 00:00:00,33.14
2009-10-14 01:00:00,45.76
2009-10-14 02:00:00,18.17
2009-10-14 03:00:00,21.20
2009-10-14 04:00:00,18.87
2009-10-14 05:00:00,19.22
2009-10-14 06:00:00,74.14
2009-10-14 07:00:00,203.12
2009-10-14 08:00:00,112.97
2009-10-14 09:00:00,113.35
2009-10-14 10:00:00,85.94
2009-10-14 11:00:00,96.75
2009-10-14 12:00:00,52.69
2009-10-14 13:00:00,51.85
2009-10-14 14:00:00,29.81
2009-10-14 15:00:00,22.46
2009-10-14 16:00:00,129.01
2009-10-14 17:00:00,46.30
2009-10-14 18:00:00,81.72
2009-10-14 19:00:00,88.00
2009-10-14 20:00:00,109.14
2009-10-14 21:00:00,135.50
2009-10-14 22:00:00,67.32
2009-10-14 23:00:00,54.80
2009-10-15 00:00:00,21.64
2009-10-15 01:00:00,18.18
2009-10-15 02:00:00,60.93
2009-10-15 03:00:00,18.07
2009-10-15 04:00:00,22.67
2009-10-15 05:00:00,17.23
2009-10-15 06:00:00,37.08
2009-10-15 07:00:00,118.97
2009-10-15 08:00:00,115.67
2009-10-15 09:00:00,84.37
2009-10-15 10:00:00,82.00
2009-10-15 11:00:00,87.09
2009-10-15 12:00:00,81.71
2009-10-15 13:00:00,50.86
2009-10-15 14:00:00,19.25
2009-10-15 15:00:00,20.12
2009-10-15 16:00:00,19.92
2009-10-15 17:00:00,18.61
2009-10-15 18:00:00,37.85
2009-10-15 19:00:00,121.77
2009-10-15 20:00:00,202.65
2009-10-15 21:00:00,136.67
2009-10-15 22:00:00,75.46
2009-10-15 23:00:00,21.21
2009-10-16 00:00:00,23.87
2009-10-16 01:00:00,18.33
2009-10-16 02:00:00,18.84
2009-10-16 03:00:00,22.54
2009-10-16 04:00:00,17.67
2009-10-16 05:00:00,50.33
2009-10-16 06:00:00,57.75
2009-10-16 07:00:00,139.24
2009-10-16 08:00:00,159.40
2009-10-16 09:00:00,87.56
2009-10-16 10:00:00,85.08
2009-10-16 11:00:00,81.92
2009-10-16 12:00:00,84.91
2009-10-16 13:00:00,25.09
2009-10-16 14:00:00,105.58
2009-10-16 15:00:00,42.82
2009-10-16 16:00:00,61.22
2009-10-16 17:00:00,43.74
2009-10-16 18:00:00,48.52
2009-10-16 19:00:00,85.45
2009-10-16 20:00:00,146.55
2009-10-16 21:00:00,66.42
2009-10-16 22:00:00,21.06
2009-10-16 23:00:00,22.98
2009-10-17 00:00:00,17.86
2009-10-17 01:00:00,20.43
2009-10-17 02:00:00,19.15
2009-10-17 03:00:00,39.22
2009-10-17 04:00:00,31.94
2009-10-17 05:00:00,19.32
2009-10-17 06:00:00,34.76
2009-10-17 07:00:00,146.40
2009-10-17 08:00:00,132.95
2009-10-17 09:00:00,119.05
2009-10-17 10:00:00,105.45
2009-10-17 11:00:00,114.18
2009-10-17 12:00:00,80.67
2009-10-17 13:00:00,81.30
2009-10-17 14:00:00,166.36
2009-10-17 15:00:00,150.35
2009-10-17 16:00:00,279.79
2009-10-17 17:00:00,189.77
2009-10-17 18:00:00,190.42
2009-10-17 19:00:00,153.39
2009-10-17 20:00:00,157.05
2009-10-17 21:00:00,212.36
2009-10-17 22:00:00,137.30
2009-10-17 23:00:00,142.61
2009-10-18 00:00:00,93.70
2009-10-18 01:00:00,99.24
2009-10-18 02:00:00,60.28
2009-10-18 03:00:00,21.11
2009-10-18 04:00:00,19.30
2009-10-18 05:00:00,20.78
2009-10-18 06:00:00,18.52
2009-10-18 07:00:00,20.23
2009-10-18 08:00:00,28.73
2009-10-18 09:00:00,41.97
2009-10-18 10:00:00,101.79
2009-10-18 11:00:00,85.90
2009-10-18 12:00:00,86.94
2009-10-18 13:00:00,77.92
2009-10-18 14:00:00,22.60
2009-10-18 15:00:00,18.99
2009-10-18 16:00:00,22.08
2009-10-18 17:00:00,35.94
2009-10-18 18:00:00,163.24
2009-10-18 19:00:00,137.06
2009-10-18 20:00:00,108.31
2009-10-18 21:00:00,119.21
2009-10-18 22:00:00,80.55
2009-10-18 23:00:00,71.77
2009-10-19 00:00:00,19.66
2009-10-19 01:00:00,20.83
2009-10-19 02:00:00,22.80
2009-10-19 03:00:00,18.84
2009-10-19 04:00:00,22.68
2009-10-19 05:00:00,18.45
2009-10-19 06:00:00,62.36
2009-10-19 07:00:00,162.80
2009-10-19 08:00:00,122.45
2009-10-19 09:00:00,119.03
2009-10-19 10:00:00,44.44
2009-10-19 11:00:00,22.19
2009-10-19 12:00:00,17.91
2009-10-19 13:00:00,20.53
2009-10-19 14:00:00,20.57
2009-10-19 15:00:00,17.89
2009-10-19 16:00:00,21.79
2009-10-19 17:00:00,23.01
2009-10-19 18:00:00,84.76
2009-10-19 19:00:00,71.71
2009-10-19 20:00:00,157.87
2009-10-19 21:00:00,153.26
2009-10-19 22:00:00,99.63
2009-10-19 23:00:00,23.64
2009-10-20 00:00:00,18.28
2009-10-20 01:00:00,23.20
2009-10-20 02:00:00,24.13
2009-10-20 03:00:00,18.23
2009-10-20 04:00:00,21.98
2009-10-20 05:00:00,27.77
2009-10-20 06:00:00,59.21
2009-10-20 07:00:00,100.12
2009-10-20 08:00:00,124.61
2009-10-20 09:00:00,86.54
2009-10-20 10:00:00,122.82
2009-10-20 11:00:00,116.34
2009-10-20 12:00:00,105.66
2009-10-20 13:00:00,96.98
2009-10-20 14:00:00,24.84
2009-10-20 15:00:00,24.85
2009-10-20 16:00:00,53.79
2009-10-20 17:00:00,51.97
2009-10-20 18:00:00,62.96
2009-10-20 19:00:00,182.59
2009-10-20 20:00:00,166.39
2009-10-20 21:00:00,151.69
2009-10-20 22:00:00,34.29
2009-10-20 23:00:00,23.57
2009-10-21 00:00:00,20.25
2009-10-21 01:00:00,18.69
2009-10-21 02:00:00,21.91
2009-10-21 03:00:00,19.38
2009-10-21 04:00:00,19.72
2009-10-21 05:00:00,19.15
2009-10-21 06:00:00,103.44
2009-10-21 07:00:00,164.47
2009-10-21 08:00:00,114.13
2009-10-21 09:00:00,122.45
2009-10-21 10:00:00,40.42
2009-10-21 11:00:00,41.11
2009-10-21 12:00:00,41.06
2009-10-21 13:00:00,138.52
2009-10-21 14:00:00,122.82
2009-10-21 15:00:00,50.75
2009-10-21 16:00:00,91.56
2009-10-21 17:00:00,195.81
2009-10-21 18:00:00,136.46
2009-10-21 19:00:00,64.69
2009-10-21 20:00:00,136.77
2009-10-21 21:00:00,136.51
2009-10-21 22:00:00,108.34
2009-10-21 23:00:00,41.09
2009-10-22 00:00:00,20.19
2009-10-22 01:00:00,22.80
2009-10-22 02:00:00,19.83
2009-10-22 03:00:00,22.69
2009-10-22 04:00:00,20.57
2009-10-22 05:00:00,17.69
2009-10-22 06:00:00,98.66
2009-10-22 07:00:00,126.45
2009-10-22 08:00:00,108.79
2009-10-22 09:00:00,86.81
2009-10-22 10:00:00,87.73
2009-10-22 11:00:00,85.84
2009-10-22 12:00:00,90.67
2009-10-22 13:00:00,89.37
2009-10-22 14:00:00,58.54
2009-10-22 15:00:00,21.92
2009-10-22 16:00:00,20.54
2009-10-22 17:00:00,20.91
2009-10-22 18:00:00,54.06
2009-10-22 19:00:00,95.10
2009-10-22 20:00:00,107.97
2009-10-22 21:00:00,55.95
2009-10-22 22:00:00,37.03
2009-10-22 23:00:00,29.62
2009-10-23 00:00:00,20.05
2009-10-23 01:00:00,22.02
2009-10-23 02:00:00,19.88
2009-10-23 03:00:00,19.50
2009-10-23 04:00:00,19.75
2009-10-23 05:00:00,39.24
2009-10-23 06:00:00,69.34
2009-10-23 07:00:00,83.73
2009-10-23 08:00:00,122.15
2009-10-23 09:00:00,86.09
2009-10-23 10:00:00,47.08
2009-10-23 11:00:00,20.69
2009-10-23 12:00:00,31.60
2009-10-23 13:00:00,31.67
2009-10-23 14:00:00,72.56
2009-10-23 15:00:00,241.52
2009-10-23 16:00:00,149.69
2009-10-23 17:00:00,67.40
2009-10-23 18:00:00,112.51
2009-10-23 19:00:00,168.41
2009-10-23 20:00:00,132.32
2009-10-23 21:00:00,115.24
2009-10-23 22:00:00,44.05
2009-10-23 23:00:00,20.94
2009-10-24 00:00:00,22.25
2009-10-24 01:00:00,21.21
2009-10-24 02:00:00,21.39
2009-10-24 03:00:00,20.81
2009-10-24 04:00:00,18.51
2009-10-24 05:00:00,50.92
2009-10-24 06:00:00,29.97
2009-10-24 07:00:00,175.78
2009-10-24 08:00:00,145.46
2009-10-24 09:00:00,89.73
2009-10-24 10:00:00,105.53
2009-10-24 11:00:00,169.10
2009-10-24 12:00:00,234.56
2009-10-24 13:00:00,131.16
2009-10-24 14:00:00,63.35
2009-10-24 15:00:00,31.19
2009-10-24 16:00:00,86.33
2009-10-24 17:00:00,56.58
2009-10-24 18:00:00,239.93
2009-10-24 19:00:00,166.57
2009-10-24 20:00:00,206.48
2009-10-24 21:00:00,186.91
2009-10-24 22:00:00,179.35
2009-10-24 23:00:00,161.32
2009-10-25 00:00:00,124.89
2009-10-25 01:00:00,124.96
2009-10-25 02:00:00,92.96
2009-10-25 03:00:00,21.28
2009-10-25 04:00:00,21.56
2009-10-25 05:00:00,20.57
2009-10-25 06:00:00,20.59
2009-10-25 07:00:00,20.56
2009-10-25 08:00:00,38.36
2009-10-25 09:00:00,67.62
2009-10-25 10:00:00,133.68
2009-10-25 11:00:00,185.05
2009-10-25 12:00:00,199.80
2009-10-25 13:00:00,97.79
2009-10-25 14:00:00,65.06
2009-10-25 15:00:00,127.72
2009-10-25 16:00:00,164.76
2009-10-25 17:00:00,116.14
2009-10-25 18:00:00,223.21
2009-10-25 19:00:00,148.94
2009-10-25 20:00:00,144.66
2009-10-25 21:00:00,131.04
2009-10-25 22:00:00,91.29
2009-10-25 23:00:00,24.05
2009-10-26 00:00:00,19.85
2009-10-26 01:00:00,24.05
2009-10-26 02:00:00,18.35
2009-10-26 03:00:00,25.62
2009-10-26 04:00:00,18.36
2009-10-26 05:00:00,24.00
2009-10-26 06:00:00,82.38
2009-10-26 07:00:00,112.08
2009-10-26 08:00:00,89.17
2009-10-26 09:00:00,25.00
2009-10-26 10:00:00,23.75
2009-10-26 11:00:00,16.85
2009-10-26 12:00:00,22.34
2009-10-26 13:00:00,19.07
2009-10-26 14:00:00,21.03
2009-10-26 15:00:00,20.65
2009-10-26 16:00:00,18.41
2009-10-26 17:00:00,55.89
2009-10-26 18:00:00,51.31
2009-10-26 19:00:00,84.12
2009-10-26 20:00:00,66.32
2009-10-26 21:00:00,117.91
2009-10-26 22:00:00,84.63
2009-10-26 23:00:00,71.21
2009-10-27 00:00:00,23.97
2009-10-27 01:00:00,50.00
2009-10-27 02:00:00,18.33
2009-10-27 03:00:00,54.22
2009-10-27 04:00:00,24.61
2009-10-27 05:00:00,19.64
2009-10-27 06:00:00,48.30
2009-10-27 07:00:00,96.25
2009-10-27 08:00:00,96.58
2009-10-27 09:00:00,88.61
2009-10-27 10:00:00,104.40
2009-10-27 11:00:00,92.56
2009-10-27 12:00:00,42.22
2009-10-27 13:00:00,20.83
2009-10-27 14:00:00,19.16
2009-10-27 15:00:00,21.70
2009-10-27 16:00:00,17.12
2009-10-27 17:00:00,19.58
2009-10-27 18:00:00,19.05
2009-10-27 19:00:00,28.58
2009-10-27 20:00:00,123.34
2009-10-27 21:00:00,43.35
2009-10-27 22:00:00,26.68
2009-10-27 23:00:00,17.68
2009-10-28 00:00:00,22.58
2009-10-28 01:00:00,17.26
2009-10-28 02:00:00,21.80
2009-10-28 03:00:00,16.61
2009-10-28 04:00:00,65.34
2009-10-28 05:00:00,18.38
2009-10-28 06:00:00,23.20
2009-10-28 07:00:00,67.96
2009-10-28 08:00:00,70.26
2009-10-28 09:00:00,21.22
2009-10-28 10:00:00,20.32
2009-10-28 11:00:00,21.27
2009-10-28 12:00:00,42.92
2009-10-28 13:00:00,87.21
2009-10-28 14:00:00,87.82
2009-10-28 15:00:00,81.68
2009-10-28 16:00:00,85.95
2009-10-28 17:00:00,45.21
2009-10-28 18:00:00,20.11
2009-10-28 19:00:00,61.11
2009-10-28 20:00:00,106.13
2009-10-28 21:00:00,158.70
2009-10-28 22:00:00,77.29
2009-10-28 23:00:00,28.38
2009-10-29 00:00:00,26.62
2009-10-29 01:00:00,19.83
2009-10-29 02:00:00,23.82
2009-10-29 03:00:00,16.68
2009-10-29 04:00:00,63.56
2009-10-29 05:00:00,18.36
2009-10-29 06:00:00,17.22
2009-10-29 07:00:00,22.93
2009-10-29 08:00:00,33.60
2009-10-29 09:00:00,36.82
2009-10-29 10:00:00,94.41
2009-10-29 11:00:00,54.37
2009-10-29 12:00:00,30.19
2009-10-29 13:00:00,126.31
2009-10-29 14:00:00,64.68
2009-10-29 15:00:00,206.28
2009-10-29 16:00:00,148.68
2009-10-29 17:00:00,141.41
2009-10-29 18:00:00,164.00
2009-10-29 19:00:00,174.78
2009-10-29 20:00:00,182.39
2009-10-29 21:00:00,97.01
2009-10-29 22:00:00,156.57
2009-10-29 23:00:00,60.91
2009-10-30 00:00:00,39.09
2009-10-30 01:00:00,25.07
2009-10-30 02:00:00,18.20
2009-10-30 03:00:00,23.43
2009-10-30 04:00:00,19.07
2009-10-30 05:00:00,36.45
2009-10-30 06:00:00,45.14
2009-10-30 07:00:00,35.33
2009-10-30 08:00:00,79.38
2009-10-30 09:00:00,119.73
2009-10-30 10:00:00,96.96
2009-10-30 11:00:00,81.48
2009-10-30 12:00:00,54.22
2009-10-30 13:00:00,23.66
2009-10-30 14:00:00,40.47
2009-10-30 15:00:00,76.97
2009-10-30 16:00:00,207.34
2009-10-30 17:00:00,74.49
2009-10-30 18:00:00,29.16
2009-10-30 19:00:00,69.55
2009-10-30 20:00:00,130.64
2009-10-30 21:00:00,95.97
2009-10-30 22:00:00,54.19
2009-10-30 23:00:00,17.36
2009-10-31 00:00:00,22.45
2009-10-31 01:00:00,16.67
2009-10-31 02:00:00,25.81
2009-10-31 03:00:00,51.35
2009-10-31 04:00:00,16.70
2009-10-31 05:00:00,22.17
2009-10-31 06:00:00,16.49
2009-10-31 07:00:00,18.43
2009-10-31 08:00:00,29.36
2009-10-31 09:00:00,90.97
2009-10-31 10:00:00,95.62
2009-10-31 11:00:00,88.10
2009-10-31 12:00:00,221.39
2009-10-31 13:00:00,122.39
2009-10-31 14:00:00,100.57
2009-10-31 15:00:00,110.29
2009-10-31 16:00:00,116.58
2009-10-31 17:00:00,65.18
2009-10-31 18:00:00,97.44
2009-10-31 19:00:00,164.68
2009-10-31 20:00:00,146.76
2009-10-31 21:00:00,140.77
2009-10-31 22:00:00,75.03
2009-10-31 23:00:00,20.74
2009-11-01 00:00:00,21.27
2009-11-01 01:00:00,18.82
2009-11-01 02:00:00,18.21
2009-11-01 03:00:00,20.69
2009-11-01 04:00:00,20.07
2009-11-01 05:00:00,21.85
2009-11-01 06:00:00,57.20
2009-11-01 07:00:00,28.87
2009-11-01 08:00:00,36.67
2009-11-01 09:00:00,58.00
2009-11-01 10:00:00,62.95
2009-11-01 11:00:00,56.70
2009-11-01 12:00:00,96.02
2009-11-01 13:00:00,83.00
2009-11-01 14:00:00,108.21
2009-11-01 15:00:00,104.31
2009-11-01 16:00:00,151.28
2009-11-01 17:00:00,146.61
2009-11-01 18:00:00,108.47
2009-11-01 19:00:00,106.84
2009-11-01 20:00:00,133.14
2009-11-01 21:00:00,126.92
2009-11-01 22:00:00,155.88
2009-11-01 23:00:00,101.16
2009-11-02 00:00:00,86.20
2009-11-02 01:00:00,21.05
2009-11-02 02:00:00,19.51
2009-11-02 03:00:00,21.79
2009-11-02 04:00:00,17.64
2009-11-02 05:00:00,23.74
2009-11-02 06:00:00,31.08
2009-11-02 07:00:00,118.11
2009-11-02 08:00:00,19.72
2009-11-02 09:00:00,21.37
2009-11-02 10:00:00,38.17
2009-11-02 11:00:00,62.54
2009-11-02 12:00:00,145.81
2009-11-02 13:00:00,75.12
2009-11-02 14:00:00,30.51
2009-11-02 15:00:00,30.24
2009-11-02 16:00:00,27.26
2009-11-02 17:00:00,71.50
2009-11-02 18:00:00,150.58
2009-11-02 19:00:00,118.43
2009-11-02 20:00:00,165.22
2009-11-02 21:00:00,94.86
2009-11-02 22:00:00,62.41
2009-11-02 23:00:00,51.38
2009-11-03 00:00:00,31.02
2009-11-03 01:00:00,21.17
2009-11-03 02:00:00,17.27
2009-11-03 03:00:00,22.82
2009-11-03 04:00:00,16.34
2009-11-03 05:00:00,18.52
2009-11-03 06:00:00,20.90
2009-11-03 07:00:00,79.44
2009-11-03 08:00:00,59.99
2009-11-03 09:00:00,98.51
2009-11-03 10:00:00,157.54
2009-11-03 11:00:00,79.90
2009-11-03 12:00:00,63.88
2009-11-03 13:00:00,170.53
2009-11-03 14:00:00,53.62
2009-11-03 15:00:00,65.65
2009-11-03 16:00:00,98.91
2009-11-03 17:00:00,113.60
2009-11-03 18:00:00,175.93
2009-11-03 19:00:00,247.55
2009-11-03 20:00:00,289.85
2009-11-03 21:00:00,161.74
2009-11-03 22:00:00,117.60
2009-11-03 23:00:00,84.40
2009-11-04 00:00:00,22.70
2009-11-04 01:00:00,31.75
2009-11-04 02:00:00,23.02
2009-11-04 03:00:00,19.33
2009-11-04 04:00:00,21.56
2009-11-04 05:00:00,20.67
2009-11-04 06:00:00,21.04
2009-11-04 07:00:00,27.32
2009-11-04 08:00:00,80.23
2009-11-04 09:00:00,45.13
2009-11-04 10:00:00,55.52
2009-11-04 11:00:00,86.06
2009-11-04 12:00:00,102.61
2009-11-04 13:00:00,119.31
2009-11-04 14:00:00,100.49
2009-11-04 15:00:00,104.18
2009-11-04 16:00:00,115.58
2009-11-04 17:00:00,126.87
2009-11-04 18:00:00,181.98
2009-11-04 19:00:00,204.50
2009-11-04 20:00:00,73.57
2009-11-04 21:00:00,148.87
2009-11-04 22:00:00,44.99
2009-11-04 23:00:00,24.50
2009-11-05 00:00:00,21.75
2009-11-05 01:00:00,20.24
2009-11-05 02:00:00,51.31
2009-11-05 03:00:00,26.59
2009-11-05 04:00:00,22.42
2009-11-05 05:00:00,20.67
2009-11-05 06:00:00,37.69
2009-11-05 07:00:00,97.59
2009-11-05 08:00:00,110.60
2009-11-05 09:00:00,81.92
2009-11-05 10:00:00,88.50
2009-11-05 11:00:00,64.94
2009-11-05 12:00:00,38.38
2009-11-05 13:00:00,26.07
2009-11-05 14:00:00,26.27
2009-11-05 15:00:00,39.26
2009-11-05 16:00:00,29.01
2009-11-05 17:00:00,23.16
2009-11-05 18:00:00,101.89
2009-11-05 19:00:00,149.81
2009-11-05 20:00:00,214.37
2009-11-05 21:00:00,135.12
2009-11-05 22:00:00,113.61
2009-11-05 23:00:00,19.30
2009-11-06 00:00:00,20.93
2009-11-06 01:00:00,20.69
2009-11-06 02:00:00,17.16
2009-11-06 03:00:00,21.26
2009-11-06 04:00:00,17.81
2009-11-06 05:00:00,33.70
2009-11-06 06:00:00,94.92
2009-11-06 07:00:00,95.66
2009-11-06 08:00:00,90.14
2009-11-06 09:00:00,107.55
2009-11-06 10:00:00,84.03
2009-11-06 11:00:00,85.84
2009-11-06 12:00:00,63.65
2009-11-06 13:00:00,42.39
2009-11-06 14:00:00,25.81
2009-11-06 15:00:00,73.33
2009-11-06 16:00:00,65.32
2009-11-06 17:00:00,110.55
2009-11-06 18:00:00,56.81
2009-11-06 19:00:00,60.85
2009-11-06 20:00:00,57.07
2009-11-06 21:00:00,100.85
2009-11-06 22:00:00,24.43
2009-11-06 23:00:00,19.70
2009-11-07 00:00:00,17.67
2009-11-07 01:00:00,19.68
2009-11-07 02:00:00,19.70
2009-11-07 03:00:00,20.10
2009-11-07 04:00:00,39.31
2009-11-07 05:00:00,32.52
2009-11-07 06:00:00,31.22
2009-11-07 07:00:00,134.64
2009-11-07 08:00:00,122.09
2009-11-07 09:00:00,92.66
2009-11-07 10:00:00,87.00
2009-11-07 11:00:00,28.32
2009-11-07 12:00:00,25.54
2009-11-07 13:00:00,136.65
2009-11-07 14:00:00,89.46
2009-11-07 15:00:00,65.89
2009-11-07 16:00:00,64.45
2009-11-07 17:00:00,108.36
2009-11-07 18:00:00,90.33
2009-11-07 19:00:00,90.57
2009-11-07 20:00:00,63.82
2009-11-07 21:00:00,46.86
2009-11-07 22:00:00,83.71
2009-11-07 23:00:00,46.61
2009-11-08 00:00:00,28.35
2009-11-08 01:00:00,62.78
2009-11-08 02:00:00,17.96
2009-11-08 03:00:00,19.38
2009-11-08 04:00:00,20.24
2009-11-08 05:00:00,19.00
2009-11-08 06:00:00,16.86
2009-11-08 07:00:00,25.62
2009-11-08 08:00:00,102.90
2009-11-08 09:00:00,151.36
2009-11-08 10:00:00,173.60
2009-11-08 11:00:00,159.30
2009-11-08 12:00:00,260.30
2009-11-08 13:00:00,181.99
2009-11-08 14:00:00,149.12
2009-11-08 15:00:00,107.44
2009-11-08 16:00:00,43.24
2009-11-08 17:00:00,69.39
2009-11-08 18:00:00,168.01
2009-11-08 19:00:00,177.28
2009-11-08 20:00:00,212.59
2009-11-08 21:00:00,139.41
2009-11-08 22:00:00,113.08
2009-11-08 23:00:00,88.83
2009-11-09 00:00:00,39.34
2009-11-09 01:00:00,19.84
2009-11-09 02:00:00,20.05
2009-11-09 03:00:00,19.97
2009-11-09 04:00:00,23.99
2009-11-09 05:00:00,18.34
2009-11-09 06:00:00,62.46
2009-11-09 07:00:00,189.73
2009-11-09 08:00:00,87.83
2009-11-09 09:00:00,85.83
2009-11-09 10:00:00,74.21
2009-11-09 11:00:00,18.09
2009-11-09 12:00:00,19.34
2009-11-09 13:00:00,20.76
2009-11-09 14:00:00,20.46
2009-11-09 15:00:00,17.86
2009-11-09 16:00:00,20.59
2009-11-09 17:00:00,59.43
2009-11-09 18:00:00,124.48
2009-11-09 19:00:00,91.35
2009-11-09 20:00:00,181.53
2009-11-09 21:00:00,113.81
2009-11-09 22:00:00,58.65
2009-11-09 23:00:00,19.75
2009-11-10 00:00:00,49.43
2009-11-10 01:00:00,30.39
2009-11-10 02:00:00,17.89
2009-11-10 03:00:00,20.53
2009-11-10 04:00:00,20.32
2009-11-10 05:00:00,19.85
2009-11-10 06:00:00,39.16
2009-11-10 07:00:00,101.58
2009-11-10 08:00:00,104.56
2009-11-10 09:00:00,99.67
2009-11-10 10:00:00,107.15
2009-11-10 11:00:00,85.32
2009-11-10 12:00:00,83.80
2009-11-10 13:00:00,84.43
2009-11-10 14:00:00,75.63
2009-11-10 15:00:00,29.34
2009-11-10 16:00:00,56.87
2009-11-10 17:00:00,50.01
2009-11-10 18:00:00,80.98
2009-11-10 19:00:00,93.98
2009-11-10 20:00:00,126.75
2009-11-10 21:00:00,137.81
2009-11-10 22:00:00,67.58
2009-11-10 23:00:00,23.14
2009-11-11 00:00:00,22.15
2009-11-11 01:00:00,19.16
2009-11-11 02:00:00,21.27
2009-11-11 03:00:00,21.06
2009-11-11 04:00:00,20.55
2009-11-11 05:00:00,19.12
2009-11-11 06:00:00,65.22
2009-11-11 07:00:00,33.14
2009-11-11 08:00:00,24.11
2009-11-11 09:00:00,55.51
2009-11-11 10:00:00,35.92
2009-11-11 11:00:00,85.07
2009-11-11 12:00:00,68.58
2009-11-11 13:00:00,75.09
2009-11-11 14:00:00,139.62
2009-11-11 15:00:00,118.11
2009-11-11 16:00:00,119.95
2009-11-11 17:00:00,272.17
2009-11-11 18:00:00,189.35
2009-11-11 19:00:00,211.72
2009-11-11 20:00:00,135.51
2009-11-11 21:00:00,105.72
2009-11-11 22:00:00,103.78
2009-11-11 23:00:00,78.61
2009-11-12 00:00:00,23.27
2009-11-12 01:00:00,21.70
2009-11-12 02:00:00,16.66
2009-11-12 03:00:00,22.47
2009-11-12 04:00:00,17.31
2009-11-12 05:00:00,55.15
2009-11-12 06:00:00,58.83
2009-11-12 07:00:00,143.70
2009-11-12 08:00:00,104.50
2009-11-12 09:00:00,80.06
2009-11-12 10:00:00,84.53
2009-11-12 11:00:00,75.46
2009-11-12 12:00:00,17.57
2009-11-12 13:00:00,23.68
2009-11-12 14:00:00,18.51
2009-11-12 15:00:00,20.35
2009-11-12 16:00:00,24.12
2009-11-12 17:00:00,38.42
2009-11-12 18:00:00,52.99
2009-11-12 19:00:00,214.93
2009-11-12 20:00:00,137.88
2009-11-12 21:00:00,133.87
2009-11-12 22:00:00,54.34
2009-11-12 23:00:00,22.77
2009-11-13 00:00:00,18.98
2009-11-13 01:00:00,20.66
2009-11-13 02:00:00,20.52
2009-11-13 03:00:00,20.57
2009-11-13 04:00:00,19.46
2009-11-13 05:00:00,38.00
2009-11-13 06:00:00,63.01
2009-11-13 07:00:00,40.15
2009-11-13 08:00:00,95.87
2009-11-13 09:00:00,109.37
2009-11-13 10:00:00,83.85
2009-11-13 11:00:00,81.80
2009-11-13 12:00:00,53.78
2009-11-13 13:00:00,34.96
2009-11-13 14:00:00,81.14
2009-11-13 15:00:00,61.29
2009-11-13 16:00:00,69.14
2009-11-13 17:00:00,35.07
2009-11-13 18:00:00,76.67
2009-11-13 19:00:00,148.64
2009-11-13 20:00:00,171.03
2009-11-13 21:00:00,84.25
2009-11-13 22:00:00,87.53
2009-11-13 23:00:00,17.18
2009-11-14 00:00:00,22.75
2009-11-14 01:00:00,21.91
2009-11-14 02:00:00,24.02
2009-11-14 03:00:00,53.69
2009-11-14 04:00:00,20.04
2009-11-14 05:00:00,21.09
2009-11-14 06:00:00,36.39
2009-11-14 07:00:00,134.19
2009-11-14 08:00:00,108.21
2009-11-14 09:00:00,85.09
2009-11-14 10:00:00,103.17
2009-11-14 11:00:00,44.29
2009-11-14 12:00:00,113.71
2009-11-14 13:00:00,113.57
2009-11-14 14:00:00,123.13
2009-11-14 15:00:00,133.77
2009-11-14 16:00:00,103.77
2009-11-14 17:00:00,179.19
2009-11-14 18:00:00,195.28
2009-11-14 19:00:00,238.48
2009-11-14 20:00:00,187.36
2009-11-14 21:00:00,181.95
2009-11-14 22:00:00,176.44
2009-11-14 23:00:00,138.95
2009-11-15 00:00:00,130.29
2009-11-15 01:00:00,84.10
2009-11-15 02:00:00,82.26
2009-11-15 03:00:00,53.13
2009-11-15 04:00:00,21.07
2009-11-15 05:00:00,20.81
2009-11-15 06:00:00,19.84
2009-11-15 07:00:00,19.43
2009-11-15 08:00:00,47.02
2009-11-15 09:00:00,70.45
2009-11-15 10:00:00,80.20
2009-11-15 11:00:00,58.51
2009-11-15 12:00:00,31.74
2009-11-15 13:00:00,20.56
2009-11-15 14:00:00,19.42
2009-11-15 15:00:00,21.05
2009-11-15 16:00:00,108.85
2009-11-15 17:00:00,254.77
2009-11-15 18:00:00,263.59
2009-11-15 19:00:00,169.32
2009-11-15 20:00:00,122.43
2009-11-15 21:00:00,147.01
2009-11-15 22:00:00,95.54
2009-11-15 23:00:00,25.92
2009-11-16 00:00:00,21.25
2009-11-16 01:00:00,21.41
2009-11-16 02:00:00,20.71
2009-11-16 03:00:00,21.73
2009-11-16 04:00:00,48.75
2009-11-16 05:00:00,20.90
2009-11-16 06:00:00,48.43
2009-11-16 07:00:00,142.73
2009-11-16 08:00:00,144.04
2009-11-16 09:00:00,117.34
2009-11-16 10:00:00,81.26
2009-11-16 11:00:00,63.68
2009-11-16 12:00:00,19.35
2009-11-16 13:00:00,20.50
2009-11-16 14:00:00,20.56
2009-11-16 15:00:00,21.10
2009-11-16 16:00:00,18.55
2009-11-16 17:00:00,20.61
2009-11-16 18:00:00,61.47
2009-11-16 19:00:00,155.78
2009-11-16 20:00:00,134.59
2009-11-16 21:00:00,131.61
2009-11-16 22:00:00,111.99
2009-11-16 23:00:00,46.12
2009-11-17 00:00:00,23.89
2009-11-17 01:00:00,21.49
2009-11-17 02:00:00,20.33
2009-11-17 03:00:00,21.03
2009-11-17 04:00:00,17.56
2009-11-17 05:00:00,21.74
2009-11-17 06:00:00,41.86
2009-11-17 07:00:00,132.50
2009-11-17 08:00:00,150.74
2009-11-17 09:00:00,89.62
2009-11-17 10:00:00,103.61
2009-11-17 11:00:00,84.73
2009-11-17 12:00:00,90.48
2009-11-17 13:00:00,94.67
2009-11-17 14:00:00,54.68
2009-11-17 15:00:00,56.82
2009-11-17 16:00:00,60.03
2009-11-17 17:00:00,65.63
2009-11-17 18:00:00,60.31
2009-11-17 19:00:00,99.33
2009-11-17 20:00:00,134.45
2009-11-17 21:00:00,154.36
2009-11-17 22:00:00,81.45
2009-11-17 23:00:00,26.98
2009-11-18 00:00:00,23.21
2009-11-18 01:00:00,16.87
2009-11-18 02:00:00,18.99
2009-11-18 03:00:00,21.01
2009-11-18 04:00:00,16.61
2009-11-18 05:00:00,60.06
2009-11-18 06:00:00,52.93
2009-11-18 07:00:00,137.53
2009-11-18 08:00:00,113.99
2009-11-18 09:00:00,133.44
2009-11-18 10:00:00,135.28
2009-11-18 11:00:00,158.88
2009-11-18 12:00:00,159.59
2009-11-18 13:00:00,109.46
2009-11-18 14:00:00,114.81
2009-11-18 15:00:00,137.59
2009-11-18 16:00:00,205.06
2009-11-18 17:00:00,219.53
2009-11-18 18:00:00,164.60
2009-11-18 19:00:00,186.59
2009-11-18 20:00:00,200.06
2009-11-18 21:00:00,139.12
2009-11-18 22:00:00,58.31
2009-11-18 23:00:00,55.65
2009-11-19 00:00:00,53.66
2009-11-19 01:00:00,22.24
2009-11-19 02:00:00,20.72
2009-11-19 03:00:00,20.09
2009-11-19 04:00:00,19.61
2009-11-19 05:00:00,18.65
2009-11-19 06:00:00,28.56
2009-11-19 07:00:00,76.31
2009-11-19 08:00:00,159.01
2009-11-19 09:00:00,105.57
2009-11-19 10:00:00,87.69
2009-11-19 11:00:00,86.49
2009-11-19 12:00:00,85.57
2009-11-19 13:00:00,84.39
2009-11-19 14:00:00,80.83
2009-11-19 15:00:00,24.38
2009-11-19 16:00:00,22.48
2009-11-19 17:00:00,39.82
2009-11-19 18:00:00,66.48
2009-11-19 19:00:00,66.83
2009-11-19 20:00:00,92.79
2009-11-19 21:00:00,91.53
2009-11-19 22:00:00,76.83
2009-11-19 23:00:00,44.31
2009-11-20 00:00:00,21.76
2009-11-20 01:00:00,52.16
2009-11-20 02:00:00,32.12
2009-11-20 03:00:00,20.98
2009-11-20 04:00:00,19.99
2009-11-20 05:00:00,21.21
2009-11-20 06:00:00,24.94
2009-11-20 07:00:00,153.38
2009-11-20 08:00:00,142.58
2009-11-20 09:00:00,110.46
2009-11-20 10:00:00,117.34
2009-11-20 11:00:00,112.56
2009-11-20 12:00:00,90.99
2009-11-20 13:00:00,52.74
2009-11-20 14:00:00,32.94
2009-11-20 15:00:00,83.28
2009-11-20 16:00:00,42.69
2009-11-20 17:00:00,62.41
2009-11-20 18:00:00,103.93
2009-11-20 19:00:00,189.55
2009-11-20 20:00:00,209.59
2009-11-20 21:00:00,125.29
2009-11-20 22:00:00,85.94
2009-11-20 23:00:00,52.17
2009-11-21 00:00:00,35.20
2009-11-21 01:00:00,17.93
2009-11-21 02:00:00,22.01
2009-11-21 03:00:00,18.10
2009-11-21 04:00:00,21.17
2009-11-21 05:00:00,44.30
2009-11-21 06:00:00,41.75
2009-11-21 07:00:00,151.26
2009-11-21 08:00:00,97.30
2009-11-21 09:00:00,98.30
2009-11-21 10:00:00,64.76
2009-11-21 11:00:00,84.87
2009-11-21 12:00:00,86.14
2009-11-21 13:00:00,80.60
2009-11-21 14:00:00,26.46
2009-11-21 15:00:00,60.76
2009-11-21 16:00:00,144.45
2009-11-21 17:00:00,286.12
2009-11-21 18:00:00,254.36
2009-11-21 19:00:00,195.90
2009-11-21 20:00:00,212.29
2009-11-21 21:00:00,134.63
2009-11-21 22:00:00,199.79
2009-11-21 23:00:00,118.41
2009-11-22 00:00:00,167.26
2009-11-22 01:00:00,29.73
2009-11-22 02:00:00,20.91
2009-11-22 03:00:00,24.31
2009-11-22 04:00:00,19.45
2009-11-22 05:00:00,23.86
2009-11-22 06:00:00,19.70
2009-11-22 07:00:00,23.54
2009-11-22 08:00:00,86.03
2009-11-22 09:00:00,26.61
2009-11-22 10:00:00,93.22
2009-11-22 11:00:00,81.08
2009-11-22 12:00:00,113.37
2009-11-22 13:00:00,125.80
2009-11-22 14:00:00,129.93
2009-11-22 15:00:00,57.81
2009-11-22 16:00:00,89.97
2009-11-22 17:00:00,156.96
2009-11-22 18:00:00,172.17
2009-11-22 19:00:00,229.14
2009-11-22 20:00:00,306.91
2009-11-22 21:00:00,267.54
2009-11-22 22:00:00,102.45
2009-11-22 23:00:00,83.24
2009-11-23 00:00:00,18.90
2009-11-23 01:00:00,22.35
2009-11-23 02:00:00,18.95
2009-11-23 03:00:00,21.92
2009-11-23 04:00:00,17.61
2009-11-23 05:00:00,19.02
2009-11-23 06:00:00,48.49
2009-11-23 07:00:00,150.40
2009-11-23 08:00:00,94.10
2009-11-23 09:00:00,94.33
2009-11-23 10:00:00,42.66
2009-11-23 11:00:00,30.90
2009-11-23 12:00:00,30.17
2009-11-23 13:00:00,30.40
2009-11-23 14:00:00,31.06
2009-11-23 15:00:00,27.21
2009-11-23 16:00:00,33.17
2009-11-23 17:00:00,27.45
2009-11-23 18:00:00,100.91
2009-11-23 19:00:00,110.20
2009-11-23 20:00:00,147.31
2009-11-23 21:00:00,134.32
2009-11-23 22:00:00,135.84
2009-11-23 23:00:00,83.46
2009-11-24 00:00:00,27.56
2009-11-24 01:00:00,27.42
2009-11-24 02:00:00,27.89
2009-11-24 03:00:00,25.27
2009-11-24 04:00:00,25.98
2009-11-24 05:00:00,27.46
2009-11-24 06:00:00,55.25
2009-11-24 07:00:00,188.84
2009-11-24 08:00:00,160.18
2009-11-24 09:00:00,125.09
2009-11-24 10:00:00,98.67
2009-11-24 11:00:00,53.88
2009-11-24 12:00:00,87.67
2009-11-24 13:00:00,45.72
2009-11-24 14:00:00,47.26
2009-11-24 15:00:00,57.44
2009-11-24 16:00:00,56.88
2009-11-24 17:00:00,55.17
2009-11-24 18:00:00,84.11
2009-11-24 19:00:00,270.34
2009-11-24 20:00:00,192.49
2009-11-24 21:00:00,178.84
2009-11-24 22:00:00,157.02
2009-11-24 23:00:00,52.44
2009-11-25 00:00:00,22.53
2009-11-25 01:00:00,20.97
2009-11-25 02:00:00,21.25
2009-11-25 03:00:00,20.61
2009-11-25 04:00:00,20.96
2009-11-25 05:00:00,19.58
2009-11-25 06:00:00,53.01
2009-11-25 07:00:00,161.78
2009-11-25 08:00:00,98.50
2009-11-25 09:00:00,86.01
2009-11-25 10:00:00,88.84
2009-11-25 11:00:00,120.86
2009-11-25 12:00:00,94.47
2009-11-25 13:00:00,154.73
2009-11-25 14:00:00,64.40
2009-11-25 15:00:00,30.03
2009-11-25 16:00:00,129.17
2009-11-25 17:00:00,140.02
2009-11-25 18:00:00,130.31
2009-11-25 19:00:00,199.54
2009-11-25 20:00:00,133.09
2009-11-25 21:00:00,82.34
2009-11-25 22:00:00,33.50
2009-11-25 23:00:00,53.61
2009-11-26 00:00:00,27.56
2009-11-26 01:00:00,18.06
2009-11-26 02:00:00,21.00
2009-11-26 03:00:00,18.15
2009-11-26 04:00:00,19.64
2009-11-26 05:00:00,18.70
2009-11-26 06:00:00,78.43
2009-11-26 07:00:00,131.80
2009-11-26 08:00:00,140.11
2009-11-26 09:00:00,116.10
2009-11-26 10:00:00,88.48
2009-11-26 11:00:00,85.05
2009-11-26 12:00:00,83.25
2009-11-26 13:00:00,33.83
2009-11-26 14:00:00,31.49
2009-11-26 15:00:00,43.77
2009-11-26 16:00:00,32.35
2009-11-26 17:00:00,49.74
2009-11-26 18:00:00,54.43
2009-11-26 19:00:00,63.16
2009-11-26 20:00:00,228.85
2009-11-26 21:00:00,111.49
2009-11-26 22:00:00,38.91
2009-11-26 23:00:00,65.29
2009-11-27 00:00:00,20.93
2009-11-27 01:00:00,18.00
2009-11-27 02:00:00,22.09
2009-11-27 03:00:00,16.82
2009-11-27 04:00:00,58.32
2009-11-27 05:00:00,21.94
2009-11-27 06:00:00,31.00
2009-11-27 07:00:00,84.15
2009-11-27 08:00:00,89.75
2009-11-27 09:00:00,105.94
2009-11-27 10:00:00,91.56
2009-11-27 11:00:00,99.74
2009-11-27 12:00:00,82.57
2009-11-27 13:00:00,88.29
2009-11-27 14:00:00,82.49
2009-11-27 15:00:00,22.52
2009-11-27 16:00:00,21.39
2009-11-27 17:00:00,25.18
2009-11-27 18:00:00,74.26
2009-11-27 19:00:00,87.07
2009-11-27 20:00:00,24.58
2009-11-27 21:00:00,79.80
2009-11-27 22:00:00,112.22
2009-11-27 23:00:00,19.40
2009-11-28 00:00:00,16.24
2009-11-28 01:00:00,21.81
2009-11-28 02:00:00,16.94
2009-11-28 03:00:00,18.96
2009-11-28 04:00:00,20.00
2009-11-28 05:00:00,18.03
2009-11-28 06:00:00,32.37
2009-11-28 07:00:00,112.10
2009-11-28 08:00:00,98.25
2009-11-28 09:00:00,95.07
2009-11-28 10:00:00,81.92
2009-11-28 11:00:00,48.35
2009-11-28 12:00:00,49.45
2009-11-28 13:00:00,124.60
2009-11-28 14:00:00,98.71
2009-11-28 15:00:00,44.78
2009-11-28 16:00:00,90.89
2009-11-28 17:00:00,196.92
2009-11-28 18:00:00,172.61
2009-11-28 19:00:00,103.66
2009-11-28 20:00:00,122.75
2009-11-28 21:00:00,95.66
2009-11-28 22:00:00,92.29
2009-11-28 23:00:00,86.62
2009-11-29 00:00:00,34.72
2009-11-29 01:00:00,19.99
2009-11-29 02:00:00,19.92
2009-11-29 03:00:00,19.49
2009-11-29 04:00:00,20.09
2009-11-29 05:00:00,17.14
2009-11-29 06:00:00,21.20
2009-11-29 07:00:00,18.89
2009-11-29 08:00:00,106.77
2009-11-29 09:00:00,49.70
2009-11-29 10:00:00,91.32
2009-11-29 11:00:00,209.02
2009-11-29 12:00:00,126.86
2009-11-29 13:00:00,51.94
2009-11-29 14:00:00,121.19
2009-11-29 15:00:00,81.28
2009-11-29 16:00:00,57.87
2009-11-29 17:00:00,67.19
2009-11-29 18:00:00,100.29
2009-11-29 19:00:00,100.64
2009-11-29 20:00:00,125.31
2009-11-29 21:00:00,97.60
2009-11-29 22:00:00,68.42
2009-11-29 23:00:00,24.13
2009-11-30 00:00:00,31.44
2009-11-30 01:00:00,70.22
2009-11-30 02:00:00,21.51
2009-11-30 03:00:00,23.69
2009-11-30 04:00:00,24.79
2009-11-30 05:00:00,21.68
2009-11-30 06:00:00,58.96
2009-11-30 07:00:00,152.34
2009-11-30 08:00:00,94.06
2009-11-30 09:00:00,82.86
2009-11-30 10:00:00,27.24
2009-11-30 11:00:00,101.50
2009-11-30 12:00:00,87.60
2009-11-30 13:00:00,91.69
2009-11-30 14:00:00,89.93
2009-11-30 15:00:00,90.44
2009-11-30 16:00:00,30.53
2009-11-30 17:00:00,64.75
2009-11-30 18:00:00,81.72
2009-11-30 19:00:00,110.25
2009-11-30 20:00:00,150.59
2009-11-30 21:00:00,124.58
2009-11-30 22:00:00,87.75
2009-11-30 23:00:00,25.08
2009-12-01 00:00:00,23.35
2009-12-01 01:00:00,21.75
2009-12-01 02:00:00,24.11
2009-12-01 03:00:00,22.30
2009-12-01 04:00:00,44.76
2009-12-01 05:00:00,44.24
2009-12-01 06:00:00,68.18
2009-12-01 07:00:00,154.16
2009-12-01 08:00:00,161.08
2009-12-01 09:00:00,108.79
2009-12-01 10:00:00,100.05
2009-12-01 11:00:00,89.03
2009-12-01 12:00:00,86.94
2009-12-01 13:00:00,50.27
2009-12-01 14:00:00,39.90
2009-12-01 15:00:00,31.45
2009-12-01 16:00:00,62.78
2009-12-01 17:00:00,63.69
2009-12-01 18:00:00,88.65
2009-12-01 19:00:00,120.68
2009-12-01 20:00:00,135.84
2009-12-01 21:00:00,143.94
2009-12-01 22:00:00,45.03
2009-12-01 23:00:00,25.41
2009-12-02 00:00:00,48.90
2009-12-02 01:00:00,29.01
2009-12-02 02:00:00,51.33
2009-12-02 03:00:00,22.54
2009-12-02 04:00:00,17.91
2009-12-02 05:00:00,19.40
2009-12-02 06:00:00,48.61
2009-12-02 07:00:00,141.11
2009-12-02 08:00:00,115.20
2009-12-02 09:00:00,110.16
2009-12-02 10:00:00,89.49
2009-12-02 11:00:00,126.98
2009-12-02 12:00:00,101.12
2009-12-02 13:00:00,108.92
2009-12-02 14:00:00,140.49
2009-12-02 15:00:00,150.34
2009-12-02 16:00:00,123.40
2009-12-02 17:00:00,170.19
2009-12-02 18:00:00,143.14
2009-12-02 19:00:00,132.27
2009-12-02 20:00:00,162.76
2009-12-02 21:00:00,137.03
2009-12-02 22:00:00,109.95
2009-12-02 23:00:00,45.40
2009-12-03 00:00:00,35.45
2009-12-03 01:00:00,24.28
2009-12-03 02:00:00,23.84
2009-12-03 03:00:00,24.06
2009-12-03 04:00:00,24.10
2009-12-03 05:00:00,27.79
2009-12-03 06:00:00,74.53
2009-12-03 07:00:00,129.45
2009-12-03 08:00:00,146.90
2009-12-03 09:00:00,115.73
2009-12-03 10:00:00,90.17
2009-12-03 11:00:00,86.81
2009-12-03 12:00:00,37.32
2009-12-03 13:00:00,23.10
2009-12-03 14:00:00,21.23
2009-12-03 15:00:00,26.76
2009-12-03 16:00:00,20.84
2009-12-03 17:00:00,34.09
2009-12-03 18:00:00,54.50
2009-12-03 19:00:00,95.21
2009-12-03 20:00:00,140.06
2009-12-03 21:00:00,95.94
2009-12-03 22:00:00,94.81
2009-12-03 23:00:00,32.73
2009-12-04 00:00:00,22.74
2009-12-04 01:00:00,24.50
2009-12-04 02:00:00,24.75
2009-12-04 03:00:00,25.02
2009-12-04 04:00:00,21.71
2009-12-04 05:00:00,25.01
2009-12-04 06:00:00,81.29
2009-12-04 07:00:00,132.72
2009-12-04 08:00:00,136.42
2009-12-04 09:00:00,115.33
2009-12-04 10:00:00,111.72
2009-12-04 11:00:00,51.06
2009-12-04 12:00:00,41.53
2009-12-04 13:00:00,33.15
2009-12-04 14:00:00,47.46
2009-12-04 15:00:00,88.00
2009-12-04 16:00:00,64.63
2009-12-04 17:00:00,63.18
2009-12-04 18:00:00,74.30
2009-12-04 19:00:00,105.97
2009-12-04 20:00:00,178.07
2009-12-04 21:00:00,141.71
2009-12-04 22:00:00,75.54
2009-12-04 23:00:00,25.51
2009-12-05 00:00:00,23.52
2009-12-05 01:00:00,26.47
2009-12-05 02:00:00,22.65
2009-12-05 03:00:00,56.24
2009-12-05 04:00:00,26.33
2009-12-05 05:00:00,24.60
2009-12-05 06:00:00,36.64
2009-12-05 07:00:00,164.15
2009-12-05 08:00:00,130.05
2009-12-05 09:00:00,87.99
2009-12-05 10:00:00,53.23
2009-12-05 11:00:00,64.11
2009-12-05 12:00:00,93.76
2009-12-05 13:00:00,32.92
2009-12-05 14:00:00,37.14
2009-12-05 15:00:00,41.65
2009-12-05 16:00:00,77.96
2009-12-05 17:00:00,183.67
2009-12-05 18:00:00,221.99
2009-12-05 19:00:00,239.94
2009-12-05 20:00:00,190.70
2009-12-05 21:00:00,194.54
2009-12-05 22:00:00,139.13
2009-12-05 23:00:00,182.39
2009-12-06 00:00:00,132.03
2009-12-06 01:00:00,71.55
2009-12-06 02:00:00,23.93
2009-12-06 03:00:00,21.82
2009-12-06 04:00:00,19.67
2009-12-06 05:00:00,25.21
2009-12-06 06:00:00,18.92
2009-12-06 07:00:00,24.78
2009-12-06 08:00:00,99.32
2009-12-06 09:00:00,39.28
2009-12-06 10:00:00,56.28
2009-12-06 11:00:00,223.67
2009-12-06 12:00:00,157.98
2009-12-06 13:00:00,85.46
2009-12-06 14:00:00,191.99
2009-12-06 15:00:00,131.33
2009-12-06 16:00:00,70.83
2009-12-06 17:00:00,186.52
2009-12-06 18:00:00,219.70
2009-12-06 19:00:00,176.75
2009-12-06 20:00:00,148.22
2009-12-06 21:00:00,143.80
2009-12-06 22:00:00,73.60
2009-12-06 23:00:00,35.64
2009-12-07 00:00:00,22.20
2009-12-07 01:00:00,21.91
2009-12-07 02:00:00,19.09
2009-12-07 03:00:00,20.15
2009-12-07 04:00:00,24.67
2009-12-07 05:00:00,46.55
2009-12-07 06:00:00,70.50
2009-12-07 07:00:00,130.99
2009-12-07 08:00:00,156.30
2009-12-07 09:00:00,151.84
2009-12-07 10:00:00,92.69
2009-12-07 11:00:00,96.77
2009-12-07 12:00:00,88.42
2009-12-07 13:00:00,84.73
2009-12-07 14:00:00,33.71
2009-12-07 15:00:00,34.86
2009-12-07 16:00:00,37.28
2009-12-07 17:00:00,50.43
2009-12-07 18:00:00,138.49
2009-12-07 19:00:00,96.72
2009-12-07 20:00:00,103.43
2009-12-07 21:00:00,130.70
2009-12-07 22:00:00,69.37
2009-12-07 23:00:00,20.85
2009-12-08 00:00:00,38.69
2009-12-08 01:00:00,41.17
2009-12-08 02:00:00,22.61
2009-12-08 03:00:00,19.76
2009-12-08 04:00:00,18.64
2009-12-08 05:00:00,19.82
2009-12-08 06:00:00,45.17
2009-12-08 07:00:00,163.41
2009-12-08 08:00:00,130.63
2009-12-08 09:00:00,108.67
2009-12-08 10:00:00,93.92
2009-12-08 11:00:00,89.95
2009-12-08 12:00:00,100.89
2009-12-08 13:00:00,98.97
2009-12-08 14:00:00,69.19
2009-12-08 15:00:00,33.03
2009-12-08 16:00:00,36.46
2009-12-08 17:00:00,98.97
2009-12-08 18:00:00,152.66
2009-12-08 19:00:00,167.71
2009-12-08 20:00:00,175.41
2009-12-08 21:00:00,165.85
2009-12-08 22:00:00,97.36
2009-12-08 23:00:00,17.95
2009-12-09 00:00:00,23.70
2009-12-09 01:00:00,17.53
2009-12-09 02:00:00,18.96
2009-12-09 03:00:00,18.96
2009-12-09 04:00:00,20.76
2009-12-09 05:00:00,19.77
2009-12-09 06:00:00,70.31
2009-12-09 07:00:00,153.83
2009-12-09 08:00:00,114.16
2009-12-09 09:00:00,114.07
2009-12-09 10:00:00,80.28
2009-12-09 11:00:00,19.53
2009-12-09 12:00:00,59.66
2009-12-09 13:00:00,32.86
2009-12-09 14:00:00,24.60
2009-12-09 15:00:00,114.20
2009-12-09 16:00:00,140.39
2009-12-09 17:00:00,107.23
2009-12-09 18:00:00,155.99
2009-12-09 19:00:00,110.58
2009-12-09 20:00:00,101.25
2009-12-09 21:00:00,112.41
2009-12-09 22:00:00,135.60
2009-12-09 23:00:00,35.75
2009-12-10 00:00:00,17.70
2009-12-10 01:00:00,23.92
2009-12-10 02:00:00,17.23
2009-12-10 03:00:00,20.62
2009-12-10 04:00:00,20.66
2009-12-10 05:00:00,18.62
2009-12-10 06:00:00,73.91
2009-12-10 07:00:00,148.73
2009-12-10 08:00:00,146.75
2009-12-10 09:00:00,80.08
2009-12-10 10:00:00,86.11
2009-12-10 11:00:00,83.87
2009-12-10 12:00:00,85.01
2009-12-10 13:00:00,86.23
2009-12-10 14:00:00,84.20
2009-12-10 15:00:00,87.40
2009-12-10 16:00:00,87.39
2009-12-10 17:00:00,89.75
2009-12-10 18:00:00,70.96
2009-12-10 19:00:00,189.66
2009-12-10 20:00:00,167.50
2009-12-10 21:00:00,200.57
2009-12-10 22:00:00,102.86
2009-12-10 23:00:00,68.30
2009-12-11 00:00:00,21.17
2009-12-11 01:00:00,19.74
2009-12-11 02:00:00,20.59
2009-12-11 03:00:00,17.02
2009-12-11 04:00:00,20.01
2009-12-11 05:00:00,20.56
2009-12-11 06:00:00,34.07
2009-12-11 07:00:00,151.85
2009-12-11 08:00:00,140.93
2009-12-11 09:00:00,109.20
2009-12-11 10:00:00,88.34
2009-12-11 11:00:00,89.58
2009-12-11 12:00:00,33.28
2009-12-11 13:00:00,38.44
2009-12-11 14:00:00,43.06
2009-12-11 15:00:00,124.72
2009-12-11 16:00:00,126.24
2009-12-11 17:00:00,102.68
2009-12-11 18:00:00,157.16
2009-12-11 19:00:00,137.08
2009-12-11 20:00:00,73.18
2009-12-11 21:00:00,91.70
2009-12-11 22:00:00,50.42
2009-12-11 23:00:00,73.45
2009-12-12 00:00:00,20.50
2009-12-12 01:00:00,20.53
2009-12-12 02:00:00,22.18
2009-12-12 03:00:00,19.83
2009-12-12 04:00:00,19.12
2009-12-12 05:00:00,23.20
2009-12-12 06:00:00,69.85
2009-12-12 07:00:00,171.07
2009-12-12 08:00:00,102.29
2009-12-12 09:00:00,81.50
2009-12-12 10:00:00,22.91
2009-12-12 11:00:00,40.65
2009-12-12 12:00:00,47.13
2009-12-12 13:00:00,44.97
2009-12-12 14:00:00,71.11
2009-12-12 15:00:00,63.77
2009-12-12 16:00:00,81.79
2009-12-12 17:00:00,254.48
2009-12-12 18:00:00,134.04
2009-12-12 19:00:00,158.33
2009-12-12 20:00:00,181.40
2009-12-12 21:00:00,62.90
2009-12-12 22:00:00,69.71
2009-12-12 23:00:00,33.13
2009-12-13 00:00:00,49.13
2009-12-13 01:00:00,21.75
2009-12-13 02:00:00,20.06
2009-12-13 03:00:00,17.93
2009-12-13 04:00:00,21.06
2009-12-13 05:00:00,17.54
2009-12-13 06:00:00,18.70
2009-12-13 07:00:00,18.93
2009-12-13 08:00:00,57.12
2009-12-13 09:00:00,133.91
2009-12-13 10:00:00,72.31
2009-12-13 11:00:00,132.18
2009-12-13 12:00:00,157.15
2009-12-13 13:00:00,143.29
2009-12-13 14:00:00,158.05
2009-12-13 15:00:00,142.26
2009-12-13 16:00:00,135.78
2009-12-13 17:00:00,112.45
2009-12-13 18:00:00,162.72
2009-12-13 19:00:00,166.30
2009-12-13 20:00:00,127.27
2009-12-13 21:00:00,152.16
2009-12-13 22:00:00,81.94
2009-12-13 23:00:00,18.82
2009-12-14 00:00:00,20.45
2009-12-14 01:00:00,19.32
2009-12-14 02:00:00,19.45
2009-12-14 03:00:00,20.61
2009-12-14 04:00:00,19.71
2009-12-14 05:00:00,49.99
2009-12-14 06:00:00,59.46
2009-12-14 07:00:00,151.31
2009-12-14 08:00:00,86.16
2009-12-14 09:00:00,88.14
2009-12-14 10:00:00,27.02
2009-12-14 11:00:00,17.31
2009-12-14 12:00:00,21.12
2009-12-14 13:00:00,17.38
2009-12-14 14:00:00,18.29
2009-12-14 15:00:00,37.28
2009-12-14 16:00:00,43.78
2009-12-14 17:00:00,117.02
2009-12-14 18:00:00,222.14
2009-12-14 19:00:00,158.21
2009-12-14 20:00:00,153.78
2009-12-14 21:00:00,241.28
2009-12-14 22:00:00,140.78
2009-12-14 23:00:00,44.86
2009-12-15 00:00:00,26.39
2009-12-15 01:00:00,19.74
2009-12-15 02:00:00,23.83
2009-12-15 03:00:00,20.03
2009-12-15 04:00:00,40.60
2009-12-15 05:00:00,44.28
2009-12-15 06:00:00,32.47
2009-12-15 07:00:00,122.92
2009-12-15 08:00:00,174.01
2009-12-15 09:00:00,87.39
2009-12-15 10:00:00,90.68
2009-12-15 11:00:00,94.08
2009-12-15 12:00:00,89.63
2009-12-15 13:00:00,119.28
2009-12-15 14:00:00,96.52
2009-12-15 15:00:00,104.55
2009-12-15 16:00:00,124.06
2009-12-15 17:00:00,69.49
2009-12-15 18:00:00,83.17
2009-12-15 19:00:00,101.64
2009-12-15 20:00:00,103.35
2009-12-15 21:00:00,149.18
2009-12-15 22:00:00,102.30
2009-12-15 23:00:00,20.53
2009-12-16 00:00:00,17.70
2009-12-16 01:00:00,18.45
2009-12-16 02:00:00,19.75
2009-12-16 03:00:00,17.83
2009-12-16 04:00:00,18.66
2009-12-16 05:00:00,47.01
2009-12-16 06:00:00,49.30
2009-12-16 07:00:00,171.08
2009-12-16 08:00:00,90.21
2009-12-16 09:00:00,86.86
2009-12-16 10:00:00,62.60
2009-12-16 11:00:00,54.15
2009-12-16 12:00:00,26.02
2009-12-16 13:00:00,31.03
2009-12-16 14:00:00,53.85
2009-12-16 15:00:00,94.89
2009-12-16 16:00:00,92.99
2009-12-16 17:00:00,44.01
2009-12-16 18:00:00,35.91
2009-12-16 19:00:00,64.49
2009-12-16 20:00:00,153.81
2009-12-16 21:00:00,93.28
2009-12-16 22:00:00,21.07
2009-12-16 23:00:00,29.90
2009-12-17 00:00:00,19.70
2009-12-17 01:00:00,17.37
2009-12-17 02:00:00,19.81
2009-12-17 03:00:00,18.99
2009-12-17 04:00:00,55.38
2009-12-17 05:00:00,19.64
2009-12-17 06:00:00,82.56
2009-12-17 07:00:00,117.62
2009-12-17 08:00:00,135.43
2009-12-17 09:00:00,84.68
2009-12-17 10:00:00,83.26
2009-12-17 11:00:00,87.07
2009-12-17 12:00:00,86.14
2009-12-17 13:00:00,86.46
2009-12-17 14:00:00,91.66
2009-12-17 15:00:00,87.90
2009-12-17 16:00:00,24.87
2009-12-17 17:00:00,42.32
2009-12-17 18:00:00,70.45
2009-12-17 19:00:00,156.64
2009-12-17 20:00:00,125.51
2009-12-17 21:00:00,82.57
2009-12-17 22:00:00,94.05
2009-12-17 23:00:00,27.13
2009-12-18 00:00:00,19.42
2009-12-18 01:00:00,17.51
2009-12-18 02:00:00,19.23
2009-12-18 03:00:00,19.30
2009-12-18 04:00:00,17.12
2009-12-18 05:00:00,19.12
2009-12-18 06:00:00,85.11
2009-12-18 07:00:00,147.54
2009-12-18 08:00:00,165.78
2009-12-18 09:00:00,121.02
2009-12-18 10:00:00,85.43
2009-12-18 11:00:00,46.32
2009-12-18 12:00:00,29.61
2009-12-18 13:00:00,33.88
2009-12-18 14:00:00,84.53
2009-12-18 15:00:00,99.93
2009-12-18 16:00:00,92.35
2009-12-18 17:00:00,70.20
2009-12-18 18:00:00,79.57
2009-12-18 19:00:00,134.49
2009-12-18 20:00:00,97.00
2009-12-18 21:00:00,139.63
2009-12-18 22:00:00,88.81
2009-12-18 23:00:00,31.79
2009-12-19 00:00:00,62.81
2009-12-19 01:00:00,83.97
2009-12-19 02:00:00,83.04
2009-12-19 03:00:00,82.80
2009-12-19 04:00:00,85.03
2009-12-19 05:00:00,116.64
2009-12-19 06:00:00,98.27
2009-12-19 07:00:00,202.14
2009-12-19 08:00:00,158.31
2009-12-19 09:00:00,85.13
2009-12-19 10:00:00,93.73
2009-12-19 11:00:00,153.05
2009-12-19 12:00:00,162.19
2009-12-19 13:00:00,132.62
2009-12-19 14:00:00,119.55
2009-12-19 15:00:00,97.84
2009-12-19 16:00:00,84.18
2009-12-19 17:00:00,83.76
2009-12-19 18:00:00,28.09
2009-12-19 19:00:00,87.38
2009-12-19 20:00:00,37.94
2009-12-19 21:00:00,21.63
2009-12-19 22:00:00,22.18
2009-12-19 23:00:00,22.06
2009-12-20 00:00:00,20.26
2009-12-20 01:00:00,81.71
2009-12-20 02:00:00,36.09
2009-12-20 03:00:00,15.60
2009-12-20 04:00:00,15.49
2009-12-20 05:00:00,16.90
2009-12-20 06:00:00,15.82
2009-12-20 07:00:00,15.02
2009-12-20 08:00:00,162.58
2009-12-20 09:00:00,126.63
2009-12-20 10:00:00,93.83
2009-12-20 11:00:00,88.72
2009-12-20 12:00:00,90.18
2009-12-20 13:00:00,79.56
2009-12-20 14:00:00,21.51
2009-12-20 15:00:00,23.22
2009-12-20 16:00:00,20.18
2009-12-20 17:00:00,21.44
2009-12-20 18:00:00,20.53
2009-12-20 19:00:00,22.17
2009-12-20 20:00:00,20.49
2009-12-20 21:00:00,59.09
2009-12-20 22:00:00,48.62
2009-12-20 23:00:00,28.50
2009-12-21 00:00:00,16.20
2009-12-21 01:00:00,15.26
2009-12-21 02:00:00,41.62
2009-12-21 03:00:00,35.87
2009-12-21 04:00:00,14.68
2009-12-21 05:00:00,18.58
2009-12-21 06:00:00,34.36
2009-12-21 07:00:00,101.20
2009-12-21 08:00:00,62.45
2009-12-21 09:00:00,25.11
2009-12-21 10:00:00,26.56
2009-12-21 11:00:00,52.82
2009-12-21 12:00:00,112.03
2009-12-21 13:00:00,104.80
2009-12-21 14:00:00,95.05
2009-12-21 15:00:00,112.68
2009-12-21 16:00:00,121.16
2009-12-21 17:00:00,95.02
2009-12-21 18:00:00,84.53
2009-12-21 19:00:00,199.52
2009-12-21 20:00:00,252.69
2009-12-21 21:00:00,175.95
2009-12-21 22:00:00,134.94
2009-12-21 23:00:00,101.89
2009-12-22 00:00:00,24.23
2009-12-22 01:00:00,17.55
2009-12-22 02:00:00,18.37
2009-12-22 03:00:00,16.45
2009-12-22 04:00:00,15.47
2009-12-22 05:00:00,17.63
2009-12-22 06:00:00,70.69
2009-12-22 07:00:00,121.67
2009-12-22 08:00:00,92.67
2009-12-22 09:00:00,116.42
2009-12-22 10:00:00,82.54
2009-12-22 11:00:00,101.10
2009-12-22 12:00:00,86.78
2009-12-22 13:00:00,91.23
2009-12-22 14:00:00,69.94
2009-12-22 15:00:00,29.58
2009-12-22 16:00:00,52.27
2009-12-22 17:00:00,81.60
2009-12-22 18:00:00,154.73
2009-12-22 19:00:00,162.60
2009-12-22 20:00:00,134.53
2009-12-22 21:00:00,147.89
2009-12-22 22:00:00,95.64
2009-12-22 23:00:00,86.43
2009-12-23 00:00:00,81.36
2009-12-23 01:00:00,82.23
2009-12-23 02:00:00,84.85
2009-12-23 03:00:00,85.02
2009-12-23 04:00:00,83.74
2009-12-23 05:00:00,83.68
2009-12-23 06:00:00,32.27
2009-12-23 07:00:00,101.68
2009-12-23 08:00:00,123.72
2009-12-23 09:00:00,83.66
2009-12-23 10:00:00,53.94
2009-12-23 11:00:00,14.96
2009-12-23 12:00:00,16.87
2009-12-23 13:00:00,17.71
2009-12-23 14:00:00,17.06
2009-12-23 15:00:00,15.32
2009-12-23 16:00:00,20.74
2009-12-23 17:00:00,56.42
2009-12-23 18:00:00,107.00
2009-12-23 19:00:00,119.19
2009-12-23 20:00:00,58.79
2009-12-23 21:00:00,73.26
2009-12-23 22:00:00,23.55
2009-12-23 23:00:00,18.18
2009-12-24 00:00:00,15.22
2009-12-24 01:00:00,15.65
2009-12-24 02:00:00,17.76
2009-12-24 03:00:00,16.52
2009-12-24 04:00:00,14.71
2009-12-24 05:00:00,51.17
2009-12-24 06:00:00,28.10
2009-12-24 07:00:00,44.21
2009-12-24 08:00:00,61.09
2009-12-24 09:00:00,63.19
2009-12-24 10:00:00,33.16
2009-12-24 11:00:00,96.69
2009-12-24 12:00:00,101.53
2009-12-24 13:00:00,89.56
2009-12-24 14:00:00,90.10
2009-12-24 15:00:00,210.52
2009-12-24 16:00:00,272.00
2009-12-24 17:00:00,280.26
2009-12-24 18:00:00,273.78
2009-12-24 19:00:00,280.51
2009-12-24 20:00:00,263.64
2009-12-24 21:00:00,178.30
2009-12-24 22:00:00,177.46
2009-12-24 23:00:00,230.79
2009-12-25 00:00:00,99.64
2009-12-25 01:00:00,84.34
2009-12-25 02:00:00,65.96
2009-12-25 03:00:00,18.55
2009-12-25 04:00:00,18.02
2009-12-25 05:00:00,21.05
2009-12-25 06:00:00,17.58
2009-12-25 07:00:00,25.92
2009-12-25 08:00:00,61.15
2009-12-25 09:00:00,121.95
2009-12-25 10:00:00,167.11
2009-12-25 11:00:00,52.66
2009-12-25 12:00:00,80.86
2009-12-25 13:00:00,59.52
2009-12-25 14:00:00,96.98
2009-12-25 15:00:00,219.72
2009-12-25 16:00:00,95.69
2009-12-25 17:00:00,193.75
2009-12-25 18:00:00,157.78
2009-12-25 19:00:00,102.97
2009-12-25 20:00:00,89.63
2009-12-25 21:00:00,89.63
2009-12-25 22:00:00,99.92
2009-12-25 23:00:00,87.27
2009-12-26 00:00:00,87.90
2009-12-26 01:00:00,84.46
2009-12-26 02:00:00,82.79
2009-12-26 03:00:00,84.66
2009-12-26 04:00:00,17.82
2009-12-26 05:00:00,18.72
2009-12-26 06:00:00,17.59
2009-12-26 07:00:00,20.98
2009-12-26 08:00:00,31.50
2009-12-26 09:00:00,126.59
2009-12-26 10:00:00,171.32
2009-12-26 11:00:00,165.67
2009-12-26 12:00:00,149.14
2009-12-26 13:00:00,111.67
2009-12-26 14:00:00,102.64
2009-12-26 15:00:00,28.22
2009-12-26 16:00:00,50.22
2009-12-26 17:00:00,129.61
2009-12-26 18:00:00,121.47
2009-12-26 19:00:00,146.80
2009-12-26 20:00:00,117.21
2009-12-26 21:00:00,116.61
2009-12-26 22:00:00,104.10
2009-12-26 23:00:00,95.94
2009-12-27 00:00:00,89.96
2009-12-27 01:00:00,31.09
2009-12-27 02:00:00,19.50
2009-12-27 03:00:00,18.07
2009-12-27 04:00:00,27.96
2009-12-27 05:00:00,17.11
2009-12-27 06:00:00,18.47
2009-12-27 07:00:00,19.85
2009-12-27 08:00:00,54.36
2009-12-27 09:00:00,63.12
2009-12-27 10:00:00,73.32
2009-12-27 11:00:00,86.16
2009-12-27 12:00:00,87.16
2009-12-27 13:00:00,143.04
2009-12-27 14:00:00,112.04
2009-12-27 15:00:00,123.99
2009-12-27 16:00:00,123.56
2009-12-27 17:00:00,156.21
2009-12-27 18:00:00,173.08
2009-12-27 19:00:00,178.37
2009-12-27 20:00:00,213.80
2009-12-27 21:00:00,166.82
2009-12-27 22:00:00,126.35
2009-12-27 23:00:00,72.08
2009-12-28 00:00:00,26.68
2009-12-28 01:00:00,19.81
2009-12-28 02:00:00,36.44
2009-12-28 03:00:00,39.48
2009-12-28 04:00:00,20.48
2009-12-28 05:00:00,19.37
2009-12-28 06:00:00,20.59
2009-12-28 07:00:00,24.11
2009-12-28 08:00:00,92.94
2009-12-28 09:00:00,150.96
2009-12-28 10:00:00,131.84
2009-12-28 11:00:00,86.99
2009-12-28 12:00:00,86.39
2009-12-28 13:00:00,89.99
2009-12-28 14:00:00,87.86
2009-12-28 15:00:00,103.06
2009-12-28 16:00:00,134.85
2009-12-28 17:00:00,77.58
2009-12-28 18:00:00,189.08
2009-12-28 19:00:00,189.44
2009-12-28 20:00:00,156.49
2009-12-28 21:00:00,152.70
2009-12-28 22:00:00,117.03
2009-12-28 23:00:00,39.94
2009-12-29 00:00:00,20.06
2009-12-29 01:00:00,20.37
2009-12-29 02:00:00,20.18
2009-12-29 03:00:00,21.59
2009-12-29 04:00:00,21.82
2009-12-29 05:00:00,32.18
2009-12-29 06:00:00,43.53
2009-12-29 07:00:00,54.59
2009-12-29 08:00:00,88.10
2009-12-29 09:00:00,185.34
2009-12-29 10:00:00,129.47
2009-12-29 11:00:00,124.84
2009-12-29 12:00:00,119.33
2009-12-29 13:00:00,104.34
2009-12-29 14:00:00,194.62
2009-12-29 15:00:00,168.81
2009-12-29 16:00:00,94.11
2009-12-29 17:00:00,107.40
2009-12-29 18:00:00,150.35
2009-12-29 19:00:00,96.82
2009-12-29 20:00:00,42.90
2009-12-29 21:00:00,57.15
2009-12-29 22:00:00,80.85
2009-12-29 23:00:00,69.22
2009-12-30 00:00:00,21.82
2009-12-30 01:00:00,21.21
2009-12-30 02:00:00,18.30
2009-12-30 03:00:00,21.99
2009-12-30 04:00:00,19.54
2009-12-30 05:00:00,20.81
2009-12-30 06:00:00,55.29
2009-12-30 07:00:00,25.93
2009-12-30 08:00:00,94.52
2009-12-30 09:00:00,157.94
2009-12-30 10:00:00,157.23
2009-12-30 11:00:00,202.04
2009-12-30 12:00:00,189.06
2009-12-30 13:00:00,168.12
2009-12-30 14:00:00,118.50
2009-12-30 15:00:00,91.69
2009-12-30 16:00:00,135.53
2009-12-30 17:00:00,103.41
2009-12-30 18:00:00,94.36
2009-12-30 19:00:00,227.31
2009-12-30 20:00:00,250.43
2009-12-30 21:00:00,177.91
2009-12-30 22:00:00,54.62
2009-12-30 23:00:00,23.55
2009-12-31 00:00:00,20.26
2009-12-31 01:00:00,22.32
2009-12-31 02:00:00,21.85
2009-12-31 03:00:00,21.84
2009-12-31 04:00:00,19.17
2009-12-31 05:00:00,57.49
2009-12-31 06:00:00,25.64
2009-12-31 07:00:00,74.82
2009-12-31 08:00:00,97.84
2009-12-31 09:00:00,112.65
2009-12-31 10:00:00,124.02
2009-12-31 11:00:00,96.76
2009-12-31 12:00:00,93.50
2009-12-31 13:00:00,123.13
2009-12-31 14:00:00,87.41
2009-12-31 15:00:00,91.09
2009-12-31 16:00:00,84.96
2009-12-31 17:00:00,108.74
2009-12-31 18:00:00,178.07
2009-12-31 19:00:00,183.77
2009-12-31 20:00:00,170.55
2009-12-31 21:00:00,172.52
2009-12-31 22:00:00,122.06
2009-12-31 23:00:00,101.43
2010-01-01 00:00:00,65.15
2010-01-01 01:00:00,39.07
2010-01-01 02:00:00,38.08
2010-01-01 03:00:00,39.18
2010-01-01 04:00:00,38.76
2010-01-01 05:00:00,37.70
2010-01-01 06:00:00,36.66
2010-01-01 07:00:00,36.75
2010-01-01 08:00:00,39.61
2010-01-01 09:00:00,36.36
2010-01-01 10:00:00,88.31
2010-01-01 11:00:00,50.07
2010-01-01 12:00:00,36.38
2010-01-01 13:00:00,75.14
2010-01-01 14:00:00,117.39
2010-01-01 15:00:00,45.15
2010-01-01 16:00:00,168.06
2010-01-01 17:00:00,69.73
2010-01-01 18:00:00,29.58
2010-01-01 19:00:00,24.42
2010-01-01 20:00:00,25.97
2010-01-01 21:00:00,27.28
2010-01-01 22:00:00,24.14
2010-01-01 23:00:00,35.30
2010-01-02 00:00:00,70.98
2010-01-02 01:00:00,18.25
2010-01-02 02:00:00,19.10
2010-01-02 03:00:00,18.61
2010-01-02 04:00:00,19.98
2010-01-02 05:00:00,18.92
2010-01-02 06:00:00,17.89
2010-01-02 07:00:00,20.27
2010-01-02 08:00:00,27.77
2010-01-02 09:00:00,79.44
2010-01-02 10:00:00,77.74
2010-01-02 11:00:00,23.46
2010-01-02 12:00:00,20.22
2010-01-02 13:00:00,18.12
2010-01-02 14:00:00,21.84
2010-01-02 15:00:00,20.90
2010-01-02 16:00:00,26.08
2010-01-02 17:00:00,139.91
2010-01-02 18:00:00,210.95
2010-01-02 19:00:00,124.02
2010-01-02 20:00:00,132.84
2010-01-02 21:00:00,84.34
2010-01-02 22:00:00,63.83
2010-01-02 23:00:00,36.33
2010-01-03 00:00:00,24.10
2010-01-03 01:00:00,33.06
2010-01-03 02:00:00,42.83
2010-01-03 03:00:00,22.20
2010-01-03 04:00:00,20.37
2010-01-03 05:00:00,20.85
2010-01-03 06:00:00,20.34
2010-01-03 07:00:00,21.31
2010-01-03 08:00:00,50.64
2010-01-03 09:00:00,70.48
2010-01-03 10:00:00,185.15
2010-01-03 11:00:00,156.51
2010-01-03 12:00:00,178.69
2010-01-03 13:00:00,124.59
2010-01-03 14:00:00,172.24
2010-01-03 15:00:00,108.16
2010-01-03 16:00:00,122.94
2010-01-03 17:00:00,108.29
2010-01-03 18:00:00,72.90
2010-01-03 19:00:00,158.39
2010-01-03 20:00:00,194.99
2010-01-03 21:00:00,120.29
2010-01-03 22:00:00,32.92
2010-01-03 23:00:00,21.23
2010-01-04 00:00:00,23.98
2010-01-04 01:00:00,22.45
2010-01-04 02:00:00,21.29
2010-01-04 03:00:00,54.06
2010-01-04 04:00:00,23.44
2010-01-04 05:00:00,20.99
2010-01-04 06:00:00,58.43
2010-01-04 07:00:00,158.98
2010-01-04 08:00:00,88.77
2010-01-04 09:00:00,88.71
2010-01-04 10:00:00,88.60
2010-01-04 11:00:00,89.10
2010-01-04 12:00:00,76.93
2010-01-04 13:00:00,21.22
2010-01-04 14:00:00,24.26
2010-01-04 15:00:00,22.50
2010-01-04 16:00:00,21.46
2010-01-04 17:00:00,46.32
2010-01-04 18:00:00,99.14
2010-01-04 19:00:00,149.00
2010-01-04 20:00:00,115.99
2010-01-04 21:00:00,97.51
2010-01-04 22:00:00,125.77
2010-01-04 23:00:00,65.23
2010-01-05 00:00:00,22.98
2010-01-05 01:00:00,22.84
2010-01-05 02:00:00,22.00
2010-01-05 03:00:00,20.56
2010-01-05 04:00:00,20.17
2010-01-05 05:00:00,18.90
2010-01-05 06:00:00,73.38
2010-01-05 07:00:00,141.36
2010-01-05 08:00:00,165.47
2010-01-05 09:00:00,131.65
2010-01-05 10:00:00,92.99
2010-01-05 11:00:00,95.52
2010-01-05 12:00:00,91.62
2010-01-05 13:00:00,93.05
2010-01-05 14:00:00,105.86
2010-01-05 15:00:00,111.95
2010-01-05 16:00:00,144.94
2010-01-05 17:00:00,167.75
2010-01-05 18:00:00,156.51
2010-01-05 19:00:00,123.61
2010-01-05 20:00:00,86.99
2010-01-05 21:00:00,95.70
2010-01-05 22:00:00,174.93
2010-01-05 23:00:00,39.05
2010-01-06 00:00:00,50.46
2010-01-06 01:00:00,18.34
2010-01-06 02:00:00,21.03
2010-01-06 03:00:00,17.37
2010-01-06 04:00:00,18.84
2010-01-06 05:00:00,22.31
2010-01-06 06:00:00,96.90
2010-01-06 07:00:00,155.57
2010-01-06 08:00:00,83.80
2010-01-06 09:00:00,85.04
2010-01-06 10:00:00,104.92
2010-01-06 11:00:00,108.61
2010-01-06 12:00:00,66.42
2010-01-06 13:00:00,69.06
2010-01-06 14:00:00,126.85
2010-01-06 15:00:00,27.72
2010-01-06 16:00:00,22.45
2010-01-06 17:00:00,73.21
2010-01-06 18:00:00,46.20
2010-01-06 19:00:00,88.80
2010-01-06 20:00:00,203.44
2010-01-06 21:00:00,155.89
2010-01-06 22:00:00,78.83
2010-01-06 23:00:00,35.12
2010-01-07 00:00:00,20.05
2010-01-07 01:00:00,19.34
2010-01-07 02:00:00,22.40
2010-01-07 03:00:00,18.50
2010-01-07 04:00:00,19.13
2010-01-07 05:00:00,27.25
2010-01-07 06:00:00,63.08
2010-01-07 07:00:00,113.31
2010-01-07 08:00:00,111.76
2010-01-07 09:00:00,86.73
2010-01-07 10:00:00,85.54
2010-01-07 11:00:00,82.04
2010-01-07 12:00:00,83.33
2010-01-07 13:00:00,87.41
2010-01-07 14:00:00,32.65
2010-01-07 15:00:00,49.57
2010-01-07 16:00:00,18.34
2010-01-07 17:00:00,32.80
2010-01-07 18:00:00,101.47
2010-01-07 19:00:00,138.17
2010-01-07 20:00:00,196.76
2010-01-07 21:00:00,156.73
2010-01-07 22:00:00,148.04
2010-01-07 23:00:00,55.05
2010-01-08 00:00:00,20.25
2010-01-08 01:00:00,17.64
2010-01-08 02:00:00,18.38
2010-01-08 03:00:00,18.05
2010-01-08 04:00:00,20.06
2010-01-08 05:00:00,19.01
2010-01-08 06:00:00,86.64
2010-01-08 07:00:00,138.14
2010-01-08 08:00:00,117.01
2010-01-08 09:00:00,121.56
2010-01-08 10:00:00,84.32
2010-01-08 11:00:00,89.48
2010-01-08 12:00:00,102.25
2010-01-08 13:00:00,39.48
2010-01-08 14:00:00,93.45
2010-01-08 15:00:00,97.84
2010-01-08 16:00:00,56.30
2010-01-08 17:00:00,125.68
2010-01-08 18:00:00,94.86
2010-01-08 19:00:00,150.88
2010-01-08 20:00:00,88.70
2010-01-08 21:00:00,126.79
2010-01-08 22:00:00,48.50
2010-01-08 23:00:00,21.94
2010-01-09 00:00:00,20.23
2010-01-09 01:00:00,19.90
2010-01-09 02:00:00,21.41
2010-01-09 03:00:00,25.46
2010-01-09 04:00:00,44.87
2010-01-09 05:00:00,18.17
2010-01-09 06:00:00,38.54
2010-01-09 07:00:00,130.19
2010-01-09 08:00:00,105.67
2010-01-09 09:00:00,127.65
2010-01-09 10:00:00,87.18
2010-01-09 11:00:00,86.07
2010-01-09 12:00:00,56.12
2010-01-09 13:00:00,31.19
2010-01-09 14:00:00,204.67
2010-01-09 15:00:00,107.05
2010-01-09 16:00:00,52.47
2010-01-09 17:00:00,118.05
2010-01-09 18:00:00,258.05
2010-01-09 19:00:00,252.31
2010-01-09 20:00:00,118.91
2010-01-09 21:00:00,179.15
2010-01-09 22:00:00,120.16
2010-01-09 23:00:00,113.42
2010-01-10 00:00:00,96.52
2010-01-10 01:00:00,80.92
2010-01-10 02:00:00,20.18
2010-01-10 03:00:00,18.10
2010-01-10 04:00:00,17.10
2010-01-10 05:00:00,17.21
2010-01-10 06:00:00,20.95
2010-01-10 07:00:00,17.10
2010-01-10 08:00:00,18.14
2010-01-10 09:00:00,64.86
2010-01-10 10:00:00,144.92
2010-01-10 11:00:00,193.40
2010-01-10 12:00:00,126.49
2010-01-10 13:00:00,161.55
2010-01-10 14:00:00,222.32
2010-01-10 15:00:00,276.96
2010-01-10 16:00:00,214.21
2010-01-10 17:00:00,184.26
2010-01-10 18:00:00,176.64
2010-01-10 19:00:00,93.35
2010-01-10 20:00:00,134.11
2010-01-10 21:00:00,121.73
2010-01-10 22:00:00,64.39
2010-01-10 23:00:00,23.09
2010-01-11 00:00:00,18.67
2010-01-11 01:00:00,18.11
2010-01-11 02:00:00,17.76
2010-01-11 03:00:00,40.49
2010-01-11 04:00:00,43.18
2010-01-11 05:00:00,18.61
2010-01-11 06:00:00,56.46
2010-01-11 07:00:00,151.14
2010-01-11 08:00:00,87.70
2010-01-11 09:00:00,86.50
2010-01-11 10:00:00,88.49
2010-01-11 11:00:00,86.32
2010-01-11 12:00:00,46.87
2010-01-11 13:00:00,23.44
2010-01-11 14:00:00,24.51
2010-01-11 15:00:00,26.35
2010-01-11 16:00:00,31.82
2010-01-11 17:00:00,41.33
2010-01-11 18:00:00,106.61
2010-01-11 19:00:00,111.09
2010-01-11 20:00:00,196.02
2010-01-11 21:00:00,86.25
2010-01-11 22:00:00,51.51
2010-01-11 23:00:00,59.44
2010-01-12 00:00:00,17.55
2010-01-12 01:00:00,18.89
2010-01-12 02:00:00,20.49
2010-01-12 03:00:00,22.22
2010-01-12 04:00:00,21.23
2010-01-12 05:00:00,17.38
2010-01-12 06:00:00,68.90
2010-01-12 07:00:00,136.32
2010-01-12 08:00:00,139.73
2010-01-12 09:00:00,100.85
2010-01-12 10:00:00,128.74
2010-01-12 11:00:00,107.86
2010-01-12 12:00:00,153.03
2010-01-12 13:00:00,196.41
2010-01-12 14:00:00,144.55
2010-01-12 15:00:00,99.60
2010-01-12 16:00:00,99.60
2010-01-12 17:00:00,99.60
2010-01-12 18:00:00,99.60
2010-01-12 19:00:00,99.60
2010-01-12 20:00:00,99.60
2010-01-12 21:00:00,99.60
2010-01-12 22:00:00,99.60
2010-01-12 23:00:00,99.60
2010-01-13 00:00:00,99.60
2010-01-13 01:00:00,99.60
2010-01-13 02:00:00,99.60
2010-01-13 03:00:00,99.60
2010-01-13 04:00:00,99.60
2010-01-13 05:00:00,99.60
2010-01-13 06:00:00,99.60
2010-01-13 07:00:00,99.60
2010-01-13 08:00:00,99.60
2010-01-13 09:00:00,99.60
2010-01-13 10:00:00,99.60
2010-01-13 11:00:00,99.60
2010-01-13 12:00:00,99.60
2010-01-13 13:00:00,99.60
2010-01-13 14:00:00,99.60
2010-01-13 15:00:00,99.60
2010-01-13 16:00:00,99.60
2010-01-13 17:00:00,99.60
2010-01-13 18:00:00,99.60
2010-01-13 19:00:00,99.60
2010-01-13 20:00:00,99.60
2010-01-13 21:00:00,99.60
2010-01-13 22:00:00,99.60
2010-01-13 23:00:00,99.60
2010-01-14 00:00:00,99.60
2010-01-14 01:00:00,99.60
2010-01-14 02:00:00,99.60
2010-01-14 03:00:00,99.60
2010-01-14 04:00:00,99.60
2010-01-14 05:00:00,99.60
2010-01-14 06:00:00,99.60
2010-01-14 07:00:00,99.60
2010-01-14 08:00:00,99.60
2010-01-14 09:00:00,99.60
2010-01-14 10:00:00,99.60
2010-01-14 11:00:00,99.60
2010-01-14 12:00:00,99.60
2010-01-14 13:00:00,99.60
2010-01-14 14:00:00,99.60
2010-01-14 15:00:00,99.60
2010-01-14 16:00:00,99.60
2010-01-14 17:00:00,99.60
2010-01-14 18:00:00,99.60
2010-01-14 19:00:00,181.80
2010-01-14 20:00:00,146.74
2010-01-14 21:00:00,117.54
2010-01-14 22:00:00,103.82
2010-01-14 23:00:00,71.91
2010-01-15 00:00:00,17.93
2010-01-15 01:00:00,17.86
2010-01-15 02:00:00,18.67
2010-01-15 03:00:00,18.87
2010-01-15 04:00:00,17.18
2010-01-15 05:00:00,18.36
2010-01-15 06:00:00,50.33
2010-01-15 07:00:00,117.18
2010-01-15 08:00:00,124.32
2010-01-15 09:00:00,124.90
2010-01-15 10:00:00,88.55
2010-01-15 11:00:00,90.69
2010-01-15 12:00:00,95.73
2010-01-15 13:00:00,92.83
2010-01-15 14:00:00,95.79
2010-01-15 15:00:00,35.48
2010-01-15 16:00:00,88.06
2010-01-15 17:00:00,111.45
2010-01-15 18:00:00,93.53
2010-01-15 19:00:00,162.31
2010-01-15 20:00:00,320.21
2010-01-15 21:00:00,271.73
2010-01-15 22:00:00,67.81
2010-01-15 23:00:00,57.01
2010-01-16 00:00:00,21.92
2010-01-16 01:00:00,18.37
2010-01-16 02:00:00,19.10
2010-01-16 03:00:00,20.82
2010-01-16 04:00:00,18.66
2010-01-16 05:00:00,51.43
2010-01-16 06:00:00,36.07
2010-01-16 07:00:00,151.71
2010-01-16 08:00:00,122.73
2010-01-16 09:00:00,110.34
2010-01-16 10:00:00,119.35
2010-01-16 11:00:00,193.60
2010-01-16 12:00:00,220.04
2010-01-16 13:00:00,158.55
2010-01-16 14:00:00,98.32
2010-01-16 15:00:00,109.09
2010-01-16 16:00:00,44.39
2010-01-16 17:00:00,35.06
2010-01-16 18:00:00,74.51
2010-01-16 19:00:00,86.31
2010-01-16 20:00:00,153.19
2010-01-16 21:00:00,150.63
2010-01-16 22:00:00,75.46
2010-01-16 23:00:00,60.46
2010-01-17 00:00:00,54.48
2010-01-17 01:00:00,18.81
2010-01-17 02:00:00,17.44
2010-01-17 03:00:00,21.17
2010-01-17 04:00:00,18.15
2010-01-17 05:00:00,17.64
2010-01-17 06:00:00,19.64
2010-01-17 07:00:00,39.98
2010-01-17 08:00:00,72.39
2010-01-17 09:00:00,28.82
2010-01-17 10:00:00,52.58
2010-01-17 11:00:00,86.11
2010-01-17 12:00:00,91.66
2010-01-17 13:00:00,152.97
2010-01-17 14:00:00,107.17
2010-01-17 15:00:00,109.43
2010-01-17 16:00:00,99.15
2010-01-17 17:00:00,75.32
2010-01-17 18:00:00,96.39
2010-01-17 19:00:00,149.02
2010-01-17 20:00:00,179.22
2010-01-17 21:00:00,196.84
2010-01-17 22:00:00,117.04
2010-01-17 23:00:00,85.13
2010-01-18 00:00:00,86.06
2010-01-18 01:00:00,76.15
2010-01-18 02:00:00,17.43
2010-01-18 03:00:00,20.78
2010-01-18 04:00:00,17.68
2010-01-18 05:00:00,18.36
2010-01-18 06:00:00,58.03
2010-01-18 07:00:00,146.52
2010-01-18 08:00:00,124.06
2010-01-18 09:00:00,119.30
2010-01-18 10:00:00,103.60
2010-01-18 11:00:00,91.03
2010-01-18 12:00:00,97.80
2010-01-18 13:00:00,84.24
2010-01-18 14:00:00,25.43
2010-01-18 15:00:00,27.16
2010-01-18 16:00:00,28.74
2010-01-18 17:00:00,89.73
2010-01-18 18:00:00,130.23
2010-01-18 19:00:00,118.29
2010-01-18 20:00:00,109.35
2010-01-18 21:00:00,121.64
2010-01-18 22:00:00,125.04
2010-01-18 23:00:00,44.47
2010-01-19 00:00:00,30.10
2010-01-19 01:00:00,19.13
2010-01-19 02:00:00,17.77
2010-01-19 03:00:00,20.48
2010-01-19 04:00:00,18.01
2010-01-19 05:00:00,17.22
2010-01-19 06:00:00,89.67
2010-01-19 07:00:00,192.57
2010-01-19 08:00:00,106.83
2010-01-19 09:00:00,115.33
2010-01-19 10:00:00,100.82
2010-01-19 11:00:00,95.77
2010-01-19 12:00:00,104.45
2010-01-19 13:00:00,92.95
2010-01-19 14:00:00,102.31
2010-01-19 15:00:00,123.53
2010-01-19 16:00:00,131.05
2010-01-19 17:00:00,130.14
2010-01-19 18:00:00,166.87
2010-01-19 19:00:00,267.23
2010-01-19 20:00:00,180.92
2010-01-19 21:00:00,180.84
2010-01-19 22:00:00,96.30
2010-01-19 23:00:00,33.20
2010-01-20 00:00:00,23.05
2010-01-20 01:00:00,23.39
2010-01-20 02:00:00,19.92
2010-01-20 03:00:00,18.68
2010-01-20 04:00:00,20.36
2010-01-20 05:00:00,18.12
2010-01-20 06:00:00,95.97
2010-01-20 07:00:00,218.31
2010-01-20 08:00:00,112.45
2010-01-20 09:00:00,130.97
2010-01-20 10:00:00,97.55
2010-01-20 11:00:00,107.22
2010-01-20 12:00:00,119.22
2010-01-20 13:00:00,187.87
2010-01-20 14:00:00,42.88
2010-01-20 15:00:00,30.89
2010-01-20 16:00:00,100.33
2010-01-20 17:00:00,60.87
2010-01-20 18:00:00,107.25
2010-01-20 19:00:00,200.28
2010-01-20 20:00:00,157.25
2010-01-20 21:00:00,197.10
2010-01-20 22:00:00,150.23
2010-01-20 23:00:00,111.56
2010-01-21 00:00:00,22.43
2010-01-21 01:00:00,19.01
2010-01-21 02:00:00,17.67
2010-01-21 03:00:00,18.35
2010-01-21 04:00:00,18.13
2010-01-21 05:00:00,18.74
2010-01-21 06:00:00,78.98
2010-01-21 07:00:00,188.17
2010-01-21 08:00:00,141.37
2010-01-21 09:00:00,91.81
2010-01-21 10:00:00,85.13
2010-01-21 11:00:00,84.03
2010-01-21 12:00:00,90.67
2010-01-21 13:00:00,89.24
2010-01-21 14:00:00,92.64
2010-01-21 15:00:00,90.12
2010-01-21 16:00:00,36.53
2010-01-21 17:00:00,44.51
2010-01-21 18:00:00,118.05
2010-01-21 19:00:00,159.38
2010-01-21 20:00:00,175.26
2010-01-21 21:00:00,200.17
2010-01-21 22:00:00,145.21
2010-01-21 23:00:00,112.25
2010-01-22 00:00:00,99.65
2010-01-22 01:00:00,82.94
2010-01-22 02:00:00,37.00
2010-01-22 03:00:00,18.80
2010-01-22 04:00:00,19.31
2010-01-22 05:00:00,21.97
2010-01-22 06:00:00,88.32
2010-01-22 07:00:00,108.45
2010-01-22 08:00:00,112.82
2010-01-22 09:00:00,113.10
2010-01-22 10:00:00,82.51
2010-01-22 11:00:00,80.83
2010-01-22 12:00:00,87.30
2010-01-22 13:00:00,61.90
2010-01-22 14:00:00,17.56
2010-01-22 15:00:00,82.68
2010-01-22 16:00:00,57.00
2010-01-22 17:00:00,39.06
2010-01-22 18:00:00,109.82
2010-01-22 19:00:00,104.10
2010-01-22 20:00:00,67.91
2010-01-22 21:00:00,87.98
2010-01-22 22:00:00,168.28
2010-01-22 23:00:00,41.33
2010-01-23 00:00:00,42.26
2010-01-23 01:00:00,20.33
2010-01-23 02:00:00,21.56
2010-01-23 03:00:00,17.95
2010-01-23 04:00:00,18.37
2010-01-23 05:00:00,18.06
2010-01-23 06:00:00,72.27
2010-01-23 07:00:00,154.13
2010-01-23 08:00:00,145.61
2010-01-23 09:00:00,105.25
2010-01-23 10:00:00,122.24
2010-01-23 11:00:00,157.43
2010-01-23 12:00:00,122.24
2010-01-23 13:00:00,110.42
2010-01-23 14:00:00,47.71
2010-01-23 15:00:00,53.57
2010-01-23 16:00:00,79.19
2010-01-23 17:00:00,103.39
2010-01-23 18:00:00,315.93
2010-01-23 19:00:00,216.79
2010-01-23 20:00:00,165.50
2010-01-23 21:00:00,184.07
2010-01-23 22:00:00,225.86
2010-01-23 23:00:00,91.38
2010-01-24 00:00:00,76.12
2010-01-24 01:00:00,26.88
2010-01-24 02:00:00,21.20
2010-01-24 03:00:00,22.63
2010-01-24 04:00:00,19.80
2010-01-24 05:00:00,19.88
2010-01-24 06:00:00,19.70
2010-01-24 07:00:00,23.03
2010-01-24 08:00:00,54.91
2010-01-24 09:00:00,138.30
2010-01-24 10:00:00,177.95
2010-01-24 11:00:00,196.08
2010-01-24 12:00:00,265.64
2010-01-24 13:00:00,197.57
2010-01-24 14:00:00,157.17
2010-01-24 15:00:00,175.64
2010-01-24 16:00:00,87.69
2010-01-24 17:00:00,88.68
2010-01-24 18:00:00,73.22
2010-01-24 19:00:00,119.53
2010-01-24 20:00:00,143.58
2010-01-24 21:00:00,82.50
2010-01-24 22:00:00,60.33
2010-01-24 23:00:00,21.40
2010-01-25 00:00:00,22.44
2010-01-25 01:00:00,19.82
2010-01-25 02:00:00,19.84
2010-01-25 03:00:00,27.55
2010-01-25 04:00:00,56.31
2010-01-25 05:00:00,18.22
2010-01-25 06:00:00,76.09
2010-01-25 07:00:00,148.26
2010-01-25 08:00:00,93.65
2010-01-25 09:00:00,87.80
2010-01-25 10:00:00,87.18
2010-01-25 11:00:00,82.84
2010-01-25 12:00:00,85.24
2010-01-25 13:00:00,51.98
2010-01-25 14:00:00,18.69
2010-01-25 15:00:00,21.80
2010-01-25 16:00:00,24.75
2010-01-25 17:00:00,65.00
2010-01-25 18:00:00,108.62
2010-01-25 19:00:00,222.80
2010-01-25 20:00:00,167.76
2010-01-25 21:00:00,152.26
2010-01-25 22:00:00,151.03
2010-01-25 23:00:00,120.58
2010-01-26 00:00:00,124.50
2010-01-26 01:00:00,83.99
2010-01-26 02:00:00,68.90
2010-01-26 03:00:00,19.32
2010-01-26 04:00:00,23.93
2010-01-26 05:00:00,19.90
2010-01-26 06:00:00,45.98
2010-01-26 07:00:00,98.14
2010-01-26 08:00:00,145.96
2010-01-26 09:00:00,105.07
2010-01-26 10:00:00,112.11
2010-01-26 11:00:00,103.58
2010-01-26 12:00:00,119.71
2010-01-26 13:00:00,125.98
2010-01-26 14:00:00,58.82
2010-01-26 15:00:00,46.67
2010-01-26 16:00:00,39.08
2010-01-26 17:00:00,72.13
2010-01-26 18:00:00,102.05
2010-01-26 19:00:00,102.74
2010-01-26 20:00:00,138.99
2010-01-26 21:00:00,98.19
2010-01-26 22:00:00,89.79
2010-01-26 23:00:00,122.04
2010-01-27 00:00:00,89.44
2010-01-27 01:00:00,84.66
2010-01-27 02:00:00,83.79
2010-01-27 03:00:00,78.59
2010-01-27 04:00:00,19.51
2010-01-27 05:00:00,22.13
2010-01-27 06:00:00,59.13
2010-01-27 07:00:00,170.22
2010-01-27 08:00:00,97.50
2010-01-27 09:00:00,108.78
2010-01-27 10:00:00,85.75
2010-01-27 11:00:00,112.44
2010-01-27 12:00:00,103.30
2010-01-27 13:00:00,91.07
2010-01-27 14:00:00,128.02
2010-01-27 15:00:00,35.95
2010-01-27 16:00:00,64.63
2010-01-27 17:00:00,244.79
2010-01-27 18:00:00,173.74
2010-01-27 19:00:00,196.28
2010-01-27 20:00:00,195.71
2010-01-27 21:00:00,243.84
2010-01-27 22:00:00,171.04
2010-01-27 23:00:00,100.58
2010-01-28 00:00:00,91.66
2010-01-28 01:00:00,87.03
2010-01-28 02:00:00,87.56
2010-01-28 03:00:00,21.16
2010-01-28 04:00:00,20.17
2010-01-28 05:00:00,19.19
2010-01-28 06:00:00,53.99
2010-01-28 07:00:00,184.99
2010-01-28 08:00:00,118.90
2010-01-28 09:00:00,87.19
2010-01-28 10:00:00,86.36
2010-01-28 11:00:00,86.53
2010-01-28 12:00:00,59.03
2010-01-28 13:00:00,19.65
2010-01-28 14:00:00,21.18
2010-01-28 15:00:00,26.23
2010-01-28 16:00:00,42.13
2010-01-28 17:00:00,71.30
2010-01-28 18:00:00,124.35
2010-01-28 19:00:00,141.30
2010-01-28 20:00:00,183.49
2010-01-28 21:00:00,182.02
2010-01-28 22:00:00,152.09
2010-01-28 23:00:00,142.73
2010-01-29 00:00:00,88.22
2010-01-29 01:00:00,82.54
2010-01-29 02:00:00,85.77
2010-01-29 03:00:00,22.73
2010-01-29 04:00:00,22.71
2010-01-29 05:00:00,23.16
2010-01-29 06:00:00,76.23
2010-01-29 07:00:00,197.93
2010-01-29 08:00:00,226.74
2010-01-29 09:00:00,114.24
2010-01-29 10:00:00,125.62
2010-01-29 11:00:00,127.21
2010-01-29 12:00:00,106.48
2010-01-29 13:00:00,95.13
2010-01-29 14:00:00,93.23
2010-01-29 15:00:00,93.52
2010-01-29 16:00:00,97.71
2010-01-29 17:00:00,129.31
2010-01-29 18:00:00,108.96
2010-01-29 19:00:00,26.69
2010-01-29 20:00:00,25.67
2010-01-29 21:00:00,17.56
2010-01-29 22:00:00,24.33
2010-01-29 23:00:00,81.31
2010-01-30 00:00:00,37.91
2010-01-30 01:00:00,25.57
2010-01-30 02:00:00,21.57
2010-01-30 03:00:00,17.55
2010-01-30 04:00:00,18.47
2010-01-30 05:00:00,16.95
2010-01-30 06:00:00,33.63
2010-01-30 07:00:00,172.07
2010-01-30 08:00:00,198.23
2010-01-30 09:00:00,165.10
2010-01-30 10:00:00,88.13
2010-01-30 11:00:00,120.23
2010-01-30 12:00:00,27.18
2010-01-30 13:00:00,115.60
2010-01-30 14:00:00,144.83
2010-01-30 15:00:00,154.13
2010-01-30 16:00:00,169.59
2010-01-30 17:00:00,214.15
2010-01-30 18:00:00,308.53
2010-01-30 19:00:00,162.92
2010-01-30 20:00:00,234.82
2010-01-30 21:00:00,180.19
2010-01-30 22:00:00,155.65
2010-01-30 23:00:00,59.72
2010-01-31 00:00:00,20.97
2010-01-31 01:00:00,22.40
2010-01-31 02:00:00,29.15
2010-01-31 03:00:00,23.48
2010-01-31 04:00:00,19.79
2010-01-31 05:00:00,17.21
2010-01-31 06:00:00,60.42
2010-01-31 07:00:00,18.89
2010-01-31 08:00:00,22.90
2010-01-31 09:00:00,46.95
2010-01-31 10:00:00,33.22
2010-01-31 11:00:00,110.77
2010-01-31 12:00:00,65.81
2010-01-31 13:00:00,113.58
2010-01-31 14:00:00,104.44
2010-01-31 15:00:00,105.96
2010-01-31 16:00:00,87.34
2010-01-31 17:00:00,101.38
2010-01-31 18:00:00,148.06
2010-01-31 19:00:00,156.18
2010-01-31 20:00:00,177.78
2010-01-31 21:00:00,139.69
2010-01-31 22:00:00,119.63
2010-01-31 23:00:00,53.18
2010-02-01 00:00:00,18.83
2010-02-01 01:00:00,18.81
2010-02-01 02:00:00,35.74
2010-02-01 03:00:00,43.09
2010-02-01 04:00:00,18.20
2010-02-01 05:00:00,17.00
2010-02-01 06:00:00,87.83
2010-02-01 07:00:00,123.22
2010-02-01 08:00:00,86.68
2010-02-01 09:00:00,84.04
2010-02-01 10:00:00,81.63
2010-02-01 11:00:00,84.02
2010-02-01 12:00:00,83.42
2010-02-01 13:00:00,57.94
2010-02-01 14:00:00,20.12
2010-02-01 15:00:00,21.36
2010-02-01 16:00:00,17.43
2010-02-01 17:00:00,26.24
2010-02-01 18:00:00,52.95
2010-02-01 19:00:00,166.78
2010-02-01 20:00:00,174.83
2010-02-01 21:00:00,91.56
2010-02-01 22:00:00,154.86
2010-02-01 23:00:00,127.20
2010-02-02 00:00:00,89.24
2010-02-02 01:00:00,61.54
2010-02-02 02:00:00,22.33
2010-02-02 03:00:00,19.38
2010-02-02 04:00:00,17.92
2010-02-02 05:00:00,18.11
2010-02-02 06:00:00,117.47
2010-02-02 07:00:00,113.96
2010-02-02 08:00:00,152.00
2010-02-02 09:00:00,91.24
2010-02-02 10:00:00,85.78
2010-02-02 11:00:00,86.14
2010-02-02 12:00:00,82.72
2010-02-02 13:00:00,83.12
2010-02-02 14:00:00,89.19
2010-02-02 15:00:00,86.13
2010-02-02 16:00:00,83.57
2010-02-02 17:00:00,41.14
2010-02-02 18:00:00,109.82
2010-02-02 19:00:00,181.60
2010-02-02 20:00:00,164.69
2010-02-02 21:00:00,141.47
2010-02-02 22:00:00,120.88
2010-02-02 23:00:00,97.99
2010-02-03 00:00:00,95.64
2010-02-03 01:00:00,86.85
2010-02-03 02:00:00,85.21
2010-02-03 03:00:00,21.31
2010-02-03 04:00:00,17.92
2010-02-03 05:00:00,18.90
2010-02-03 06:00:00,92.23
2010-02-03 07:00:00,177.26
2010-02-03 08:00:00,96.23
2010-02-03 09:00:00,123.26
2010-02-03 10:00:00,114.86
2010-02-03 11:00:00,85.27
2010-02-03 12:00:00,190.34
2010-02-03 13:00:00,162.65
2010-02-03 14:00:00,128.72
2010-02-03 15:00:00,192.64
2010-02-03 16:00:00,110.77
2010-02-03 17:00:00,106.29
2010-02-03 18:00:00,85.12
2010-02-03 19:00:00,184.99
2010-02-03 20:00:00,163.18
2010-02-03 21:00:00,271.15
2010-02-03 22:00:00,180.59
2010-02-03 23:00:00,111.64
2010-02-04 00:00:00,83.74
2010-02-04 01:00:00,86.14
2010-02-04 02:00:00,84.13
2010-02-04 03:00:00,85.48
2010-02-04 04:00:00,58.40
2010-02-04 05:00:00,19.51
2010-02-04 06:00:00,132.46
2010-02-04 07:00:00,144.94
2010-02-04 08:00:00,110.65
2010-02-04 09:00:00,85.67
2010-02-04 10:00:00,88.70
2010-02-04 11:00:00,86.90
2010-02-04 12:00:00,84.08
2010-02-04 13:00:00,85.50
2010-02-04 14:00:00,83.58
2010-02-04 15:00:00,89.94
2010-02-04 16:00:00,87.52
2010-02-04 17:00:00,79.63
2010-02-04 18:00:00,29.44
2010-02-04 19:00:00,161.50
2010-02-04 20:00:00,187.68
2010-02-04 21:00:00,139.27
2010-02-04 22:00:00,120.75
2010-02-04 23:00:00,100.64
2010-02-05 00:00:00,102.39
2010-02-05 01:00:00,94.67
2010-02-05 02:00:00,59.18
2010-02-05 03:00:00,24.25
2010-02-05 04:00:00,22.68
2010-02-05 05:00:00,21.74
2010-02-05 06:00:00,58.31
2010-02-05 07:00:00,117.30
2010-02-05 08:00:00,95.88
2010-02-05 09:00:00,105.20
2010-02-05 10:00:00,85.50
2010-02-05 11:00:00,86.26
2010-02-05 12:00:00,107.80
2010-02-05 13:00:00,100.51
2010-02-05 14:00:00,53.24
2010-02-05 15:00:00,115.33
2010-02-05 16:00:00,40.78
2010-02-05 17:00:00,28.06
2010-02-05 18:00:00,44.33
2010-02-05 19:00:00,153.31
2010-02-05 20:00:00,165.85
2010-02-05 21:00:00,153.95
2010-02-05 22:00:00,151.24
2010-02-05 23:00:00,111.14
2010-02-06 00:00:00,72.26
2010-02-06 01:00:00,18.77
2010-02-06 02:00:00,18.61
2010-02-06 03:00:00,23.51
2010-02-06 04:00:00,22.01
2010-02-06 05:00:00,17.76
2010-02-06 06:00:00,80.43
2010-02-06 07:00:00,146.33
2010-02-06 08:00:00,87.83
2010-02-06 09:00:00,97.62
2010-02-06 10:00:00,154.78
2010-02-06 11:00:00,91.55
2010-02-06 12:00:00,95.05
2010-02-06 13:00:00,51.53
2010-02-06 14:00:00,112.55
2010-02-06 15:00:00,173.59
2010-02-06 16:00:00,169.24
2010-02-06 17:00:00,104.27
2010-02-06 18:00:00,232.65
2010-02-06 19:00:00,230.40
2010-02-06 20:00:00,153.49
2010-02-06 21:00:00,179.30
2010-02-06 22:00:00,170.95
2010-02-06 23:00:00,208.49
2010-02-07 00:00:00,63.52
2010-02-07 01:00:00,60.63
2010-02-07 02:00:00,58.62
2010-02-07 03:00:00,28.30
2010-02-07 04:00:00,19.20
2010-02-07 05:00:00,19.58
2010-02-07 06:00:00,18.84
2010-02-07 07:00:00,18.96
2010-02-07 08:00:00,92.54
2010-02-07 09:00:00,82.43
2010-02-07 10:00:00,131.41
2010-02-07 11:00:00,39.27
2010-02-07 12:00:00,18.36
2010-02-07 13:00:00,20.07
2010-02-07 14:00:00,66.00
2010-02-07 15:00:00,95.53
2010-02-07 16:00:00,44.29
2010-02-07 17:00:00,80.14
2010-02-07 18:00:00,146.75
2010-02-07 19:00:00,165.64
2010-02-07 20:00:00,117.59
2010-02-07 21:00:00,114.03
2010-02-07 22:00:00,77.99
2010-02-07 23:00:00,46.01
2010-02-08 00:00:00,19.14
2010-02-08 01:00:00,17.85
2010-02-08 02:00:00,17.76
2010-02-08 03:00:00,20.67
2010-02-08 04:00:00,17.86
2010-02-08 05:00:00,21.20
2010-02-08 06:00:00,61.54
2010-02-08 07:00:00,164.20
2010-02-08 08:00:00,105.51
2010-02-08 09:00:00,146.89
2010-02-08 10:00:00,159.23
2010-02-08 11:00:00,144.62
2010-02-08 12:00:00,177.59
2010-02-08 13:00:00,110.64
2010-02-08 14:00:00,109.30
2010-02-08 15:00:00,102.57
2010-02-08 16:00:00,84.61
2010-02-08 17:00:00,104.64
2010-02-08 18:00:00,186.74
2010-02-08 19:00:00,190.00
2010-02-08 20:00:00,166.03
2010-02-08 21:00:00,190.34
2010-02-08 22:00:00,172.48
2010-02-08 23:00:00,90.82
2010-02-09 00:00:00,89.67
2010-02-09 01:00:00,85.71
2010-02-09 02:00:00,84.95
2010-02-09 03:00:00,90.12
2010-02-09 04:00:00,89.54
2010-02-09 05:00:00,66.77
2010-02-09 06:00:00,84.95
2010-02-09 07:00:00,141.76
2010-02-09 08:00:00,89.41
2010-02-09 09:00:00,88.14
2010-02-09 10:00:00,99.49
2010-02-09 11:00:00,90.40
2010-02-09 12:00:00,98.34
2010-02-09 13:00:00,62.33
2010-02-09 14:00:00,47.68
2010-02-09 15:00:00,48.53
2010-02-09 16:00:00,42.29
2010-02-09 17:00:00,49.43
2010-02-09 18:00:00,119.66
2010-02-09 19:00:00,210.28
2010-02-09 20:00:00,166.69
2010-02-09 21:00:00,193.75
2010-02-09 22:00:00,158.21
2010-02-09 23:00:00,122.83
2010-02-10 00:00:00,92.30
2010-02-10 01:00:00,82.95
2010-02-10 02:00:00,19.85
2010-02-10 03:00:00,19.16
2010-02-10 04:00:00,20.05
2010-02-10 05:00:00,22.36
2010-02-10 06:00:00,80.43
2010-02-10 07:00:00,160.49
2010-02-10 08:00:00,109.48
2010-02-10 09:00:00,82.41
2010-02-10 10:00:00,83.78
2010-02-10 11:00:00,125.39
2010-02-10 12:00:00,96.74
2010-02-10 13:00:00,113.71
2010-02-10 14:00:00,59.40
2010-02-10 15:00:00,38.61
2010-02-10 16:00:00,55.71
2010-02-10 17:00:00,88.11
2010-02-10 18:00:00,106.22
2010-02-10 19:00:00,101.46
2010-02-10 20:00:00,100.61
2010-02-10 21:00:00,170.18
2010-02-10 22:00:00,92.93
2010-02-10 23:00:00,25.88
2010-02-11 00:00:00,18.02
2010-02-11 01:00:00,17.99
2010-02-11 02:00:00,18.35
2010-02-11 03:00:00,21.67
2010-02-11 04:00:00,37.96
2010-02-11 05:00:00,39.70
2010-02-11 06:00:00,33.41
2010-02-11 07:00:00,113.02
2010-02-11 08:00:00,112.85
2010-02-11 09:00:00,86.40
2010-02-11 10:00:00,84.27
2010-02-11 11:00:00,81.86
2010-02-11 12:00:00,96.15
2010-02-11 13:00:00,52.29
2010-02-11 14:00:00,18.34
2010-02-11 15:00:00,21.43
2010-02-11 16:00:00,28.66
2010-02-11 17:00:00,39.32
2010-02-11 18:00:00,86.18
2010-02-11 19:00:00,139.19
2010-02-11 20:00:00,129.60
2010-02-11 21:00:00,49.79
2010-02-11 22:00:00,24.86
2010-02-11 23:00:00,18.47
2010-02-12 00:00:00,19.30
2010-02-12 01:00:00,18.25
2010-02-12 02:00:00,59.19
2010-02-12 03:00:00,19.20
2010-02-12 04:00:00,22.47
2010-02-12 05:00:00,17.81
2010-02-12 06:00:00,94.16
2010-02-12 07:00:00,176.38
2010-02-12 08:00:00,95.37
2010-02-12 09:00:00,131.89
2010-02-12 10:00:00,129.16
2010-02-12 11:00:00,130.65
2010-02-12 12:00:00,98.16
2010-02-12 13:00:00,83.74
2010-02-12 14:00:00,86.45
2010-02-12 15:00:00,86.44
2010-02-12 16:00:00,88.26
2010-02-12 17:00:00,46.40
2010-02-12 18:00:00,42.73
2010-02-12 19:00:00,69.43
2010-02-12 20:00:00,127.12
2010-02-12 21:00:00,75.88
2010-02-12 22:00:00,124.72
2010-02-12 23:00:00,49.85
2010-02-13 00:00:00,19.17
2010-02-13 01:00:00,19.83
2010-02-13 02:00:00,17.22
2010-02-13 03:00:00,17.53
2010-02-13 04:00:00,20.23
2010-02-13 05:00:00,21.43
2010-02-13 06:00:00,68.58
2010-02-13 07:00:00,117.84
2010-02-13 08:00:00,123.72
2010-02-13 09:00:00,116.32
2010-02-13 10:00:00,158.56
2010-02-13 11:00:00,90.17
2010-02-13 12:00:00,235.45
2010-02-13 13:00:00,196.31
2010-02-13 14:00:00,250.44
2010-02-13 15:00:00,120.34
2010-02-13 16:00:00,96.21
2010-02-13 17:00:00,94.77
2010-02-13 18:00:00,93.84
2010-02-13 19:00:00,91.69
2010-02-13 20:00:00,95.26
2010-02-13 21:00:00,98.41
2010-02-13 22:00:00,93.23
2010-02-13 23:00:00,95.02
2010-02-14 00:00:00,95.68
2010-02-14 01:00:00,59.53
2010-02-14 02:00:00,30.61
2010-02-14 03:00:00,32.02
2010-02-14 04:00:00,29.10
2010-02-14 05:00:00,29.91
2010-02-14 06:00:00,28.87
2010-02-14 07:00:00,29.03
2010-02-14 08:00:00,29.16
2010-02-14 09:00:00,27.15
2010-02-14 10:00:00,31.70
2010-02-14 11:00:00,86.42
2010-02-14 12:00:00,83.97
2010-02-14 13:00:00,90.32
2010-02-14 14:00:00,97.49
2010-02-14 15:00:00,111.18
2010-02-14 16:00:00,106.22
2010-02-14 17:00:00,118.59
2010-02-14 18:00:00,112.56
2010-02-14 19:00:00,143.69
2010-02-14 20:00:00,134.77
2010-02-14 21:00:00,75.67
2010-02-14 22:00:00,52.48
2010-02-14 23:00:00,52.25
2010-02-15 00:00:00,34.15
2010-02-15 01:00:00,17.20
2010-02-15 02:00:00,18.15
2010-02-15 03:00:00,21.54
2010-02-15 04:00:00,20.36
2010-02-15 05:00:00,17.71
2010-02-15 06:00:00,62.47
2010-02-15 07:00:00,174.56
2010-02-15 08:00:00,85.37
2010-02-15 09:00:00,83.00
2010-02-15 10:00:00,85.29
2010-02-15 11:00:00,83.21
2010-02-15 12:00:00,84.07
2010-02-15 13:00:00,84.20
2010-02-15 14:00:00,86.68
2010-02-15 15:00:00,45.41
2010-02-15 16:00:00,22.10
2010-02-15 17:00:00,32.59
2010-02-15 18:00:00,91.01
2010-02-15 19:00:00,210.49
2010-02-15 20:00:00,277.18
2010-02-15 21:00:00,225.23
2010-02-15 22:00:00,161.41
2010-02-15 23:00:00,73.76
2010-02-16 00:00:00,22.47
2010-02-16 01:00:00,23.20
2010-02-16 02:00:00,23.89
2010-02-16 03:00:00,22.77
2010-02-16 04:00:00,26.42
2010-02-16 05:00:00,25.10
2010-02-16 06:00:00,59.74
2010-02-16 07:00:00,150.06
2010-02-16 08:00:00,147.69
2010-02-16 09:00:00,120.24
2010-02-16 10:00:00,93.16
2010-02-16 11:00:00,99.20
2010-02-16 12:00:00,85.37
2010-02-16 13:00:00,129.72
2010-02-16 14:00:00,108.02
2010-02-16 15:00:00,92.62
2010-02-16 16:00:00,43.71
2010-02-16 17:00:00,43.89
2010-02-16 18:00:00,48.43
2010-02-16 19:00:00,134.06
2010-02-16 20:00:00,104.39
2010-02-16 21:00:00,120.43
2010-02-16 22:00:00,45.33
2010-02-16 23:00:00,27.86
2010-02-17 00:00:00,25.85
2010-02-17 01:00:00,22.92
2010-02-17 02:00:00,22.71
2010-02-17 03:00:00,23.13
2010-02-17 04:00:00,24.57
2010-02-17 05:00:00,61.94
2010-02-17 06:00:00,48.11
2010-02-17 07:00:00,83.87
2010-02-17 08:00:00,135.44
2010-02-17 09:00:00,145.93
2010-02-17 10:00:00,104.57
2010-02-17 11:00:00,97.98
2010-02-17 12:00:00,243.60
2010-02-17 13:00:00,120.97
2010-02-17 14:00:00,99.76
2010-02-17 15:00:00,111.31
2010-02-17 16:00:00,38.12
2010-02-17 17:00:00,79.31
2010-02-17 18:00:00,130.26
2010-02-17 19:00:00,112.33
2010-02-17 20:00:00,191.94
2010-02-17 21:00:00,86.75
2010-02-17 22:00:00,21.68
2010-02-17 23:00:00,21.50
2010-02-18 00:00:00,22.12
2010-02-18 01:00:00,18.47
2010-02-18 02:00:00,56.85
2010-02-18 03:00:00,18.93
2010-02-18 04:00:00,17.66
2010-02-18 05:00:00,17.73
2010-02-18 06:00:00,62.23
2010-02-18 07:00:00,143.03
2010-02-18 08:00:00,112.09
2010-02-18 09:00:00,82.72
2010-02-18 10:00:00,83.75
2010-02-18 11:00:00,83.78
2010-02-18 12:00:00,87.43
2010-02-18 13:00:00,138.66
2010-02-18 14:00:00,119.91
2010-02-18 15:00:00,93.77
2010-02-18 16:00:00,73.16
2010-02-18 17:00:00,20.09
2010-02-18 18:00:00,59.70
2010-02-18 19:00:00,174.26
2010-02-18 20:00:00,149.70
2010-02-18 21:00:00,69.72
2010-02-18 22:00:00,34.69
2010-02-18 23:00:00,20.71
2010-02-19 00:00:00,20.42
2010-02-19 01:00:00,21.81
2010-02-19 02:00:00,18.55
2010-02-19 03:00:00,35.39
2010-02-19 04:00:00,39.29
2010-02-19 05:00:00,17.87
2010-02-19 06:00:00,37.96
2010-02-19 07:00:00,163.43
2010-02-19 08:00:00,124.59
2010-02-19 09:00:00,137.66
2010-02-19 10:00:00,95.75
2010-02-19 11:00:00,125.83
2010-02-19 12:00:00,77.76
2010-02-19 13:00:00,22.49
2010-02-19 14:00:00,47.25
2010-02-19 15:00:00,19.02
2010-02-19 16:00:00,89.13
2010-02-19 17:00:00,77.39
2010-02-19 18:00:00,41.83
2010-02-19 19:00:00,162.18
2010-02-19 20:00:00,148.68
2010-02-19 21:00:00,150.30
2010-02-19 22:00:00,161.57
2010-02-19 23:00:00,117.43
2010-02-20 00:00:00,84.73
2010-02-20 01:00:00,84.03
2010-02-20 02:00:00,20.20
2010-02-20 03:00:00,18.49
2010-02-20 04:00:00,19.06
2010-02-20 05:00:00,17.76
2010-02-20 06:00:00,37.19
2010-02-20 07:00:00,136.59
2010-02-20 08:00:00,100.98
2010-02-20 09:00:00,120.69
2010-02-20 10:00:00,129.58
2010-02-20 11:00:00,99.03
2010-02-20 12:00:00,90.31
2010-02-20 13:00:00,96.36
2010-02-20 14:00:00,87.48
2010-02-20 15:00:00,20.91
2010-02-20 16:00:00,20.90
2010-02-20 17:00:00,27.25
2010-02-20 18:00:00,184.58
2010-02-20 19:00:00,168.38
2010-02-20 20:00:00,133.36
2010-02-20 21:00:00,125.92
2010-02-20 22:00:00,116.30
2010-02-20 23:00:00,43.67
2010-02-21 00:00:00,18.92
2010-02-21 01:00:00,43.57
2010-02-21 02:00:00,35.40
2010-02-21 03:00:00,19.20
2010-02-21 04:00:00,20.21
2010-02-21 05:00:00,18.68
2010-02-21 06:00:00,19.36
2010-02-21 07:00:00,24.08
2010-02-21 08:00:00,76.10
2010-02-21 09:00:00,121.75
2010-02-21 10:00:00,75.02
2010-02-21 11:00:00,305.45
2010-02-21 12:00:00,132.49
2010-02-21 13:00:00,123.64
2010-02-21 14:00:00,278.29
2010-02-21 15:00:00,270.81
2010-02-21 16:00:00,144.39
2010-02-21 17:00:00,196.76
2010-02-21 18:00:00,118.63
2010-02-21 19:00:00,129.25
2010-02-21 20:00:00,151.89
2010-02-21 21:00:00,139.55
2010-02-21 22:00:00,130.12
2010-02-21 23:00:00,146.76
2010-02-22 00:00:00,103.07
2010-02-22 01:00:00,33.63
2010-02-22 02:00:00,17.81
2010-02-22 03:00:00,19.22
2010-02-22 04:00:00,18.53
2010-02-22 05:00:00,23.61
2010-02-22 06:00:00,109.26
2010-02-22 07:00:00,184.51
2010-02-22 08:00:00,113.48
2010-02-22 09:00:00,112.30
2010-02-22 10:00:00,85.64
2010-02-22 11:00:00,85.17
2010-02-22 12:00:00,33.87
2010-02-22 13:00:00,45.18
2010-02-22 14:00:00,21.40
2010-02-22 15:00:00,21.10
2010-02-22 16:00:00,23.17
2010-02-22 17:00:00,25.91
2010-02-22 18:00:00,39.93
2010-02-22 19:00:00,54.34
2010-02-22 20:00:00,156.96
2010-02-22 21:00:00,98.81
2010-02-22 22:00:00,27.29
2010-02-22 23:00:00,19.85
2010-02-23 00:00:00,20.05
2010-02-23 01:00:00,18.95
2010-02-23 02:00:00,19.20
2010-02-23 03:00:00,22.30
2010-02-23 04:00:00,38.20
2010-02-23 05:00:00,43.36
2010-02-23 06:00:00,28.56
2010-02-23 07:00:00,93.87
2010-02-23 08:00:00,99.25
2010-02-23 09:00:00,103.15
2010-02-23 10:00:00,93.06
2010-02-23 11:00:00,90.50
2010-02-23 12:00:00,62.43
2010-02-23 13:00:00,18.68
2010-02-23 14:00:00,18.30
2010-02-23 15:00:00,25.06
2010-02-23 16:00:00,20.54
2010-02-23 17:00:00,20.84
2010-02-23 18:00:00,66.05
2010-02-23 19:00:00,161.45
2010-02-23 20:00:00,81.47
2010-02-23 21:00:00,131.75
2010-02-23 22:00:00,161.64
2010-02-23 23:00:00,22.62
2010-02-24 00:00:00,19.91
2010-02-24 01:00:00,21.13
2010-02-24 02:00:00,20.49
2010-02-24 03:00:00,23.53
2010-02-24 04:00:00,23.08
2010-02-24 05:00:00,19.33
2010-02-24 06:00:00,77.34
2010-02-24 07:00:00,79.04
2010-02-24 08:00:00,201.38
2010-02-24 09:00:00,126.34
2010-02-24 10:00:00,95.07
2010-02-24 11:00:00,108.34
2010-02-24 12:00:00,108.93
2010-02-24 13:00:00,91.86
2010-02-24 14:00:00,90.11
2010-02-24 15:00:00,88.19
2010-02-24 16:00:00,86.04
2010-02-24 17:00:00,85.57
2010-02-24 18:00:00,89.42
2010-02-24 19:00:00,88.75
2010-02-24 20:00:00,171.42
2010-02-24 21:00:00,88.91
2010-02-24 22:00:00,74.58
2010-02-24 23:00:00,35.52
2010-02-25 00:00:00,41.05
2010-02-25 01:00:00,24.88
2010-02-25 02:00:00,64.89
2010-02-25 03:00:00,19.76
2010-02-25 04:00:00,17.71
2010-02-25 05:00:00,17.70
2010-02-25 06:00:00,38.40
2010-02-25 07:00:00,108.29
2010-02-25 08:00:00,89.60
2010-02-25 09:00:00,85.95
2010-02-25 10:00:00,90.68
2010-02-25 11:00:00,102.97
2010-02-25 12:00:00,101.90
2010-02-25 13:00:00,93.32
2010-02-25 14:00:00,92.46
2010-02-25 15:00:00,89.45
2010-02-25 16:00:00,123.86
2010-02-25 17:00:00,122.84
2010-02-25 18:00:00,111.46
2010-02-25 19:00:00,92.11
2010-02-25 20:00:00,84.78
2010-02-25 21:00:00,106.02
2010-02-25 22:00:00,100.41
2010-02-25 23:00:00,59.71
2010-02-26 00:00:00,37.97
2010-02-26 01:00:00,20.15
2010-02-26 02:00:00,19.92
2010-02-26 03:00:00,41.26
2010-02-26 04:00:00,38.22
2010-02-26 05:00:00,22.80
2010-02-26 06:00:00,36.56
2010-02-26 07:00:00,126.69
2010-02-26 08:00:00,56.52
2010-02-26 09:00:00,44.24
2010-02-26 10:00:00,77.78
2010-02-26 11:00:00,115.82
2010-02-26 12:00:00,99.20
2010-02-26 13:00:00,176.13
2010-02-26 14:00:00,84.68
2010-02-26 15:00:00,50.93
2010-02-26 16:00:00,85.89
2010-02-26 17:00:00,98.13
2010-02-26 18:00:00,103.99
2010-02-26 19:00:00,162.08
2010-02-26 20:00:00,152.63
2010-02-26 21:00:00,176.26
2010-02-26 22:00:00,190.82
2010-02-26 23:00:00,101.49
2010-02-27 00:00:00,47.46
2010-02-27 01:00:00,18.47
2010-02-27 02:00:00,22.71
2010-02-27 03:00:00,22.32
2010-02-27 04:00:00,18.08
2010-02-27 05:00:00,18.16
2010-02-27 06:00:00,18.20
2010-02-27 07:00:00,32.55
2010-02-27 08:00:00,38.80
2010-02-27 09:00:00,92.69
2010-02-27 10:00:00,105.49
2010-02-27 11:00:00,165.16
2010-02-27 12:00:00,103.09
2010-02-27 13:00:00,123.69
2010-02-27 14:00:00,123.50
2010-02-27 15:00:00,83.73
2010-02-27 16:00:00,126.06
2010-02-27 17:00:00,149.14
2010-02-27 18:00:00,157.88
2010-02-27 19:00:00,98.12
2010-02-27 20:00:00,98.07
2010-02-27 21:00:00,41.19
2010-02-27 22:00:00,31.33
2010-02-27 23:00:00,29.18
2010-02-28 00:00:00,34.21
2010-02-28 01:00:00,33.12
2010-02-28 02:00:00,32.93
2010-02-28 03:00:00,30.27
2010-02-28 04:00:00,30.92
2010-02-28 05:00:00,71.04
2010-02-28 06:00:00,40.23
2010-02-28 07:00:00,35.94
2010-02-28 08:00:00,29.87
2010-02-28 09:00:00,28.42
2010-02-28 10:00:00,27.21
2010-02-28 11:00:00,17.66
2010-02-28 12:00:00,19.78
2010-02-28 13:00:00,23.15
2010-02-28 14:00:00,20.99
2010-02-28 15:00:00,75.48
2010-02-28 16:00:00,19.75
2010-02-28 17:00:00,18.50
2010-02-28 18:00:00,21.53
2010-02-28 19:00:00,24.54
2010-02-28 20:00:00,20.51
2010-02-28 21:00:00,17.13
2010-02-28 22:00:00,17.77
2010-02-28 23:00:00,20.72
2010-03-01 00:00:00,21.45
2010-03-01 01:00:00,63.76
2010-03-01 02:00:00,31.99
2010-03-01 03:00:00,17.57
2010-03-01 04:00:00,20.21
2010-03-01 05:00:00,21.99
2010-03-01 06:00:00,19.56
2010-03-01 07:00:00,17.38
2010-03-01 08:00:00,24.98
2010-03-01 09:00:00,23.23
2010-03-01 10:00:00,23.96
2010-03-01 11:00:00,143.80
2010-03-01 12:00:00,127.37
2010-03-01 13:00:00,89.25
2010-03-01 14:00:00,86.64
2010-03-01 15:00:00,61.79
2010-03-01 16:00:00,57.57
2010-03-01 17:00:00,55.49
2010-03-01 18:00:00,52.56
2010-03-01 19:00:00,50.90
2010-03-01 20:00:00,94.77
2010-03-01 21:00:00,58.27
2010-03-01 22:00:00,74.10
2010-03-01 23:00:00,60.16
2010-03-02 00:00:00,28.80
2010-03-02 01:00:00,29.61
2010-03-02 02:00:00,33.22
2010-03-02 03:00:00,33.17
2010-03-02 04:00:00,29.36
2010-03-02 05:00:00,30.36
2010-03-02 06:00:00,31.68
2010-03-02 07:00:00,29.35
2010-03-02 08:00:00,94.49
2010-03-02 09:00:00,18.49
2010-03-02 10:00:00,20.11
2010-03-02 11:00:00,20.48
2010-03-02 12:00:00,34.67
2010-03-02 13:00:00,55.97
2010-03-02 14:00:00,21.58
2010-03-02 15:00:00,19.07
2010-03-02 16:00:00,18.31
2010-03-02 17:00:00,19.66
2010-03-02 18:00:00,21.37
2010-03-02 19:00:00,23.30
2010-03-02 20:00:00,19.32
2010-03-02 21:00:00,25.16
2010-03-02 22:00:00,60.02
2010-03-02 23:00:00,49.37
2010-03-03 00:00:00,46.05
2010-03-03 01:00:00,39.32
2010-03-03 02:00:00,30.99
2010-03-03 03:00:00,23.60
2010-03-03 04:00:00,21.00
2010-03-03 05:00:00,22.85
2010-03-03 06:00:00,18.70
2010-03-03 07:00:00,62.45
2010-03-03 08:00:00,91.30
2010-03-03 09:00:00,86.08
2010-03-03 10:00:00,86.98
2010-03-03 11:00:00,86.11
2010-03-03 12:00:00,36.41
2010-03-03 13:00:00,21.75
2010-03-03 14:00:00,20.62
2010-03-03 15:00:00,24.71
2010-03-03 16:00:00,20.18
2010-03-03 17:00:00,21.82
2010-03-03 18:00:00,19.23
2010-03-03 19:00:00,19.32
2010-03-03 20:00:00,59.75
2010-03-03 21:00:00,35.81
2010-03-03 22:00:00,20.63
2010-03-03 23:00:00,20.17
2010-03-04 00:00:00,20.23
2010-03-04 01:00:00,20.29
2010-03-04 02:00:00,23.09
2010-03-04 03:00:00,20.50
2010-03-04 04:00:00,19.31
2010-03-04 05:00:00,18.82
2010-03-04 06:00:00,76.80
2010-03-04 07:00:00,24.20
2010-03-04 08:00:00,21.29
2010-03-04 09:00:00,22.20
2010-03-04 10:00:00,21.10
2010-03-04 11:00:00,21.84
2010-03-04 12:00:00,23.20
2010-03-04 13:00:00,23.16
2010-03-04 14:00:00,19.03
2010-03-04 15:00:00,19.54
2010-03-04 16:00:00,76.97
2010-03-04 17:00:00,23.15
2010-03-04 18:00:00,38.21
2010-03-04 19:00:00,29.32
2010-03-04 20:00:00,29.04
2010-03-04 21:00:00,29.01
2010-03-04 22:00:00,29.96
2010-03-04 23:00:00,32.64
2010-03-05 00:00:00,30.07
2010-03-05 01:00:00,29.13
2010-03-05 02:00:00,83.23
2010-03-05 03:00:00,34.57
2010-03-05 04:00:00,32.88
2010-03-05 05:00:00,30.93
2010-03-05 06:00:00,28.84
2010-03-05 07:00:00,28.08
2010-03-05 08:00:00,22.17
2010-03-05 09:00:00,21.56
2010-03-05 10:00:00,31.50
2010-03-05 11:00:00,30.38
2010-03-05 12:00:00,88.81
2010-03-05 13:00:00,120.66
2010-03-05 14:00:00,123.55
2010-03-05 15:00:00,39.93
2010-03-05 16:00:00,24.20
2010-03-05 17:00:00,20.62
2010-03-05 18:00:00,18.34
2010-03-05 19:00:00,97.21
2010-03-05 20:00:00,59.66
2010-03-05 21:00:00,52.88
2010-03-05 22:00:00,55.26
2010-03-05 23:00:00,29.27
2010-03-06 00:00:00,27.47
2010-03-06 01:00:00,22.21
2010-03-06 02:00:00,18.19
2010-03-06 03:00:00,20.12
2010-03-06 04:00:00,17.98
2010-03-06 05:00:00,17.68
2010-03-06 06:00:00,37.52
2010-03-06 07:00:00,49.28
2010-03-06 08:00:00,19.43
2010-03-06 09:00:00,37.83
2010-03-06 10:00:00,75.66
2010-03-06 11:00:00,68.41
2010-03-06 12:00:00,20.33
2010-03-06 13:00:00,18.60
2010-03-06 14:00:00,19.86
2010-03-06 15:00:00,19.13
2010-03-06 16:00:00,60.21
2010-03-06 17:00:00,64.00
2010-03-06 18:00:00,28.88
2010-03-06 19:00:00,28.42
2010-03-06 20:00:00,28.64
2010-03-06 21:00:00,30.40
2010-03-06 22:00:00,34.19
2010-03-06 23:00:00,30.30
2010-03-07 00:00:00,29.79
2010-03-07 01:00:00,68.91
2010-03-07 02:00:00,36.60
2010-03-07 03:00:00,31.94
2010-03-07 04:00:00,31.73
2010-03-07 05:00:00,29.57
2010-03-07 06:00:00,29.63
2010-03-07 07:00:00,29.32
2010-03-07 08:00:00,31.13
2010-03-07 09:00:00,31.52
2010-03-07 10:00:00,26.25
2010-03-07 11:00:00,63.67
2010-03-07 12:00:00,18.35
2010-03-07 13:00:00,17.61
2010-03-07 14:00:00,22.00
2010-03-07 15:00:00,61.14
2010-03-07 16:00:00,46.16
2010-03-07 17:00:00,146.09
2010-03-07 18:00:00,154.52
2010-03-07 19:00:00,91.71
2010-03-07 20:00:00,128.43
2010-03-07 21:00:00,132.59
2010-03-07 22:00:00,68.97
2010-03-07 23:00:00,44.83
2010-03-08 00:00:00,42.55
2010-03-08 01:00:00,63.45
2010-03-08 02:00:00,21.54
2010-03-08 03:00:00,21.96
2010-03-08 04:00:00,20.85
2010-03-08 05:00:00,24.35
2010-03-08 06:00:00,61.56
2010-03-08 07:00:00,175.57
2010-03-08 08:00:00,204.62
2010-03-08 09:00:00,211.10
2010-03-08 10:00:00,129.13
2010-03-08 11:00:00,111.13
2010-03-08 12:00:00,182.55
2010-03-08 13:00:00,143.08
2010-03-08 14:00:00,121.58
2010-03-08 15:00:00,238.14
2010-03-08 16:00:00,124.94
2010-03-08 17:00:00,94.26
2010-03-08 18:00:00,115.09
2010-03-08 19:00:00,103.76
2010-03-08 20:00:00,146.93
2010-03-08 21:00:00,85.62
2010-03-08 22:00:00,90.34
2010-03-08 23:00:00,23.00
2010-03-09 00:00:00,22.59
2010-03-09 01:00:00,21.59
2010-03-09 02:00:00,25.04
2010-03-09 03:00:00,23.62
2010-03-09 04:00:00,21.38
2010-03-09 05:00:00,20.32
2010-03-09 06:00:00,62.58
2010-03-09 07:00:00,162.31
2010-03-09 08:00:00,135.97
2010-03-09 09:00:00,93.60
2010-03-09 10:00:00,90.19
2010-03-09 11:00:00,96.61
2010-03-09 12:00:00,98.40
2010-03-09 13:00:00,131.34
2010-03-09 14:00:00,45.93
2010-03-09 15:00:00,28.95
2010-03-09 16:00:00,51.86
2010-03-09 17:00:00,32.47
2010-03-09 18:00:00,55.35
2010-03-09 19:00:00,111.06
2010-03-09 20:00:00,164.80
2010-03-09 21:00:00,142.77
2010-03-09 22:00:00,93.53
2010-03-09 23:00:00,27.86
2010-03-10 00:00:00,68.09
2010-03-10 01:00:00,20.75
2010-03-10 02:00:00,20.88
2010-03-10 03:00:00,19.61
2010-03-10 04:00:00,19.36
2010-03-10 05:00:00,23.27
2010-03-10 06:00:00,58.79
2010-03-10 07:00:00,154.08
2010-03-10 08:00:00,123.19
2010-03-10 09:00:00,117.79
2010-03-10 10:00:00,85.55
2010-03-10 11:00:00,87.76
2010-03-10 12:00:00,106.54
2010-03-10 13:00:00,92.79
2010-03-10 14:00:00,106.36
2010-03-10 15:00:00,107.31
2010-03-10 16:00:00,106.18
2010-03-10 17:00:00,106.14
2010-03-10 18:00:00,92.04
2010-03-10 19:00:00,65.16
2010-03-10 20:00:00,65.52
2010-03-10 21:00:00,82.70
2010-03-10 22:00:00,58.74
2010-03-10 23:00:00,34.02
2010-03-11 00:00:00,42.84
2010-03-11 01:00:00,50.24
2010-03-11 02:00:00,19.53
2010-03-11 03:00:00,23.31
2010-03-11 04:00:00,19.23
2010-03-11 05:00:00,19.64
2010-03-11 06:00:00,55.42
2010-03-11 07:00:00,123.13
2010-03-11 08:00:00,114.19
2010-03-11 09:00:00,86.12
2010-03-11 10:00:00,89.38
2010-03-11 11:00:00,82.50
2010-03-11 12:00:00,82.79
2010-03-11 13:00:00,84.67
2010-03-11 14:00:00,87.02
2010-03-11 15:00:00,23.84
2010-03-11 16:00:00,17.92
2010-03-11 17:00:00,18.13
2010-03-11 18:00:00,88.57
2010-03-11 19:00:00,149.42
2010-03-11 20:00:00,209.14
2010-03-11 21:00:00,236.78
2010-03-11 22:00:00,124.72
2010-03-11 23:00:00,102.56
2010-03-12 00:00:00,83.87
2010-03-12 01:00:00,21.35
2010-03-12 02:00:00,18.12
2010-03-12 03:00:00,17.90
2010-03-12 04:00:00,18.43
2010-03-12 05:00:00,18.78
2010-03-12 06:00:00,22.38
2010-03-12 07:00:00,121.01
2010-03-12 08:00:00,142.44
2010-03-12 09:00:00,116.57
2010-03-12 10:00:00,82.34
2010-03-12 11:00:00,86.56
2010-03-12 12:00:00,85.12
2010-03-12 13:00:00,84.82
2010-03-12 14:00:00,94.54
2010-03-12 15:00:00,77.39
2010-03-12 16:00:00,60.39
2010-03-12 17:00:00,40.10
2010-03-12 18:00:00,67.12
2010-03-12 19:00:00,175.39
2010-03-12 20:00:00,54.11
2010-03-12 21:00:00,47.98
2010-03-12 22:00:00,43.66
2010-03-12 23:00:00,65.04
2010-03-13 00:00:00,20.69
2010-03-13 01:00:00,18.61
2010-03-13 02:00:00,18.52
2010-03-13 03:00:00,22.17
2010-03-13 04:00:00,18.20
2010-03-13 05:00:00,18.73
2010-03-13 06:00:00,36.56
2010-03-13 07:00:00,126.55
2010-03-13 08:00:00,96.77
2010-03-13 09:00:00,113.54
2010-03-13 10:00:00,166.20
2010-03-13 11:00:00,120.08
2010-03-13 12:00:00,139.45
2010-03-13 13:00:00,103.14
2010-03-13 14:00:00,182.43
2010-03-13 15:00:00,127.53
2010-03-13 16:00:00,54.59
2010-03-13 17:00:00,172.52
2010-03-13 18:00:00,230.54
2010-03-13 19:00:00,205.24
2010-03-13 20:00:00,125.70
2010-03-13 21:00:00,85.55
2010-03-13 22:00:00,87.24
2010-03-13 23:00:00,92.44
2010-03-14 00:00:00,90.97
2010-03-14 01:00:00,59.70
2010-03-14 02:00:00,19.79
2010-03-14 03:00:00,19.95
2010-03-14 04:00:00,23.81
2010-03-14 05:00:00,18.60
2010-03-14 06:00:00,18.34
2010-03-14 07:00:00,20.32
2010-03-14 08:00:00,19.66
2010-03-14 09:00:00,51.97
2010-03-14 10:00:00,68.86
2010-03-14 11:00:00,61.54
2010-03-14 12:00:00,106.92
2010-03-14 13:00:00,105.60
2010-03-14 14:00:00,61.51
2010-03-14 15:00:00,62.42
2010-03-14 16:00:00,46.66
2010-03-14 17:00:00,91.43
2010-03-14 18:00:00,70.39
2010-03-14 19:00:00,98.71
2010-03-14 20:00:00,90.42
2010-03-14 21:00:00,179.58
2010-03-14 22:00:00,107.99
2010-03-14 23:00:00,71.58
2010-03-15 00:00:00,25.78
2010-03-15 01:00:00,19.21
2010-03-15 02:00:00,33.78
2010-03-15 03:00:00,40.48
2010-03-15 04:00:00,18.38
2010-03-15 05:00:00,23.27
2010-03-15 06:00:00,38.88
2010-03-15 07:00:00,117.86
2010-03-15 08:00:00,85.70
2010-03-15 09:00:00,89.18
2010-03-15 10:00:00,91.23
2010-03-15 11:00:00,92.13
2010-03-15 12:00:00,101.08
2010-03-15 13:00:00,85.12
2010-03-15 14:00:00,87.13
2010-03-15 15:00:00,90.21
2010-03-15 16:00:00,61.48
2010-03-15 17:00:00,28.34
2010-03-15 18:00:00,29.34
2010-03-15 19:00:00,175.75
2010-03-15 20:00:00,165.89
2010-03-15 21:00:00,153.44
2010-03-15 22:00:00,104.62
2010-03-15 23:00:00,33.56
2010-03-16 00:00:00,18.77
2010-03-16 01:00:00,24.13
2010-03-16 02:00:00,20.08
2010-03-16 03:00:00,17.98
2010-03-16 04:00:00,54.04
2010-03-16 05:00:00,20.33
2010-03-16 06:00:00,90.77
2010-03-16 07:00:00,98.88
2010-03-16 08:00:00,122.36
2010-03-16 09:00:00,96.42
2010-03-16 10:00:00,85.71
2010-03-16 11:00:00,89.16
2010-03-16 12:00:00,83.61
2010-03-16 13:00:00,36.18
2010-03-16 14:00:00,31.36
2010-03-16 15:00:00,38.31
2010-03-16 16:00:00,42.97
2010-03-16 17:00:00,43.15
2010-03-16 18:00:00,93.44
2010-03-16 19:00:00,102.82
2010-03-16 20:00:00,87.97
2010-03-16 21:00:00,101.81
2010-03-16 22:00:00,115.61
2010-03-16 23:00:00,26.78
2010-03-17 00:00:00,20.83
2010-03-17 01:00:00,19.13
2010-03-17 02:00:00,24.70
2010-03-17 03:00:00,22.82
2010-03-17 04:00:00,19.91
2010-03-17 05:00:00,19.14
2010-03-17 06:00:00,65.93
2010-03-17 07:00:00,123.18
2010-03-17 08:00:00,120.37
2010-03-17 09:00:00,116.65
2010-03-17 10:00:00,86.51
2010-03-17 11:00:00,106.83
2010-03-17 12:00:00,176.59
2010-03-17 13:00:00,150.91
2010-03-17 14:00:00,102.16
2010-03-17 15:00:00,101.71
2010-03-17 16:00:00,87.00
2010-03-17 17:00:00,76.22
2010-03-17 18:00:00,146.04
2010-03-17 19:00:00,102.06
2010-03-17 20:00:00,80.65
2010-03-17 21:00:00,134.91
2010-03-17 22:00:00,81.03
2010-03-17 23:00:00,23.83
2010-03-18 00:00:00,22.12
2010-03-18 01:00:00,23.33
2010-03-18 02:00:00,19.02
2010-03-18 03:00:00,20.08
2010-03-18 04:00:00,18.01
2010-03-18 05:00:00,38.10
2010-03-18 06:00:00,119.44
2010-03-18 07:00:00,106.76
2010-03-18 08:00:00,105.28
2010-03-18 09:00:00,82.24
2010-03-18 10:00:00,90.77
2010-03-18 11:00:00,34.59
2010-03-18 12:00:00,26.54
2010-03-18 13:00:00,24.61
2010-03-18 14:00:00,24.89
2010-03-18 15:00:00,48.45
2010-03-18 16:00:00,53.32
2010-03-18 17:00:00,75.14
2010-03-18 18:00:00,97.19
2010-03-18 19:00:00,149.85
2010-03-18 20:00:00,181.02
2010-03-18 21:00:00,117.53
2010-03-18 22:00:00,49.57
2010-03-18 23:00:00,34.83
2010-03-19 00:00:00,28.79
2010-03-19 01:00:00,31.58
2010-03-19 02:00:00,33.08
2010-03-19 03:00:00,44.08
2010-03-19 04:00:00,54.18
2010-03-19 05:00:00,30.67
2010-03-19 06:00:00,43.85
2010-03-19 07:00:00,85.24
2010-03-19 08:00:00,108.64
2010-03-19 09:00:00,84.59
2010-03-19 10:00:00,88.21
2010-03-19 11:00:00,82.19
2010-03-19 12:00:00,86.46
2010-03-19 13:00:00,87.16
2010-03-19 14:00:00,95.97
2010-03-19 15:00:00,85.33
2010-03-19 16:00:00,26.81
2010-03-19 17:00:00,30.71
2010-03-19 18:00:00,46.55
2010-03-19 19:00:00,163.43
2010-03-19 20:00:00,112.92
2010-03-19 21:00:00,84.28
2010-03-19 22:00:00,88.57
2010-03-19 23:00:00,40.10
2010-03-20 00:00:00,67.94
2010-03-20 01:00:00,23.42
2010-03-20 02:00:00,21.00
2010-03-20 03:00:00,22.75
2010-03-20 04:00:00,25.32
2010-03-20 05:00:00,25.32
2010-03-20 06:00:00,25.32
2010-03-20 07:00:00,25.32
2010-03-20 08:00:00,25.32
2010-03-20 09:00:00,25.32
2010-03-20 10:00:00,25.32
2010-03-20 11:00:00,25.32
2010-03-20 12:00:00,25.32
2010-03-20 13:00:00,25.32
2010-03-20 14:00:00,25.32
2010-03-20 15:00:00,25.32
2010-03-20 16:00:00,25.32
2010-03-20 17:00:00,25.32
2010-03-20 18:00:00,25.32
2010-03-20 19:00:00,25.32
2010-03-20 20:00:00,25.32
2010-03-20 21:00:00,25.32
2010-03-20 22:00:00,25.32
2010-03-20 23:00:00,25.32
2010-03-21 00:00:00,25.32
2010-03-21 01:00:00,25.32
2010-03-21 02:00:00,25.32
2010-03-21 03:00:00,25.32
2010-03-21 04:00:00,25.32
2010-03-21 05:00:00,25.32
2010-03-21 06:00:00,25.32
2010-03-21 07:00:00,25.32
2010-03-21 08:00:00,25.32
2010-03-21 09:00:00,25.32
2010-03-21 10:00:00,25.32
2010-03-21 11:00:00,25.32
2010-03-21 12:00:00,25.32
2010-03-21 13:00:00,37.37
2010-03-21 14:00:00,104.40
2010-03-21 15:00:00,110.66
2010-03-21 16:00:00,81.69
2010-03-21 17:00:00,25.02
2010-03-21 18:00:00,31.08
2010-03-21 19:00:00,151.43
2010-03-21 20:00:00,149.53
2010-03-21 21:00:00,149.94
2010-03-21 22:00:00,41.58
2010-03-21 23:00:00,51.04
2010-03-22 00:00:00,34.34
2010-03-22 01:00:00,18.79
2010-03-22 02:00:00,54.61
2010-03-22 03:00:00,18.40
2010-03-22 04:00:00,22.57
2010-03-22 05:00:00,22.32
2010-03-22 06:00:00,85.17
2010-03-22 07:00:00,109.03
2010-03-22 08:00:00,84.87
2010-03-22 09:00:00,82.35
2010-03-22 10:00:00,84.16
2010-03-22 11:00:00,82.10
2010-03-22 12:00:00,99.99
2010-03-22 13:00:00,93.74
2010-03-22 14:00:00,88.34
2010-03-22 15:00:00,83.65
2010-03-22 16:00:00,74.38
2010-03-22 17:00:00,18.70
2010-03-22 18:00:00,45.93
2010-03-22 19:00:00,85.70
2010-03-22 20:00:00,128.02
2010-03-22 21:00:00,114.00
2010-03-22 22:00:00,69.39
2010-03-22 23:00:00,18.04
2010-03-23 00:00:00,20.16
2010-03-23 01:00:00,62.76
2010-03-23 02:00:00,22.60
2010-03-23 03:00:00,22.36
2010-03-23 04:00:00,19.94
2010-03-23 05:00:00,17.38
2010-03-23 06:00:00,29.29
2010-03-23 07:00:00,76.77
2010-03-23 08:00:00,132.96
2010-03-23 09:00:00,116.75
2010-03-23 10:00:00,98.44
2010-03-23 11:00:00,88.73
2010-03-23 12:00:00,88.25
2010-03-23 13:00:00,83.02
2010-03-23 14:00:00,96.52
2010-03-23 15:00:00,133.62
2010-03-23 16:00:00,61.07
2010-03-23 17:00:00,34.77
2010-03-23 18:00:00,31.64
2010-03-23 19:00:00,146.78
2010-03-23 20:00:00,149.76
2010-03-23 21:00:00,150.09
2010-03-23 22:00:00,109.57
2010-03-23 23:00:00,28.94
2010-03-24 00:00:00,18.11
2010-03-24 01:00:00,20.81
2010-03-24 02:00:00,18.83
2010-03-24 03:00:00,44.88
2010-03-24 04:00:00,40.22
2010-03-24 05:00:00,20.39
2010-03-24 06:00:00,83.19
2010-03-24 07:00:00,104.01
2010-03-24 08:00:00,107.30
2010-03-24 09:00:00,104.88
2010-03-24 10:00:00,108.19
2010-03-24 11:00:00,190.91
2010-03-24 12:00:00,130.46
2010-03-24 13:00:00,155.02
2010-03-24 14:00:00,183.21
2010-03-24 15:00:00,90.59
2010-03-24 16:00:00,40.88
2010-03-24 17:00:00,43.99
2010-03-24 18:00:00,38.34
2010-03-24 19:00:00,79.29
2010-03-24 20:00:00,124.65
2010-03-24 21:00:00,143.76
2010-03-24 22:00:00,75.51
2010-03-24 23:00:00,27.32
2010-03-25 00:00:00,27.33
2010-03-25 01:00:00,28.83
2010-03-25 02:00:00,28.32
2010-03-25 03:00:00,30.56
2010-03-25 04:00:00,27.51
2010-03-25 05:00:00,58.96
2010-03-25 06:00:00,72.92
2010-03-25 07:00:00,117.19
2010-03-25 08:00:00,120.49
2010-03-25 09:00:00,103.71
2010-03-25 10:00:00,104.99
2010-03-25 11:00:00,102.35
2010-03-25 12:00:00,108.65
2010-03-25 13:00:00,91.61
2010-03-25 14:00:00,28.12
2010-03-25 15:00:00,20.29
2010-03-25 16:00:00,20.41
2010-03-25 17:00:00,23.10
2010-03-25 18:00:00,47.97
2010-03-25 19:00:00,95.80
2010-03-25 20:00:00,145.91
2010-03-25 21:00:00,127.30
2010-03-25 22:00:00,95.63
2010-03-25 23:00:00,51.92
2010-03-26 00:00:00,20.25
2010-03-26 01:00:00,24.49
2010-03-26 02:00:00,22.44
2010-03-26 03:00:00,18.22
2010-03-26 04:00:00,20.02
2010-03-26 05:00:00,17.68
2010-03-26 06:00:00,70.88
2010-03-26 07:00:00,137.82
2010-03-26 08:00:00,109.56
2010-03-26 09:00:00,114.84
2010-03-26 10:00:00,83.36
2010-03-26 11:00:00,72.58
2010-03-26 12:00:00,46.25
2010-03-26 13:00:00,29.29
2010-03-26 14:00:00,35.28
2010-03-26 15:00:00,63.08
2010-03-26 16:00:00,89.91
2010-03-26 17:00:00,89.63
2010-03-26 18:00:00,55.40
2010-03-26 19:00:00,67.68
2010-03-26 20:00:00,131.41
2010-03-26 21:00:00,169.15
2010-03-26 22:00:00,95.60
2010-03-26 23:00:00,66.44
2010-03-27 00:00:00,30.07
2010-03-27 01:00:00,22.11
2010-03-27 02:00:00,19.40
2010-03-27 03:00:00,20.77
2010-03-27 04:00:00,22.73
2010-03-27 05:00:00,57.84
2010-03-27 06:00:00,27.46
2010-03-27 07:00:00,26.68
2010-03-27 08:00:00,38.87
2010-03-27 09:00:00,115.53
2010-03-27 10:00:00,148.59
2010-03-27 11:00:00,119.42
2010-03-27 12:00:00,84.59
2010-03-27 13:00:00,85.99
2010-03-27 14:00:00,83.57
2010-03-27 15:00:00,81.43
2010-03-27 16:00:00,105.22
2010-03-27 17:00:00,166.80
2010-03-27 18:00:00,209.55
2010-03-27 19:00:00,75.28
2010-03-27 20:00:00,63.63
2010-03-27 21:00:00,76.05
2010-03-27 22:00:00,87.77
2010-03-27 23:00:00,78.62
2010-03-28 00:00:00,61.50
2010-03-28 01:00:00,28.48
2010-03-28 02:00:00,75.51
2010-03-28 03:00:00,74.44
2010-03-28 04:00:00,22.65
2010-03-28 05:00:00,24.20
2010-03-28 06:00:00,18.56
2010-03-28 07:00:00,20.56
2010-03-28 08:00:00,28.99
2010-03-28 09:00:00,29.72
2010-03-28 10:00:00,121.03
2010-03-28 11:00:00,127.82
2010-03-28 12:00:00,54.61
2010-03-28 13:00:00,67.20
2010-03-28 14:00:00,151.16
2010-03-28 15:00:00,37.39
2010-03-28 16:00:00,47.53
2010-03-28 17:00:00,46.06
2010-03-28 18:00:00,53.59
2010-03-28 19:00:00,165.99
2010-03-28 20:00:00,180.43
2010-03-28 21:00:00,154.36
2010-03-28 22:00:00,157.27
2010-03-28 23:00:00,49.16
2010-03-29 00:00:00,21.82
2010-03-29 01:00:00,22.05
2010-03-29 02:00:00,21.06
2010-03-29 03:00:00,23.70
2010-03-29 04:00:00,28.44
2010-03-29 05:00:00,52.99
2010-03-29 06:00:00,36.35
2010-03-29 07:00:00,135.10
2010-03-29 08:00:00,84.45
2010-03-29 09:00:00,87.68
2010-03-29 10:00:00,85.66
2010-03-29 11:00:00,88.71
2010-03-29 12:00:00,88.20
2010-03-29 13:00:00,91.25
2010-03-29 14:00:00,85.16
2010-03-29 15:00:00,87.82
2010-03-29 16:00:00,87.27
2010-03-29 17:00:00,88.85
2010-03-29 18:00:00,53.61
2010-03-29 19:00:00,50.68
2010-03-29 20:00:00,92.00
2010-03-29 21:00:00,122.50
2010-03-29 22:00:00,52.38
2010-03-29 23:00:00,35.03
2010-03-30 00:00:00,28.93
2010-03-30 01:00:00,26.71
2010-03-30 02:00:00,24.74
2010-03-30 03:00:00,26.93
2010-03-30 04:00:00,31.43
2010-03-30 05:00:00,72.48
2010-03-30 06:00:00,31.01
2010-03-30 07:00:00,154.57
2010-03-30 08:00:00,157.55
2010-03-30 09:00:00,120.78
2010-03-30 10:00:00,105.69
2010-03-30 11:00:00,88.67
2010-03-30 12:00:00,86.85
2010-03-30 13:00:00,134.98
2010-03-30 14:00:00,92.57
2010-03-30 15:00:00,68.59
2010-03-30 16:00:00,53.10
2010-03-30 17:00:00,53.96
2010-03-30 18:00:00,40.68
2010-03-30 19:00:00,56.92
2010-03-30 20:00:00,105.62
2010-03-30 21:00:00,178.21
2010-03-30 22:00:00,136.37
2010-03-30 23:00:00,29.13
2010-03-31 00:00:00,28.01
2010-03-31 01:00:00,19.47
2010-03-31 02:00:00,19.98
2010-03-31 03:00:00,17.84
2010-03-31 04:00:00,17.72
2010-03-31 05:00:00,37.80
2010-03-31 06:00:00,62.87
2010-03-31 07:00:00,110.67
2010-03-31 08:00:00,132.06
2010-03-31 09:00:00,135.42
2010-03-31 10:00:00,84.36
2010-03-31 11:00:00,116.36
2010-03-31 12:00:00,120.43
2010-03-31 13:00:00,188.10
2010-03-31 14:00:00,29.49
2010-03-31 15:00:00,58.38
2010-03-31 16:00:00,123.63
2010-03-31 17:00:00,51.02
2010-03-31 18:00:00,66.58
2010-03-31 19:00:00,116.27
2010-03-31 20:00:00,130.05
2010-03-31 21:00:00,157.19
2010-03-31 22:00:00,73.56
2010-03-31 23:00:00,26.53
2010-04-01 00:00:00,22.08
2010-04-01 01:00:00,22.46
2010-04-01 02:00:00,18.52
2010-04-01 03:00:00,18.92
2010-04-01 04:00:00,24.72
2010-04-01 05:00:00,57.36
2010-04-01 06:00:00,42.69
2010-04-01 07:00:00,113.86
2010-04-01 08:00:00,104.37
2010-04-01 09:00:00,84.64
2010-04-01 10:00:00,85.67
2010-04-01 11:00:00,83.53
2010-04-01 12:00:00,84.71
2010-04-01 13:00:00,81.73
2010-04-01 14:00:00,67.22
2010-04-01 15:00:00,22.13
2010-04-01 16:00:00,26.24
2010-04-01 17:00:00,20.45
2010-04-01 18:00:00,41.68
2010-04-01 19:00:00,119.47
2010-04-01 20:00:00,170.92
2010-04-01 21:00:00,149.29
2010-04-01 22:00:00,139.88
2010-04-01 23:00:00,84.90
2010-04-02 00:00:00,43.67
2010-04-02 01:00:00,17.83
2010-04-02 02:00:00,22.16
2010-04-02 03:00:00,21.12
2010-04-02 04:00:00,17.93
2010-04-02 05:00:00,17.50
2010-04-02 06:00:00,64.60
2010-04-02 07:00:00,115.17
2010-04-02 08:00:00,104.86
2010-04-02 09:00:00,114.18
2010-04-02 10:00:00,91.85
2010-04-02 11:00:00,89.41
2010-04-02 12:00:00,109.79
2010-04-02 13:00:00,29.24
2010-04-02 14:00:00,44.03
2010-04-02 15:00:00,92.20
2010-04-02 16:00:00,94.70
2010-04-02 17:00:00,90.88
2010-04-02 18:00:00,52.55
2010-04-02 19:00:00,91.52
2010-04-02 20:00:00,135.78
2010-04-02 21:00:00,92.79
2010-04-02 22:00:00,69.87
2010-04-02 23:00:00,25.00
2010-04-03 00:00:00,45.53
2010-04-03 01:00:00,34.20
2010-04-03 02:00:00,18.01
2010-04-03 03:00:00,20.27
2010-04-03 04:00:00,18.02
2010-04-03 05:00:00,17.16
2010-04-03 06:00:00,39.33
2010-04-03 07:00:00,151.17
2010-04-03 08:00:00,118.72
2010-04-03 09:00:00,97.96
2010-04-03 10:00:00,126.91
2010-04-03 11:00:00,138.69
2010-04-03 12:00:00,103.29
2010-04-03 13:00:00,99.71
2010-04-03 14:00:00,94.57
2010-04-03 15:00:00,89.40
2010-04-03 16:00:00,93.40
2010-04-03 17:00:00,91.05
2010-04-03 18:00:00,91.41
2010-04-03 19:00:00,90.90
2010-04-03 20:00:00,95.42
2010-04-03 21:00:00,69.36
2010-04-03 22:00:00,26.69
2010-04-03 23:00:00,34.11
2010-04-04 00:00:00,33.35
2010-04-04 01:00:00,20.34
2010-04-04 02:00:00,57.66
2010-04-04 03:00:00,34.65
2010-04-04 04:00:00,24.74
2010-04-04 05:00:00,17.64
2010-04-04 06:00:00,18.45
2010-04-04 07:00:00,33.45
2010-04-04 08:00:00,33.80
2010-04-04 09:00:00,79.72
2010-04-04 10:00:00,97.59
2010-04-04 11:00:00,61.73
2010-04-04 12:00:00,123.47
2010-04-04 13:00:00,93.10
2010-04-04 14:00:00,89.70
2010-04-04 15:00:00,167.20
2010-04-04 16:00:00,140.71
2010-04-04 17:00:00,165.73
2010-04-04 18:00:00,120.64
2010-04-04 19:00:00,120.95
2010-04-04 20:00:00,69.39
2010-04-04 21:00:00,25.74
2010-04-04 22:00:00,30.36
2010-04-04 23:00:00,30.26
2010-04-05 00:00:00,21.74
2010-04-05 01:00:00,17.33
2010-04-05 02:00:00,26.84
2010-04-05 03:00:00,49.88
2010-04-05 04:00:00,18.00
2010-04-05 05:00:00,18.40
2010-04-05 06:00:00,21.45
2010-04-05 07:00:00,51.44
2010-04-05 08:00:00,25.05
2010-04-05 09:00:00,67.43
2010-04-05 10:00:00,166.09
2010-04-05 11:00:00,79.40
2010-04-05 12:00:00,51.06
2010-04-05 13:00:00,20.93
2010-04-05 14:00:00,17.91
2010-04-05 15:00:00,33.64
2010-04-05 16:00:00,34.10
2010-04-05 17:00:00,26.68
2010-04-05 18:00:00,83.04
2010-04-05 19:00:00,39.01
2010-04-05 20:00:00,72.55
2010-04-05 21:00:00,121.88
2010-04-05 22:00:00,36.14
2010-04-05 23:00:00,18.82
2010-04-06 00:00:00,18.91
2010-04-06 01:00:00,23.40
2010-04-06 02:00:00,21.21
2010-04-06 03:00:00,17.79
2010-04-06 04:00:00,19.43
2010-04-06 05:00:00,57.50
2010-04-06 06:00:00,29.93
2010-04-06 07:00:00,56.10
2010-04-06 08:00:00,103.68
2010-04-06 09:00:00,110.05
2010-04-06 10:00:00,123.11
2010-04-06 11:00:00,115.33
2010-04-06 12:00:00,92.77
2010-04-06 13:00:00,94.23
2010-04-06 14:00:00,119.66
2010-04-06 15:00:00,118.82
2010-04-06 16:00:00,46.62
2010-04-06 17:00:00,44.28
2010-04-06 18:00:00,43.04
2010-04-06 19:00:00,51.49
2010-04-06 20:00:00,191.95
2010-04-06 21:00:00,150.77
2010-04-06 22:00:00,125.26
2010-04-06 23:00:00,50.54
2010-04-07 00:00:00,20.67
2010-04-07 01:00:00,21.88
2010-04-07 02:00:00,56.07
2010-04-07 03:00:00,28.72
2010-04-07 04:00:00,23.94
2010-04-07 05:00:00,25.78
2010-04-07 06:00:00,59.79
2010-04-07 07:00:00,147.84
2010-04-07 08:00:00,84.83
2010-04-07 09:00:00,81.92
2010-04-07 10:00:00,85.37
2010-04-07 11:00:00,116.00
2010-04-07 12:00:00,96.04
2010-04-07 13:00:00,96.89
2010-04-07 14:00:00,120.76
2010-04-07 15:00:00,38.33
2010-04-07 16:00:00,25.85
2010-04-07 17:00:00,22.59
2010-04-07 18:00:00,26.18
2010-04-07 19:00:00,47.98
2010-04-07 20:00:00,162.62
2010-04-07 21:00:00,105.66
2010-04-07 22:00:00,79.68
2010-04-07 23:00:00,21.60
2010-04-08 00:00:00,24.08
2010-04-08 01:00:00,58.08
2010-04-08 02:00:00,31.06
2010-04-08 03:00:00,20.66
2010-04-08 04:00:00,18.34
2010-04-08 05:00:00,21.79
2010-04-08 06:00:00,40.80
2010-04-08 07:00:00,120.85
2010-04-08 08:00:00,111.89
2010-04-08 09:00:00,87.52
2010-04-08 10:00:00,87.17
2010-04-08 11:00:00,86.91
2010-04-08 12:00:00,94.20
2010-04-08 13:00:00,93.94
2010-04-08 14:00:00,73.91
2010-04-08 15:00:00,24.23
2010-04-08 16:00:00,21.41
2010-04-08 17:00:00,33.48
2010-04-08 18:00:00,50.97
2010-04-08 19:00:00,94.24
2010-04-08 20:00:00,159.26
2010-04-08 21:00:00,151.17
2010-04-08 22:00:00,117.81
2010-04-08 23:00:00,25.47
2010-04-09 00:00:00,18.93
2010-04-09 01:00:00,19.89
2010-04-09 02:00:00,17.12
2010-04-09 03:00:00,21.92
2010-04-09 04:00:00,21.36
2010-04-09 05:00:00,22.35
2010-04-09 06:00:00,51.86
2010-04-09 07:00:00,121.17
2010-04-09 08:00:00,125.65
2010-04-09 09:00:00,115.79
2010-04-09 10:00:00,86.65
2010-04-09 11:00:00,87.94
2010-04-09 12:00:00,72.36
2010-04-09 13:00:00,20.19
2010-04-09 14:00:00,28.55
2010-04-09 15:00:00,26.33
2010-04-09 16:00:00,83.94
2010-04-09 17:00:00,77.63
2010-04-09 18:00:00,27.39
2010-04-09 19:00:00,31.81
2010-04-09 20:00:00,24.01
2010-04-09 21:00:00,32.89
2010-04-09 22:00:00,70.44
2010-04-09 23:00:00,27.19
2010-04-10 00:00:00,25.43
2010-04-10 01:00:00,19.36
2010-04-10 02:00:00,20.20
2010-04-10 03:00:00,17.42
2010-04-10 04:00:00,21.12
2010-04-10 05:00:00,49.59
2010-04-10 06:00:00,47.76
2010-04-10 07:00:00,120.82
2010-04-10 08:00:00,88.57
2010-04-10 09:00:00,83.14
2010-04-10 10:00:00,95.42
2010-04-10 11:00:00,31.41
2010-04-10 12:00:00,31.19
2010-04-10 13:00:00,23.99
2010-04-10 14:00:00,17.81
2010-04-10 15:00:00,21.89
2010-04-10 16:00:00,30.92
2010-04-10 17:00:00,80.55
2010-04-10 18:00:00,129.25
2010-04-10 19:00:00,81.18
2010-04-10 20:00:00,46.54
2010-04-10 21:00:00,21.37
2010-04-10 22:00:00,50.58
2010-04-10 23:00:00,34.69
2010-04-11 00:00:00,78.99
2010-04-11 01:00:00,19.65
2010-04-11 02:00:00,19.16
2010-04-11 03:00:00,19.45
2010-04-11 04:00:00,17.64
2010-04-11 05:00:00,22.63
2010-04-11 06:00:00,21.21
2010-04-11 07:00:00,23.89
2010-04-11 08:00:00,39.12
2010-04-11 09:00:00,121.96
2010-04-11 10:00:00,69.56
2010-04-11 11:00:00,77.15
2010-04-11 12:00:00,97.22
2010-04-11 13:00:00,91.11
2010-04-11 14:00:00,23.71
2010-04-11 15:00:00,19.75
2010-04-11 16:00:00,32.11
2010-04-11 17:00:00,25.53
2010-04-11 18:00:00,106.28
2010-04-11 19:00:00,100.44
2010-04-11 20:00:00,228.97
2010-04-11 21:00:00,232.99
2010-04-11 22:00:00,93.99
2010-04-11 23:00:00,20.64
2010-04-12 00:00:00,23.38
2010-04-12 01:00:00,21.70
2010-04-12 02:00:00,22.49
2010-04-12 03:00:00,46.49
2010-04-12 04:00:00,23.18
2010-04-12 05:00:00,18.26
2010-04-12 06:00:00,48.63
2010-04-12 07:00:00,119.82
2010-04-12 08:00:00,89.05
2010-04-12 09:00:00,84.30
2010-04-12 10:00:00,87.77
2010-04-12 11:00:00,104.09
2010-04-12 12:00:00,104.04
2010-04-12 13:00:00,88.11
2010-04-12 14:00:00,80.41
2010-04-12 15:00:00,19.88
2010-04-12 16:00:00,17.62
2010-04-12 17:00:00,33.00
2010-04-12 18:00:00,43.81
2010-04-12 19:00:00,85.68
2010-04-12 20:00:00,135.93
2010-04-12 21:00:00,81.53
2010-04-12 22:00:00,40.34
2010-04-12 23:00:00,19.90
2010-04-13 00:00:00,59.99
2010-04-13 01:00:00,18.43
2010-04-13 02:00:00,24.07
2010-04-13 03:00:00,20.93
2010-04-13 04:00:00,19.06
2010-04-13 05:00:00,16.73
2010-04-13 06:00:00,60.30
2010-04-13 07:00:00,126.96
2010-04-13 08:00:00,125.06
2010-04-13 09:00:00,89.32
2010-04-13 10:00:00,92.87
2010-04-13 11:00:00,106.91
2010-04-13 12:00:00,86.98
2010-04-13 13:00:00,94.18
2010-04-13 14:00:00,53.20
2010-04-13 15:00:00,25.52
2010-04-13 16:00:00,60.27
2010-04-13 17:00:00,57.24
2010-04-13 18:00:00,36.18
2010-04-13 19:00:00,94.69
2010-04-13 20:00:00,80.19
2010-04-13 21:00:00,102.26
2010-04-13 22:00:00,40.69
2010-04-13 23:00:00,20.69
2010-04-14 00:00:00,21.56
2010-04-14 01:00:00,19.79
2010-04-14 02:00:00,17.55
2010-04-14 03:00:00,22.17
2010-04-14 04:00:00,23.19
2010-04-14 05:00:00,60.10
2010-04-14 06:00:00,53.68
2010-04-14 07:00:00,149.65
2010-04-14 08:00:00,85.99
2010-04-14 09:00:00,87.99
2010-04-14 10:00:00,92.99
2010-04-14 11:00:00,131.10
2010-04-14 12:00:00,26.64
2010-04-14 13:00:00,138.44
2010-04-14 14:00:00,141.78
2010-04-14 15:00:00,90.24
2010-04-14 16:00:00,24.51
2010-04-14 17:00:00,21.83
2010-04-14 18:00:00,22.59
2010-04-14 19:00:00,67.86
2010-04-14 20:00:00,145.35
2010-04-14 21:00:00,105.52
2010-04-14 22:00:00,85.18
2010-04-14 23:00:00,24.67
2010-04-15 00:00:00,23.68
2010-04-15 01:00:00,21.13
2010-04-15 02:00:00,53.17
2010-04-15 03:00:00,25.41
2010-04-15 04:00:00,17.93
2010-04-15 05:00:00,21.76
2010-04-15 06:00:00,60.42
2010-04-15 07:00:00,119.19
2010-04-15 08:00:00,111.19
2010-04-15 09:00:00,82.92
2010-04-15 10:00:00,82.68
2010-04-15 11:00:00,81.86
2010-04-15 12:00:00,90.56
2010-04-15 13:00:00,102.62
2010-04-15 14:00:00,100.81
2010-04-15 15:00:00,85.61
2010-04-15 16:00:00,77.15
2010-04-15 17:00:00,54.67
2010-04-15 18:00:00,68.08
2010-04-15 19:00:00,106.31
2010-04-15 20:00:00,125.15
2010-04-15 21:00:00,181.69
2010-04-15 22:00:00,137.63
2010-04-15 23:00:00,40.57
2010-04-16 00:00:00,23.60
2010-04-16 01:00:00,22.36
2010-04-16 02:00:00,23.57
2010-04-16 03:00:00,25.48
2010-04-16 04:00:00,18.67
2010-04-16 05:00:00,21.36
2010-04-16 06:00:00,77.05
2010-04-16 07:00:00,124.36
2010-04-16 08:00:00,109.52
2010-04-16 09:00:00,141.07
2010-04-16 10:00:00,71.04
2010-04-16 11:00:00,23.88
2010-04-16 12:00:00,125.16
2010-04-16 13:00:00,87.59
2010-04-16 14:00:00,48.60
2010-04-16 15:00:00,65.64
2010-04-16 16:00:00,93.34
2010-04-16 17:00:00,85.76
2010-04-16 18:00:00,95.45
2010-04-16 19:00:00,124.62
2010-04-16 20:00:00,41.52
2010-04-16 21:00:00,54.77
2010-04-16 22:00:00,22.21
2010-04-16 23:00:00,35.44
2010-04-17 00:00:00,23.48
2010-04-17 01:00:00,23.30
2010-04-17 02:00:00,52.25
2010-04-17 03:00:00,31.85
2010-04-17 04:00:00,21.18
2010-04-17 05:00:00,18.06
2010-04-17 06:00:00,38.82
2010-04-17 07:00:00,122.47
2010-04-17 08:00:00,104.37
2010-04-17 09:00:00,108.35
2010-04-17 10:00:00,215.13
2010-04-17 11:00:00,73.30
2010-04-17 12:00:00,75.25
2010-04-17 13:00:00,36.03
2010-04-17 14:00:00,96.42
2010-04-17 15:00:00,98.37
2010-04-17 16:00:00,92.07
2010-04-17 17:00:00,88.87
2010-04-17 18:00:00,88.34
2010-04-17 19:00:00,44.77
2010-04-17 20:00:00,22.24
2010-04-17 21:00:00,19.57
2010-04-17 22:00:00,22.99
2010-04-17 23:00:00,40.24
2010-04-18 00:00:00,40.82
2010-04-18 01:00:00,19.68
2010-04-18 02:00:00,46.22
2010-04-18 03:00:00,48.35
2010-04-18 04:00:00,21.90
2010-04-18 05:00:00,24.92
2010-04-18 06:00:00,19.10
2010-04-18 07:00:00,30.80
2010-04-18 08:00:00,24.12
2010-04-18 09:00:00,24.52
2010-04-18 10:00:00,120.05
2010-04-18 11:00:00,114.01
2010-04-18 12:00:00,136.84
2010-04-18 13:00:00,89.59
2010-04-18 14:00:00,84.87
2010-04-18 15:00:00,68.62
2010-04-18 16:00:00,24.36
2010-04-18 17:00:00,23.69
2010-04-18 18:00:00,74.86
2010-04-18 19:00:00,99.92
2010-04-18 20:00:00,109.35
2010-04-18 21:00:00,131.72
2010-04-18 22:00:00,67.73
2010-04-18 23:00:00,30.08
2010-04-19 00:00:00,22.73
2010-04-19 01:00:00,21.70
2010-04-19 02:00:00,26.48
2010-04-19 03:00:00,23.35
2010-04-19 04:00:00,21.27
2010-04-19 05:00:00,19.16
2010-04-19 06:00:00,63.90
2010-04-19 07:00:00,34.80
2010-04-19 08:00:00,22.48
2010-04-19 09:00:00,64.42
2010-04-19 10:00:00,137.63
2010-04-19 11:00:00,107.90
2010-04-19 12:00:00,101.98
2010-04-19 13:00:00,90.82
2010-04-19 14:00:00,84.87
2010-04-19 15:00:00,87.06
2010-04-19 16:00:00,88.42
2010-04-19 17:00:00,160.96
2010-04-19 18:00:00,128.91
2010-04-19 19:00:00,131.61
2010-04-19 20:00:00,110.50
2010-04-19 21:00:00,100.23
2010-04-19 22:00:00,36.78
2010-04-19 23:00:00,20.65
2010-04-20 00:00:00,64.10
2010-04-20 01:00:00,25.73
2010-04-20 02:00:00,24.82
2010-04-20 03:00:00,21.06
2010-04-20 04:00:00,21.27
2010-04-20 05:00:00,18.08
2010-04-20 06:00:00,26.67
2010-04-20 07:00:00,106.93
2010-04-20 08:00:00,95.45
2010-04-20 09:00:00,113.17
2010-04-20 10:00:00,111.87
2010-04-20 11:00:00,95.09
2010-04-20 12:00:00,94.53
2010-04-20 13:00:00,99.59
2010-04-20 14:00:00,89.14
2010-04-20 15:00:00,87.07
2010-04-20 16:00:00,91.68
2010-04-20 17:00:00,93.75
2010-04-20 18:00:00,75.34
2010-04-20 19:00:00,84.36
2010-04-20 20:00:00,144.92
2010-04-20 21:00:00,136.23
2010-04-20 22:00:00,85.41
2010-04-20 23:00:00,27.37
2010-04-21 00:00:00,57.05
2010-04-21 01:00:00,44.75
2010-04-21 02:00:00,21.57
2010-04-21 03:00:00,19.06
2010-04-21 04:00:00,25.04
2010-04-21 05:00:00,25.20
2010-04-21 06:00:00,28.37
2010-04-21 07:00:00,67.40
2010-04-21 08:00:00,89.86
2010-04-21 09:00:00,75.09
2010-04-21 10:00:00,107.22
2010-04-21 11:00:00,102.34
2010-04-21 12:00:00,87.70
2010-04-21 13:00:00,87.12
2010-04-21 14:00:00,91.31
2010-04-21 15:00:00,56.37
2010-04-21 16:00:00,27.47
2010-04-21 17:00:00,76.60
2010-04-21 18:00:00,78.87
2010-04-21 19:00:00,35.36
2010-04-21 20:00:00,74.95
2010-04-21 21:00:00,100.89
2010-04-21 22:00:00,90.92
2010-04-21 23:00:00,109.40
2010-04-22 00:00:00,39.04
2010-04-22 01:00:00,22.19
2010-04-22 02:00:00,26.53
2010-04-22 03:00:00,25.02
2010-04-22 04:00:00,55.71
2010-04-22 05:00:00,24.70
2010-04-22 06:00:00,20.90
2010-04-22 07:00:00,27.73
2010-04-22 08:00:00,52.98
2010-04-22 09:00:00,102.66
2010-04-22 10:00:00,113.63
2010-04-22 11:00:00,122.88
2010-04-22 12:00:00,132.44
2010-04-22 13:00:00,116.47
2010-04-22 14:00:00,94.69
2010-04-22 15:00:00,84.91
2010-04-22 16:00:00,87.90
2010-04-22 17:00:00,61.80
2010-04-22 18:00:00,29.31
2010-04-22 19:00:00,30.91
2010-04-22 20:00:00,52.48
2010-04-22 21:00:00,88.79
2010-04-22 22:00:00,22.14
2010-04-22 23:00:00,25.11
2010-04-23 00:00:00,23.98
2010-04-23 01:00:00,18.55
2010-04-23 02:00:00,20.87
2010-04-23 03:00:00,20.71
2010-04-23 04:00:00,22.14
2010-04-23 05:00:00,23.86
2010-04-23 06:00:00,82.04
2010-04-23 07:00:00,52.54
2010-04-23 08:00:00,103.35
2010-04-23 09:00:00,91.87
2010-04-23 10:00:00,93.77
2010-04-23 11:00:00,86.06
2010-04-23 12:00:00,86.59
2010-04-23 13:00:00,87.57
2010-04-23 14:00:00,93.59
2010-04-23 15:00:00,44.90
2010-04-23 16:00:00,25.16
2010-04-23 17:00:00,24.39
2010-04-23 18:00:00,21.07
2010-04-23 19:00:00,51.85
2010-04-23 20:00:00,38.05
2010-04-23 21:00:00,24.70
2010-04-23 22:00:00,21.84
2010-04-23 23:00:00,21.11
2010-04-24 00:00:00,18.15
2010-04-24 01:00:00,23.56
2010-04-24 02:00:00,26.07
2010-04-24 03:00:00,22.63
2010-04-24 04:00:00,21.11
2010-04-24 05:00:00,65.46
2010-04-24 06:00:00,22.77
2010-04-24 07:00:00,24.78
2010-04-24 08:00:00,20.69
2010-04-24 09:00:00,21.26
2010-04-24 10:00:00,20.65
2010-04-24 11:00:00,21.29
2010-04-24 12:00:00,31.78
2010-04-24 13:00:00,36.17
2010-04-24 14:00:00,32.58
2010-04-24 15:00:00,74.53
2010-04-24 16:00:00,41.93
2010-04-24 17:00:00,100.85
2010-04-24 18:00:00,146.72
2010-04-24 19:00:00,148.68
2010-04-24 20:00:00,121.65
2010-04-24 21:00:00,188.60
2010-04-24 22:00:00,181.87
2010-04-24 23:00:00,104.65
2010-04-25 00:00:00,98.20
2010-04-25 01:00:00,165.67
2010-04-25 02:00:00,116.01
2010-04-25 03:00:00,99.04
2010-04-25 04:00:00,111.96
2010-04-25 05:00:00,106.40
2010-04-25 06:00:00,25.58
2010-04-25 07:00:00,25.00
2010-04-25 08:00:00,25.26
2010-04-25 09:00:00,25.20
2010-04-25 10:00:00,114.34
2010-04-25 11:00:00,109.44
2010-04-25 12:00:00,119.04
2010-04-25 13:00:00,114.85
2010-04-25 14:00:00,42.40
2010-04-25 15:00:00,25.71
2010-04-25 16:00:00,26.64
2010-04-25 17:00:00,19.70
2010-04-25 18:00:00,22.97
2010-04-25 19:00:00,26.12
2010-04-25 20:00:00,22.10
2010-04-25 21:00:00,22.07
2010-04-25 22:00:00,55.29
2010-04-25 23:00:00,23.77
2010-04-26 00:00:00,25.17
2010-04-26 01:00:00,21.46
2010-04-26 02:00:00,21.15
2010-04-26 03:00:00,21.69
2010-04-26 04:00:00,23.94
2010-04-26 05:00:00,21.40
2010-04-26 06:00:00,21.35
2010-04-26 07:00:00,21.50
2010-04-26 08:00:00,70.33
2010-04-26 09:00:00,34.53
2010-04-26 10:00:00,23.94
2010-04-26 11:00:00,30.95
2010-04-26 12:00:00,24.88
2010-04-26 13:00:00,35.43
2010-04-26 14:00:00,25.49
2010-04-26 15:00:00,102.68
2010-04-26 16:00:00,58.66
2010-04-26 17:00:00,22.56
2010-04-26 18:00:00,29.11
2010-04-26 19:00:00,88.98
2010-04-26 20:00:00,87.86
2010-04-26 21:00:00,85.55
2010-04-26 22:00:00,131.06
2010-04-26 23:00:00,53.06
2010-04-27 00:00:00,54.34
2010-04-27 01:00:00,50.70
2010-04-27 02:00:00,50.24
2010-04-27 03:00:00,47.10
2010-04-27 04:00:00,53.07
2010-04-27 05:00:00,50.37
2010-04-27 06:00:00,49.78
2010-04-27 07:00:00,48.30
2010-04-27 08:00:00,135.79
2010-04-27 09:00:00,90.34
2010-04-27 10:00:00,88.88
2010-04-27 11:00:00,86.93
2010-04-27 12:00:00,91.85
2010-04-27 13:00:00,61.08
2010-04-27 14:00:00,30.40
2010-04-27 15:00:00,26.71
2010-04-27 16:00:00,25.90
2010-04-27 17:00:00,20.29
2010-04-27 18:00:00,24.81
2010-04-27 19:00:00,20.32
2010-04-27 20:00:00,24.92
2010-04-27 21:00:00,20.98
2010-04-27 22:00:00,26.59
2010-04-27 23:00:00,71.27
2010-04-28 00:00:00,24.95
2010-04-28 01:00:00,20.26
2010-04-28 02:00:00,21.06
2010-04-28 03:00:00,19.37
2010-04-28 04:00:00,24.24
2010-04-28 05:00:00,20.63
2010-04-28 06:00:00,21.18
2010-04-28 07:00:00,22.19
2010-04-28 08:00:00,22.86
2010-04-28 09:00:00,44.73
2010-04-28 10:00:00,86.77
2010-04-28 11:00:00,60.66
2010-04-28 12:00:00,27.64
2010-04-28 13:00:00,19.49
2010-04-28 14:00:00,23.29
2010-04-28 15:00:00,23.20
2010-04-28 16:00:00,26.41
2010-04-28 17:00:00,22.77
2010-04-28 18:00:00,28.47
2010-04-28 19:00:00,80.94
2010-04-28 20:00:00,109.77
2010-04-28 21:00:00,64.24
2010-04-28 22:00:00,23.68
2010-04-28 23:00:00,29.06
2010-04-29 00:00:00,92.56
2010-04-29 01:00:00,47.60
2010-04-29 02:00:00,42.21
2010-04-29 03:00:00,42.10
2010-04-29 04:00:00,43.50
2010-04-29 05:00:00,36.38
2010-04-29 06:00:00,47.54
2010-04-29 07:00:00,86.71
2010-04-29 08:00:00,96.89
2010-04-29 09:00:00,109.91
2010-04-29 10:00:00,76.13
2010-04-29 11:00:00,21.22
2010-04-29 12:00:00,20.32
2010-04-29 13:00:00,23.00
2010-04-29 14:00:00,25.72
2010-04-29 15:00:00,22.50
2010-04-29 16:00:00,21.00
2010-04-29 17:00:00,33.76
2010-04-29 18:00:00,48.26
2010-04-29 19:00:00,76.10
2010-04-29 20:00:00,22.71
2010-04-29 21:00:00,20.83
2010-04-29 22:00:00,21.47
2010-04-29 23:00:00,25.29
2010-04-30 00:00:00,24.93
2010-04-30 01:00:00,20.85
2010-04-30 02:00:00,21.87
2010-04-30 03:00:00,21.00
2010-04-30 04:00:00,62.42
2010-04-30 05:00:00,31.76
2010-04-30 06:00:00,20.69
2010-04-30 07:00:00,19.83
2010-04-30 08:00:00,21.58
2010-04-30 09:00:00,56.33
2010-04-30 10:00:00,75.69
2010-04-30 11:00:00,36.95
2010-04-30 12:00:00,119.92
2010-04-30 13:00:00,58.62
2010-04-30 14:00:00,89.12
2010-04-30 15:00:00,51.63
2010-04-30 16:00:00,59.44
2010-04-30 17:00:00,170.62
2010-04-30 18:00:00,42.59
2010-04-30 19:00:00,21.82
2010-04-30 20:00:00,21.03
2010-04-30 21:00:00,21.08
2010-04-30 22:00:00,25.83
2010-04-30 23:00:00,23.05
2010-05-01 00:00:00,20.98
2010-05-01 01:00:00,28.43
2010-05-01 02:00:00,46.52
2010-05-01 03:00:00,23.34
2010-05-01 04:00:00,21.05
2010-05-01 05:00:00,20.18
2010-05-01 06:00:00,22.39
2010-05-01 07:00:00,24.94
2010-05-01 08:00:00,18.68
2010-05-01 09:00:00,20.50
2010-05-01 10:00:00,72.53
2010-05-01 11:00:00,156.64
2010-05-01 12:00:00,94.69
2010-05-01 13:00:00,30.52
2010-05-01 14:00:00,153.01
2010-05-01 15:00:00,70.15
2010-05-01 16:00:00,30.27
2010-05-01 17:00:00,24.91
2010-05-01 18:00:00,20.23
2010-05-01 19:00:00,31.44
2010-05-01 20:00:00,53.17
2010-05-01 21:00:00,94.16
2010-05-01 22:00:00,155.47
2010-05-01 23:00:00,85.98
2010-05-02 00:00:00,21.51
2010-05-02 01:00:00,21.39
2010-05-02 02:00:00,23.45
2010-05-02 03:00:00,23.02
2010-05-02 04:00:00,21.84
2010-05-02 05:00:00,21.74
2010-05-02 06:00:00,21.00
2010-05-02 07:00:00,91.09
2010-05-02 08:00:00,92.46
2010-05-02 09:00:00,98.16
2010-05-02 10:00:00,50.01
2010-05-02 11:00:00,96.85
2010-05-02 12:00:00,213.78
2010-05-02 13:00:00,211.51
2010-05-02 14:00:00,114.88
2010-05-02 15:00:00,136.83
2010-05-02 16:00:00,107.39
2010-05-02 17:00:00,107.95
2010-05-02 18:00:00,107.61
2010-05-02 19:00:00,226.43
2010-05-02 20:00:00,151.85
2010-05-02 21:00:00,166.56
2010-05-02 22:00:00,37.08
2010-05-02 23:00:00,23.51
2010-05-03 00:00:00,24.73
2010-05-03 01:00:00,22.50
2010-05-03 02:00:00,20.63
2010-05-03 03:00:00,20.44
2010-05-03 04:00:00,66.00
2010-05-03 05:00:00,19.58
2010-05-03 06:00:00,46.29
2010-05-03 07:00:00,125.56
2010-05-03 08:00:00,85.00
2010-05-03 09:00:00,82.92
2010-05-03 10:00:00,82.27
2010-05-03 11:00:00,79.36
2010-05-03 12:00:00,58.97
2010-05-03 13:00:00,22.51
2010-05-03 14:00:00,20.51
2010-05-03 15:00:00,19.79
2010-05-03 16:00:00,21.18
2010-05-03 17:00:00,22.20
2010-05-03 18:00:00,32.33
2010-05-03 19:00:00,129.41
2010-05-03 20:00:00,158.67
2010-05-03 21:00:00,143.57
2010-05-03 22:00:00,85.27
2010-05-03 23:00:00,21.62
2010-05-04 00:00:00,22.67
2010-05-04 01:00:00,20.01
2010-05-04 02:00:00,18.28
2010-05-04 03:00:00,22.76
2010-05-04 04:00:00,20.36
2010-05-04 05:00:00,17.58
2010-05-04 06:00:00,53.81
2010-05-04 07:00:00,71.15
2010-05-04 08:00:00,115.33
2010-05-04 09:00:00,116.25
2010-05-04 10:00:00,113.55
2010-05-04 11:00:00,86.81
2010-05-04 12:00:00,83.48
2010-05-04 13:00:00,79.42
2010-05-04 14:00:00,82.34
2010-05-04 15:00:00,83.34
2010-05-04 16:00:00,45.26
2010-05-04 17:00:00,31.28
2010-05-04 18:00:00,42.25
2010-05-04 19:00:00,83.52
2010-05-04 20:00:00,118.72
2010-05-04 21:00:00,84.18
2010-05-04 22:00:00,70.97
2010-05-04 23:00:00,33.64
2010-05-05 00:00:00,21.68
2010-05-05 01:00:00,17.92
2010-05-05 02:00:00,22.72
2010-05-05 03:00:00,50.63
2010-05-05 04:00:00,34.20
2010-05-05 05:00:00,17.52
2010-05-05 06:00:00,36.68
2010-05-05 07:00:00,91.17
2010-05-05 08:00:00,74.50
2010-05-05 09:00:00,142.10
2010-05-05 10:00:00,131.40
2010-05-05 11:00:00,91.14
2010-05-05 12:00:00,88.79
2010-05-05 13:00:00,87.41
2010-05-05 14:00:00,145.65
2010-05-05 15:00:00,116.23
2010-05-05 16:00:00,27.27
2010-05-05 17:00:00,35.07
2010-05-05 18:00:00,46.11
2010-05-05 19:00:00,79.79
2010-05-05 20:00:00,112.96
2010-05-05 21:00:00,187.48
2010-05-05 22:00:00,108.19
2010-05-05 23:00:00,38.71
2010-05-06 00:00:00,20.79
2010-05-06 01:00:00,23.38
2010-05-06 02:00:00,20.23
2010-05-06 03:00:00,37.05
2010-05-06 04:00:00,46.85
2010-05-06 05:00:00,19.40
2010-05-06 06:00:00,31.63
2010-05-06 07:00:00,73.50
2010-05-06 08:00:00,103.57
2010-05-06 09:00:00,83.58
2010-05-06 10:00:00,78.99
2010-05-06 11:00:00,85.92
2010-05-06 12:00:00,89.94
2010-05-06 13:00:00,74.89
2010-05-06 14:00:00,27.33
2010-05-06 15:00:00,31.90
2010-05-06 16:00:00,20.83
2010-05-06 17:00:00,27.11
2010-05-06 18:00:00,74.02
2010-05-06 19:00:00,109.07
2010-05-06 20:00:00,84.36
2010-05-06 21:00:00,55.50
2010-05-06 22:00:00,52.72
2010-05-06 23:00:00,26.70
2010-05-07 00:00:00,19.87
2010-05-07 01:00:00,19.60
2010-05-07 02:00:00,20.57
2010-05-07 03:00:00,21.63
2010-05-07 04:00:00,62.14
2010-05-07 05:00:00,21.70
2010-05-07 06:00:00,73.50
2010-05-07 07:00:00,122.60
2010-05-07 08:00:00,103.06
2010-05-07 09:00:00,111.78
2010-05-07 10:00:00,79.31
2010-05-07 11:00:00,82.72
2010-05-07 12:00:00,97.79
2010-05-07 13:00:00,40.40
2010-05-07 14:00:00,40.07
2010-05-07 15:00:00,80.69
2010-05-07 16:00:00,54.56
2010-05-07 17:00:00,22.18
2010-05-07 18:00:00,33.76
2010-05-07 19:00:00,88.53
2010-05-07 20:00:00,137.46
2010-05-07 21:00:00,138.00
2010-05-07 22:00:00,93.49
2010-05-07 23:00:00,78.60
2010-05-08 00:00:00,61.86
2010-05-08 01:00:00,128.15
2010-05-08 02:00:00,72.47
2010-05-08 03:00:00,54.15
2010-05-08 04:00:00,19.15
2010-05-08 05:00:00,23.45
2010-05-08 06:00:00,20.02
2010-05-08 07:00:00,21.55
2010-05-08 08:00:00,30.08
2010-05-08 09:00:00,145.33
2010-05-08 10:00:00,161.63
2010-05-08 11:00:00,128.33
2010-05-08 12:00:00,87.68
2010-05-08 13:00:00,86.60
2010-05-08 14:00:00,87.26
2010-05-08 15:00:00,36.49
2010-05-08 16:00:00,21.22
2010-05-08 17:00:00,21.30
2010-05-08 18:00:00,22.66
2010-05-08 19:00:00,19.58
2010-05-08 20:00:00,25.31
2010-05-08 21:00:00,196.38
2010-05-08 22:00:00,35.60
2010-05-08 23:00:00,27.16
2010-05-09 00:00:00,25.11
2010-05-09 01:00:00,30.26
2010-05-09 02:00:00,24.31
2010-05-09 03:00:00,24.26
2010-05-09 04:00:00,20.03
2010-05-09 05:00:00,20.48
2010-05-09 06:00:00,54.71
2010-05-09 07:00:00,34.72
2010-05-09 08:00:00,28.55
2010-05-09 09:00:00,43.24
2010-05-09 10:00:00,155.34
2010-05-09 11:00:00,124.80
2010-05-09 12:00:00,91.30
2010-05-09 13:00:00,90.04
2010-05-09 14:00:00,100.38
2010-05-09 15:00:00,58.75
2010-05-09 16:00:00,33.58
2010-05-09 17:00:00,60.43
2010-05-09 18:00:00,55.46
2010-05-09 19:00:00,108.45
2010-05-09 20:00:00,149.35
2010-05-09 21:00:00,141.56
2010-05-09 22:00:00,66.91
2010-05-09 23:00:00,24.48
2010-05-10 00:00:00,25.40
2010-05-10 01:00:00,20.99
2010-05-10 02:00:00,24.63
2010-05-10 03:00:00,22.48
2010-05-10 04:00:00,21.54
2010-05-10 05:00:00,50.17
2010-05-10 06:00:00,37.98
2010-05-10 07:00:00,112.00
2010-05-10 08:00:00,88.44
2010-05-10 09:00:00,82.18
2010-05-10 10:00:00,88.84
2010-05-10 11:00:00,86.86
2010-05-10 12:00:00,69.49
2010-05-10 13:00:00,23.81
2010-05-10 14:00:00,38.53
2010-05-10 15:00:00,24.37
2010-05-10 16:00:00,25.62
2010-05-10 17:00:00,25.18
2010-05-10 18:00:00,25.86
2010-05-10 19:00:00,70.17
2010-05-10 20:00:00,144.64
2010-05-10 21:00:00,174.94
2010-05-10 22:00:00,99.04
2010-05-10 23:00:00,84.72
2010-05-11 00:00:00,88.73
2010-05-11 01:00:00,86.86
2010-05-11 02:00:00,87.46
2010-05-11 03:00:00,23.72
2010-05-11 04:00:00,24.42
2010-05-11 05:00:00,18.50
2010-05-11 06:00:00,43.80
2010-05-11 07:00:00,127.19
2010-05-11 08:00:00,134.59
2010-05-11 09:00:00,95.78
2010-05-11 10:00:00,98.85
2010-05-11 11:00:00,96.24
2010-05-11 12:00:00,75.86
2010-05-11 13:00:00,61.87
2010-05-11 14:00:00,28.15
2010-05-11 15:00:00,29.13
2010-05-11 16:00:00,45.61
2010-05-11 17:00:00,52.77
2010-05-11 18:00:00,68.26
2010-05-11 19:00:00,123.75
2010-05-11 20:00:00,65.28
2010-05-11 21:00:00,33.35
2010-05-11 22:00:00,26.65
2010-05-11 23:00:00,34.54
2010-05-12 00:00:00,19.58
2010-05-12 01:00:00,59.17
2010-05-12 02:00:00,30.09
2010-05-12 03:00:00,21.05
2010-05-12 04:00:00,18.89
2010-05-12 05:00:00,19.19
2010-05-12 06:00:00,56.70
2010-05-12 07:00:00,147.68
2010-05-12 08:00:00,126.28
2010-05-12 09:00:00,99.95
2010-05-12 10:00:00,91.02
2010-05-12 11:00:00,115.35
2010-05-12 12:00:00,110.82
2010-05-12 13:00:00,86.45
2010-05-12 14:00:00,179.13
2010-05-12 15:00:00,111.25
2010-05-12 16:00:00,87.65
2010-05-12 17:00:00,184.56
2010-05-12 18:00:00,41.22
2010-05-12 19:00:00,32.47
2010-05-12 20:00:00,103.39
2010-05-12 21:00:00,107.21
2010-05-12 22:00:00,93.66
2010-05-12 23:00:00,92.64
2010-05-13 00:00:00,20.83
2010-05-13 01:00:00,21.86
2010-05-13 02:00:00,20.33
2010-05-13 03:00:00,21.35
2010-05-13 04:00:00,20.99
2010-05-13 05:00:00,19.12
2010-05-13 06:00:00,22.17
2010-05-13 07:00:00,18.17
2010-05-13 08:00:00,88.27
2010-05-13 09:00:00,21.97
2010-05-13 10:00:00,88.45
2010-05-13 11:00:00,117.47
2010-05-13 12:00:00,118.81
2010-05-13 13:00:00,84.45
2010-05-13 14:00:00,89.02
2010-05-13 15:00:00,60.50
2010-05-13 16:00:00,40.25
2010-05-13 17:00:00,53.38
2010-05-13 18:00:00,178.75
2010-05-13 19:00:00,81.70
2010-05-13 20:00:00,108.37
2010-05-13 21:00:00,112.44
2010-05-13 22:00:00,121.09
2010-05-13 23:00:00,24.52
2010-05-14 00:00:00,22.58
2010-05-14 01:00:00,23.83
2010-05-14 02:00:00,22.93
2010-05-14 03:00:00,23.10
2010-05-14 04:00:00,22.77
2010-05-14 05:00:00,20.18
2010-05-14 06:00:00,62.03
2010-05-14 07:00:00,96.39
2010-05-14 08:00:00,138.40
2010-05-14 09:00:00,143.88
2010-05-14 10:00:00,89.37
2010-05-14 11:00:00,90.65
2010-05-14 12:00:00,98.42
2010-05-14 13:00:00,93.87
2010-05-14 14:00:00,92.83
2010-05-14 15:00:00,90.01
2010-05-14 16:00:00,95.86
2010-05-14 17:00:00,95.86
2010-05-14 18:00:00,103.77
2010-05-14 19:00:00,113.85
2010-05-14 20:00:00,98.24
2010-05-14 21:00:00,36.73
2010-05-14 22:00:00,23.00
2010-05-14 23:00:00,23.59
2010-05-15 00:00:00,23.66
2010-05-15 01:00:00,21.24
2010-05-15 02:00:00,22.78
2010-05-15 03:00:00,20.75
2010-05-15 04:00:00,21.65
2010-05-15 05:00:00,66.27
2010-05-15 06:00:00,38.39
2010-05-15 07:00:00,118.98
2010-05-15 08:00:00,111.63
2010-05-15 09:00:00,121.02
2010-05-15 10:00:00,76.83
2010-05-15 11:00:00,30.28
2010-05-15 12:00:00,47.14
2010-05-15 13:00:00,98.79
2010-05-15 14:00:00,53.13
2010-05-15 15:00:00,33.67
2010-05-15 16:00:00,30.26
2010-05-15 17:00:00,33.18
2010-05-15 18:00:00,48.92
2010-05-15 19:00:00,118.52
2010-05-15 20:00:00,185.05
2010-05-15 21:00:00,227.37
2010-05-15 22:00:00,166.09
2010-05-15 23:00:00,229.19
2010-05-16 00:00:00,112.53
2010-05-16 01:00:00,106.06
2010-05-16 02:00:00,117.40
2010-05-16 03:00:00,86.77
2010-05-16 04:00:00,21.00
2010-05-16 05:00:00,25.85
2010-05-16 06:00:00,20.60
2010-05-16 07:00:00,22.52
2010-05-16 08:00:00,29.38
2010-05-16 09:00:00,105.19
2010-05-16 10:00:00,89.41
2010-05-16 11:00:00,39.09
2010-05-16 12:00:00,41.54
2010-05-16 13:00:00,114.57
2010-05-16 14:00:00,209.17
2010-05-16 15:00:00,70.65
2010-05-16 16:00:00,28.72
2010-05-16 17:00:00,33.12
2010-05-16 18:00:00,65.48
2010-05-16 19:00:00,190.13
2010-05-16 20:00:00,154.63
2010-05-16 21:00:00,166.90
2010-05-16 22:00:00,154.94
2010-05-16 23:00:00,94.80
2010-05-17 00:00:00,58.60
2010-05-17 01:00:00,22.91
2010-05-17 02:00:00,24.76
2010-05-17 03:00:00,20.10
2010-05-17 04:00:00,24.94
2010-05-17 05:00:00,19.88
2010-05-17 06:00:00,50.55
2010-05-17 07:00:00,118.00
2010-05-17 08:00:00,88.92
2010-05-17 09:00:00,89.15
2010-05-17 10:00:00,91.33
2010-05-17 11:00:00,87.61
2010-05-17 12:00:00,94.21
2010-05-17 13:00:00,89.24
2010-05-17 14:00:00,84.90
2010-05-17 15:00:00,88.22
2010-05-17 16:00:00,99.49
2010-05-17 17:00:00,96.51
2010-05-17 18:00:00,39.61
2010-05-17 19:00:00,48.26
2010-05-17 20:00:00,95.62
2010-05-17 21:00:00,105.06
2010-05-17 22:00:00,64.82
2010-05-17 23:00:00,25.51
2010-05-18 00:00:00,20.69
2010-05-18 01:00:00,24.34
2010-05-18 02:00:00,20.50
2010-05-18 03:00:00,24.54
2010-05-18 04:00:00,59.84
2010-05-18 05:00:00,26.54
2010-05-18 06:00:00,49.24
2010-05-18 07:00:00,113.11
2010-05-18 08:00:00,87.17
2010-05-18 09:00:00,87.26
2010-05-18 10:00:00,91.73
2010-05-18 11:00:00,93.17
2010-05-18 12:00:00,88.54
2010-05-18 13:00:00,88.06
2010-05-18 14:00:00,68.45
2010-05-18 15:00:00,41.99
2010-05-18 16:00:00,43.51
2010-05-18 17:00:00,38.96
2010-05-18 18:00:00,36.64
2010-05-18 19:00:00,51.36
2010-05-18 20:00:00,119.18
2010-05-18 21:00:00,66.63
2010-05-18 22:00:00,47.31
2010-05-18 23:00:00,32.41
2010-05-19 00:00:00,31.87
2010-05-19 01:00:00,53.74
2010-05-19 02:00:00,45.34
2010-05-19 03:00:00,29.46
2010-05-19 04:00:00,27.50
2010-05-19 05:00:00,29.35
2010-05-19 06:00:00,35.93
2010-05-19 07:00:00,74.00
2010-05-19 08:00:00,102.00
2010-05-19 09:00:00,109.35
2010-05-19 10:00:00,89.13
2010-05-19 11:00:00,103.14
2010-05-19 12:00:00,92.93
2010-05-19 13:00:00,20.70
2010-05-19 14:00:00,54.03
2010-05-19 15:00:00,56.61
2010-05-19 16:00:00,23.95
2010-05-19 17:00:00,24.72
2010-05-19 18:00:00,30.76
2010-05-19 19:00:00,64.26
2010-05-19 20:00:00,139.21
2010-05-19 21:00:00,66.86
2010-05-19 22:00:00,46.47
2010-05-19 23:00:00,75.44
2010-05-20 00:00:00,24.23
2010-05-20 01:00:00,26.37
2010-05-20 02:00:00,23.43
2010-05-20 03:00:00,25.23
2010-05-20 04:00:00,19.73
2010-05-20 05:00:00,24.27
2010-05-20 06:00:00,36.12
2010-05-20 07:00:00,102.02
2010-05-20 08:00:00,107.03
2010-05-20 09:00:00,85.35
2010-05-20 10:00:00,89.14
2010-05-20 11:00:00,86.74
2010-05-20 12:00:00,86.00
2010-05-20 13:00:00,52.47
2010-05-20 14:00:00,41.12
2010-05-20 15:00:00,22.02
2010-05-20 16:00:00,27.52
2010-05-20 17:00:00,25.01
2010-05-20 18:00:00,88.48
2010-05-20 19:00:00,50.42
2010-05-20 20:00:00,26.60
2010-05-20 21:00:00,25.61
2010-05-20 22:00:00,24.83
2010-05-20 23:00:00,34.15
2010-05-21 00:00:00,24.64
2010-05-21 01:00:00,49.26
2010-05-21 02:00:00,41.82
2010-05-21 03:00:00,25.15
2010-05-21 04:00:00,20.59
2010-05-21 05:00:00,24.69
2010-05-21 06:00:00,24.48
2010-05-21 07:00:00,84.13
2010-05-21 08:00:00,125.92
2010-05-21 09:00:00,120.67
2010-05-21 10:00:00,93.21
2010-05-21 11:00:00,92.94
2010-05-21 12:00:00,49.39
2010-05-21 13:00:00,23.42
2010-05-21 14:00:00,39.44
2010-05-21 15:00:00,81.19
2010-05-21 16:00:00,32.22
2010-05-21 17:00:00,21.52
2010-05-21 18:00:00,26.86
2010-05-21 19:00:00,52.81
2010-05-21 20:00:00,104.25
2010-05-21 21:00:00,54.51
2010-05-21 22:00:00,54.54
2010-05-21 23:00:00,26.76
2010-05-22 00:00:00,27.34
2010-05-22 01:00:00,29.77
2010-05-22 02:00:00,57.29
2010-05-22 03:00:00,34.56
2010-05-22 04:00:00,27.81
2010-05-22 05:00:00,25.50
2010-05-22 06:00:00,51.73
2010-05-22 07:00:00,113.36
2010-05-22 08:00:00,126.83
2010-05-22 09:00:00,121.21
2010-05-22 10:00:00,126.27
2010-05-22 11:00:00,178.66
2010-05-22 12:00:00,175.72
2010-05-22 13:00:00,79.39
2010-05-22 14:00:00,103.18
2010-05-22 15:00:00,102.49
2010-05-22 16:00:00,97.44
2010-05-22 17:00:00,82.42
2010-05-22 18:00:00,32.92
2010-05-22 19:00:00,98.15
2010-05-22 20:00:00,156.29
2010-05-22 21:00:00,111.88
2010-05-22 22:00:00,97.60
2010-05-22 23:00:00,37.96
2010-05-23 00:00:00,39.04
2010-05-23 01:00:00,32.28
2010-05-23 02:00:00,21.96
2010-05-23 03:00:00,26.33
2010-05-23 04:00:00,23.43
2010-05-23 05:00:00,64.72
2010-05-23 06:00:00,24.76
2010-05-23 07:00:00,34.33
2010-05-23 08:00:00,34.68
2010-05-23 09:00:00,122.28
2010-05-23 10:00:00,85.15
2010-05-23 11:00:00,79.40
2010-05-23 12:00:00,41.25
2010-05-23 13:00:00,89.46
2010-05-23 14:00:00,110.98
2010-05-23 15:00:00,107.31
2010-05-23 16:00:00,106.96
2010-05-23 17:00:00,54.80
2010-05-23 18:00:00,36.87
2010-05-23 19:00:00,39.66
2010-05-23 20:00:00,44.59
2010-05-23 21:00:00,117.54
2010-05-23 22:00:00,94.27
2010-05-23 23:00:00,55.49
2010-05-24 00:00:00,28.49
2010-05-24 01:00:00,28.38
2010-05-24 02:00:00,27.80
2010-05-24 03:00:00,25.80
2010-05-24 04:00:00,23.96
2010-05-24 05:00:00,25.96
2010-05-24 06:00:00,62.67
2010-05-24 07:00:00,34.89
2010-05-24 08:00:00,50.07
2010-05-24 09:00:00,40.12
2010-05-24 10:00:00,77.37
2010-05-24 11:00:00,35.57
2010-05-24 12:00:00,89.57
2010-05-24 13:00:00,28.63
2010-05-24 14:00:00,27.17
2010-05-24 15:00:00,24.03
2010-05-24 16:00:00,57.54
2010-05-24 17:00:00,101.66
2010-05-24 18:00:00,102.35
2010-05-24 19:00:00,78.29
2010-05-24 20:00:00,135.23
2010-05-24 21:00:00,146.82
2010-05-24 22:00:00,66.33
2010-05-24 23:00:00,22.64
2010-05-25 00:00:00,19.64
2010-05-25 01:00:00,22.96
2010-05-25 02:00:00,19.79
2010-05-25 03:00:00,21.94
2010-05-25 04:00:00,20.64
2010-05-25 05:00:00,20.58
2010-05-25 06:00:00,32.05
2010-05-25 07:00:00,101.32
2010-05-25 08:00:00,102.84
2010-05-25 09:00:00,90.09
2010-05-25 10:00:00,91.83
2010-05-25 11:00:00,85.65
2010-05-25 12:00:00,47.79
2010-05-25 13:00:00,20.99
2010-05-25 14:00:00,20.22
2010-05-25 15:00:00,20.83
2010-05-25 16:00:00,28.52
2010-05-25 17:00:00,35.21
2010-05-25 18:00:00,29.48
2010-05-25 19:00:00,79.79
2010-05-25 20:00:00,115.47
2010-05-25 21:00:00,113.32
2010-05-25 22:00:00,35.80
2010-05-25 23:00:00,21.86
2010-05-26 00:00:00,20.54
2010-05-26 01:00:00,20.19
2010-05-26 02:00:00,21.01
2010-05-26 03:00:00,19.58
2010-05-26 04:00:00,20.35
2010-05-26 05:00:00,20.18
2010-05-26 06:00:00,50.37
2010-05-26 07:00:00,94.46
2010-05-26 08:00:00,140.90
2010-05-26 09:00:00,139.62
2010-05-26 10:00:00,97.99
2010-05-26 11:00:00,97.89
2010-05-26 12:00:00,45.70
2010-05-26 13:00:00,84.89
2010-05-26 14:00:00,23.32
2010-05-26 15:00:00,23.30
2010-05-26 16:00:00,20.34
2010-05-26 17:00:00,24.92
2010-05-26 18:00:00,35.24
2010-05-26 19:00:00,161.41
2010-05-26 20:00:00,130.19
2010-05-26 21:00:00,43.66
2010-05-26 22:00:00,32.10
2010-05-26 23:00:00,19.75
2010-05-27 00:00:00,18.77
2010-05-27 01:00:00,18.55
2010-05-27 02:00:00,18.95
2010-05-27 03:00:00,37.48
2010-05-27 04:00:00,40.09
2010-05-27 05:00:00,16.68
2010-05-27 06:00:00,30.06
2010-05-27 07:00:00,64.95
2010-05-27 08:00:00,100.29
2010-05-27 09:00:00,101.00
2010-05-27 10:00:00,80.28
2010-05-27 11:00:00,81.30
2010-05-27 12:00:00,92.52
2010-05-27 13:00:00,102.89
2010-05-27 14:00:00,27.21
2010-05-27 15:00:00,44.53
2010-05-27 16:00:00,18.85
2010-05-27 17:00:00,28.33
2010-05-27 18:00:00,37.20
2010-05-27 19:00:00,63.79
2010-05-27 20:00:00,113.33
2010-05-27 21:00:00,84.25
2010-05-27 22:00:00,53.20
2010-05-27 23:00:00,48.84
2010-05-28 00:00:00,35.86
2010-05-28 01:00:00,22.99
2010-05-28 02:00:00,18.42
2010-05-28 03:00:00,18.92
2010-05-28 04:00:00,15.33
2010-05-28 05:00:00,16.32
2010-05-28 06:00:00,59.84
2010-05-28 07:00:00,78.56
2010-05-28 08:00:00,95.97
2010-05-28 09:00:00,108.58
2010-05-28 10:00:00,92.02
2010-05-28 11:00:00,75.67
2010-05-28 12:00:00,47.87
2010-05-28 13:00:00,47.09
2010-05-28 14:00:00,59.29
2010-05-28 15:00:00,81.99
2010-05-28 16:00:00,87.55
2010-05-28 17:00:00,78.64
2010-05-28 18:00:00,53.24
2010-05-28 19:00:00,43.53
2010-05-28 20:00:00,36.17
2010-05-28 21:00:00,52.69
2010-05-28 22:00:00,91.82
2010-05-28 23:00:00,79.79
2010-05-29 00:00:00,35.49
2010-05-29 01:00:00,28.81
2010-05-29 02:00:00,19.64
2010-05-29 03:00:00,18.01
2010-05-29 04:00:00,14.03
2010-05-29 05:00:00,18.57
2010-05-29 06:00:00,35.36
2010-05-29 07:00:00,108.88
2010-05-29 08:00:00,85.56
2010-05-29 09:00:00,79.77
2010-05-29 10:00:00,159.41
2010-05-29 11:00:00,65.17
2010-05-29 12:00:00,125.88
2010-05-29 13:00:00,99.78
2010-05-29 14:00:00,121.86
2010-05-29 15:00:00,63.65
2010-05-29 16:00:00,52.21
2010-05-29 17:00:00,75.02
2010-05-29 18:00:00,204.72
2010-05-29 19:00:00,144.33
2010-05-29 20:00:00,99.05
2010-05-29 21:00:00,134.30
2010-05-29 22:00:00,122.93
2010-05-29 23:00:00,137.37
2010-05-30 00:00:00,52.68
2010-05-30 01:00:00,85.43
2010-05-30 02:00:00,31.50
2010-05-30 03:00:00,27.90
2010-05-30 04:00:00,26.95
2010-05-30 05:00:00,28.55
2010-05-30 06:00:00,27.95
2010-05-30 07:00:00,43.58
2010-05-30 08:00:00,82.43
2010-05-30 09:00:00,37.95
2010-05-30 10:00:00,99.81
2010-05-30 11:00:00,81.07
2010-05-30 12:00:00,49.55
2010-05-30 13:00:00,46.90
2010-05-30 14:00:00,24.38
2010-05-30 15:00:00,99.87
2010-05-30 16:00:00,60.15
2010-05-30 17:00:00,155.16
2010-05-30 18:00:00,109.46
2010-05-30 19:00:00,128.06
2010-05-30 20:00:00,180.26
2010-05-30 21:00:00,136.92
2010-05-30 22:00:00,29.73
2010-05-30 23:00:00,19.45
2010-05-31 00:00:00,17.32
2010-05-31 01:00:00,15.94
2010-05-31 02:00:00,17.66
2010-05-31 03:00:00,15.85
2010-05-31 04:00:00,16.89
2010-05-31 05:00:00,15.96
2010-05-31 06:00:00,77.83
2010-05-31 07:00:00,108.30
2010-05-31 08:00:00,109.98
2010-05-31 09:00:00,81.97
2010-05-31 10:00:00,80.29
2010-05-31 11:00:00,81.30
2010-05-31 12:00:00,64.39
2010-05-31 13:00:00,19.73
2010-05-31 14:00:00,16.43
2010-05-31 15:00:00,29.16
2010-05-31 16:00:00,95.10
2010-05-31 17:00:00,71.66
2010-05-31 18:00:00,103.05
2010-05-31 19:00:00,76.31
2010-05-31 20:00:00,36.01
2010-05-31 21:00:00,75.10
2010-05-31 22:00:00,84.16
2010-05-31 23:00:00,30.07
2010-06-01 00:00:00,18.02
2010-06-01 01:00:00,18.80
2010-06-01 02:00:00,15.13
2010-06-01 03:00:00,18.63
2010-06-01 04:00:00,13.90
2010-06-01 05:00:00,18.00
2010-06-01 06:00:00,36.86
2010-06-01 07:00:00,96.30
2010-06-01 08:00:00,115.98
2010-06-01 09:00:00,119.84
2010-06-01 10:00:00,81.16
2010-06-01 11:00:00,80.65
2010-06-01 12:00:00,100.61
2010-06-01 13:00:00,96.12
2010-06-01 14:00:00,86.72
2010-06-01 15:00:00,88.71
2010-06-01 16:00:00,54.56
2010-06-01 17:00:00,20.50
2010-06-01 18:00:00,21.14
2010-06-01 19:00:00,23.13
2010-06-01 20:00:00,35.37
2010-06-01 21:00:00,31.31
2010-06-01 22:00:00,39.02
2010-06-01 23:00:00,38.50
2010-06-02 00:00:00,19.22
2010-06-02 01:00:00,45.59
2010-06-02 02:00:00,66.01
2010-06-02 03:00:00,14.97
2010-06-02 04:00:00,16.82
2010-06-02 05:00:00,15.65
2010-06-02 06:00:00,38.80
2010-06-02 07:00:00,104.53
2010-06-02 08:00:00,80.83
2010-06-02 09:00:00,79.80
2010-06-02 10:00:00,68.22
2010-06-02 11:00:00,43.34
2010-06-02 12:00:00,24.81
2010-06-02 13:00:00,26.44
2010-06-02 14:00:00,16.29
2010-06-02 15:00:00,63.74
2010-06-02 16:00:00,18.14
2010-06-02 17:00:00,18.60
2010-06-02 18:00:00,16.80
2010-06-02 19:00:00,20.97
2010-06-02 20:00:00,54.69
2010-06-02 21:00:00,74.24
2010-06-02 22:00:00,36.71
2010-06-02 23:00:00,15.71
2010-06-03 00:00:00,31.41
2010-06-03 01:00:00,15.35
2010-06-03 02:00:00,18.35
2010-06-03 03:00:00,60.34
2010-06-03 04:00:00,13.06
2010-06-03 05:00:00,18.53
2010-06-03 06:00:00,56.23
2010-06-03 07:00:00,102.67
2010-06-03 08:00:00,135.19
2010-06-03 09:00:00,112.03
2010-06-03 10:00:00,82.54
2010-06-03 11:00:00,79.73
2010-06-03 12:00:00,116.03
2010-06-03 13:00:00,138.29
2010-06-03 14:00:00,82.54
2010-06-03 15:00:00,81.47
2010-06-03 16:00:00,17.75
2010-06-03 17:00:00,18.51
2010-06-03 18:00:00,23.94
2010-06-03 19:00:00,74.85
2010-06-03 20:00:00,23.73
2010-06-03 21:00:00,36.02
2010-06-03 22:00:00,34.71
2010-06-03 23:00:00,20.90
2010-06-04 00:00:00,18.01
2010-06-04 01:00:00,81.23
2010-06-04 02:00:00,18.46
2010-06-04 03:00:00,15.39
2010-06-04 04:00:00,16.81
2010-06-04 05:00:00,20.07
2010-06-04 06:00:00,72.97
2010-06-04 07:00:00,98.73
2010-06-04 08:00:00,94.24
2010-06-04 09:00:00,110.86
2010-06-04 10:00:00,79.97
2010-06-04 11:00:00,71.55
2010-06-04 12:00:00,34.84
2010-06-04 13:00:00,59.26
2010-06-04 14:00:00,61.71
2010-06-04 15:00:00,83.78
2010-06-04 16:00:00,88.66
2010-06-04 17:00:00,48.16
2010-06-04 18:00:00,29.76
2010-06-04 19:00:00,22.30
2010-06-04 20:00:00,26.73
2010-06-04 21:00:00,108.05
2010-06-04 22:00:00,79.76
2010-06-04 23:00:00,79.25
2010-06-05 00:00:00,118.92
2010-06-05 01:00:00,56.17
2010-06-05 02:00:00,21.39
2010-06-05 03:00:00,16.17
2010-06-05 04:00:00,21.86
2010-06-05 05:00:00,19.07
2010-06-05 06:00:00,39.74
2010-06-05 07:00:00,95.17
2010-06-05 08:00:00,89.66
2010-06-05 09:00:00,86.36
2010-06-05 10:00:00,68.55
2010-06-05 11:00:00,98.03
2010-06-05 12:00:00,142.43
2010-06-05 13:00:00,54.22
2010-06-05 14:00:00,82.55
2010-06-05 15:00:00,72.43
2010-06-05 16:00:00,124.62
2010-06-05 17:00:00,54.01
2010-06-05 18:00:00,120.68
2010-06-05 19:00:00,108.41
2010-06-05 20:00:00,103.88
2010-06-05 21:00:00,38.94
2010-06-05 22:00:00,181.47
2010-06-05 23:00:00,194.90
2010-06-06 00:00:00,166.36
2010-06-06 01:00:00,83.83
2010-06-06 02:00:00,24.98
2010-06-06 03:00:00,25.57
2010-06-06 04:00:00,22.86
2010-06-06 05:00:00,24.23
2010-06-06 06:00:00,19.25
2010-06-06 07:00:00,26.46
2010-06-06 08:00:00,25.35
2010-06-06 09:00:00,78.99
2010-06-06 10:00:00,47.53
2010-06-06 11:00:00,20.57
2010-06-06 12:00:00,148.89
2010-06-06 13:00:00,118.61
2010-06-06 14:00:00,91.57
2010-06-06 15:00:00,87.14
2010-06-06 16:00:00,164.30
2010-06-06 17:00:00,156.48
2010-06-06 18:00:00,31.59
2010-06-06 19:00:00,24.52
2010-06-06 20:00:00,29.98
2010-06-06 21:00:00,128.47
2010-06-06 22:00:00,154.34
2010-06-06 23:00:00,44.91
2010-06-07 00:00:00,16.04
2010-06-07 01:00:00,22.61
2010-06-07 02:00:00,18.79
2010-06-07 03:00:00,21.98
2010-06-07 04:00:00,18.64
2010-06-07 05:00:00,16.86
2010-06-07 06:00:00,47.45
2010-06-07 07:00:00,105.29
2010-06-07 08:00:00,106.59
2010-06-07 09:00:00,113.42
2010-06-07 10:00:00,48.00
2010-06-07 11:00:00,21.10
2010-06-07 12:00:00,25.04
2010-06-07 13:00:00,24.94
2010-06-07 14:00:00,17.93
2010-06-07 15:00:00,20.94
2010-06-07 16:00:00,19.70
2010-06-07 17:00:00,62.35
2010-06-07 18:00:00,36.93
2010-06-07 19:00:00,56.41
2010-06-07 20:00:00,64.08
2010-06-07 21:00:00,54.18
2010-06-07 22:00:00,49.98
2010-06-07 23:00:00,22.83
2010-06-08 00:00:00,37.55
2010-06-08 01:00:00,49.18
2010-06-08 02:00:00,14.84
2010-06-08 03:00:00,20.12
2010-06-08 04:00:00,18.67
2010-06-08 05:00:00,20.50
2010-06-08 06:00:00,29.21
2010-06-08 07:00:00,110.97
2010-06-08 08:00:00,132.62
2010-06-08 09:00:00,119.47
2010-06-08 10:00:00,87.12
2010-06-08 11:00:00,87.11
2010-06-08 12:00:00,83.41
2010-06-08 13:00:00,84.23
2010-06-08 14:00:00,19.31
2010-06-08 15:00:00,26.70
2010-06-08 16:00:00,33.66
2010-06-08 17:00:00,37.46
2010-06-08 18:00:00,43.69
2010-06-08 19:00:00,85.22
2010-06-08 20:00:00,62.65
2010-06-08 21:00:00,84.93
2010-06-08 22:00:00,34.09
2010-06-08 23:00:00,39.31
2010-06-09 00:00:00,21.23
2010-06-09 01:00:00,23.84
2010-06-09 02:00:00,15.63
2010-06-09 03:00:00,22.40
2010-06-09 04:00:00,19.21
2010-06-09 05:00:00,23.06
2010-06-09 06:00:00,53.59
2010-06-09 07:00:00,117.22
2010-06-09 08:00:00,81.34
2010-06-09 09:00:00,84.08
2010-06-09 10:00:00,98.63
2010-06-09 11:00:00,100.45
2010-06-09 12:00:00,30.56
2010-06-09 13:00:00,144.74
2010-06-09 14:00:00,51.87
2010-06-09 15:00:00,56.64
2010-06-09 16:00:00,21.73
2010-06-09 17:00:00,86.28
2010-06-09 18:00:00,93.38
2010-06-09 19:00:00,74.15
2010-06-09 20:00:00,115.07
2010-06-09 21:00:00,90.84
2010-06-09 22:00:00,68.87
2010-06-09 23:00:00,39.88
2010-06-10 00:00:00,24.26
2010-06-10 01:00:00,19.61
2010-06-10 02:00:00,19.04
2010-06-10 03:00:00,19.42
2010-06-10 04:00:00,45.00
2010-06-10 05:00:00,40.93
2010-06-10 06:00:00,33.23
2010-06-10 07:00:00,85.58
2010-06-10 08:00:00,107.54
2010-06-10 09:00:00,81.30
2010-06-10 10:00:00,88.67
2010-06-10 11:00:00,83.62
2010-06-10 12:00:00,86.12
2010-06-10 13:00:00,66.09
2010-06-10 14:00:00,22.49
2010-06-10 15:00:00,19.46
2010-06-10 16:00:00,22.75
2010-06-10 17:00:00,26.41
2010-06-10 18:00:00,41.03
2010-06-10 19:00:00,63.31
2010-06-10 20:00:00,104.17
2010-06-10 21:00:00,64.25
2010-06-10 22:00:00,31.50
2010-06-10 23:00:00,19.41
2010-06-11 00:00:00,20.41
2010-06-11 01:00:00,22.75
2010-06-11 02:00:00,18.97
2010-06-11 03:00:00,18.10
2010-06-11 04:00:00,19.92
2010-06-11 05:00:00,15.11
2010-06-11 06:00:00,97.48
2010-06-11 07:00:00,112.56
2010-06-11 08:00:00,120.82
2010-06-11 09:00:00,110.90
2010-06-11 10:00:00,85.51
2010-06-11 11:00:00,84.86
2010-06-11 12:00:00,105.57
2010-06-11 13:00:00,79.23
2010-06-11 14:00:00,27.88
2010-06-11 15:00:00,60.33
2010-06-11 16:00:00,66.30
2010-06-11 17:00:00,31.21
2010-06-11 18:00:00,28.38
2010-06-11 19:00:00,105.10
2010-06-11 20:00:00,35.03
2010-06-11 21:00:00,69.94
2010-06-11 22:00:00,65.79
2010-06-11 23:00:00,68.51
2010-06-12 00:00:00,58.47
2010-06-12 01:00:00,25.41
2010-06-12 02:00:00,48.15
2010-06-12 03:00:00,19.11
2010-06-12 04:00:00,20.55
2010-06-12 05:00:00,19.40
2010-06-12 06:00:00,36.38
2010-06-12 07:00:00,101.49
2010-06-12 08:00:00,102.80
2010-06-12 09:00:00,83.19
2010-06-12 10:00:00,81.35
2010-06-12 11:00:00,55.26
2010-06-12 12:00:00,126.78
2010-06-12 13:00:00,94.52
2010-06-12 14:00:00,59.61
2010-06-12 15:00:00,102.02
2010-06-12 16:00:00,101.26
2010-06-12 17:00:00,103.50
2010-06-12 18:00:00,126.88
2010-06-12 19:00:00,151.15
2010-06-12 20:00:00,99.64
2010-06-12 21:00:00,110.65
2010-06-12 22:00:00,141.41
2010-06-12 23:00:00,105.46
2010-06-13 00:00:00,72.50
2010-06-13 01:00:00,18.50
2010-06-13 02:00:00,36.33
2010-06-13 03:00:00,29.24
2010-06-13 04:00:00,53.48
2010-06-13 05:00:00,16.34
2010-06-13 06:00:00,19.57
2010-06-13 07:00:00,32.92
2010-06-13 08:00:00,26.08
2010-06-13 09:00:00,35.15
2010-06-13 10:00:00,176.00
2010-06-13 11:00:00,162.13
2010-06-13 12:00:00,57.62
2010-06-13 13:00:00,129.59
2010-06-13 14:00:00,122.34
2010-06-13 15:00:00,38.47
2010-06-13 16:00:00,29.56
2010-06-13 17:00:00,66.34
2010-06-13 18:00:00,69.24
2010-06-13 19:00:00,121.82
2010-06-13 20:00:00,74.90
2010-06-13 21:00:00,153.86
2010-06-13 22:00:00,97.28
2010-06-13 23:00:00,35.08
2010-06-14 00:00:00,38.37
2010-06-14 01:00:00,20.82
2010-06-14 02:00:00,51.90
2010-06-14 03:00:00,19.96
2010-06-14 04:00:00,19.48
2010-06-14 05:00:00,17.46
2010-06-14 06:00:00,34.91
2010-06-14 07:00:00,90.78
2010-06-14 08:00:00,85.80
2010-06-14 09:00:00,84.46
2010-06-14 10:00:00,82.76
2010-06-14 11:00:00,82.51
2010-06-14 12:00:00,112.26
2010-06-14 13:00:00,65.64
2010-06-14 14:00:00,22.99
2010-06-14 15:00:00,17.49
2010-06-14 16:00:00,20.09
2010-06-14 17:00:00,14.87
2010-06-14 18:00:00,23.22
2010-06-14 19:00:00,46.55
2010-06-14 20:00:00,97.07
2010-06-14 21:00:00,81.62
2010-06-14 22:00:00,49.69
2010-06-14 23:00:00,37.27
2010-06-15 00:00:00,24.66
2010-06-15 01:00:00,17.16
2010-06-15 02:00:00,17.77
2010-06-15 03:00:00,17.35
2010-06-15 04:00:00,45.04
2010-06-15 05:00:00,39.21
2010-06-15 06:00:00,36.29
2010-06-15 07:00:00,48.16
2010-06-15 08:00:00,79.84
2010-06-15 09:00:00,85.21
2010-06-15 10:00:00,46.44
2010-06-15 11:00:00,76.87
2010-06-15 12:00:00,69.56
2010-06-15 13:00:00,91.46
2010-06-15 14:00:00,83.57
2010-06-15 15:00:00,40.29
2010-06-15 16:00:00,17.67
2010-06-15 17:00:00,21.03
2010-06-15 18:00:00,18.40
2010-06-15 19:00:00,45.61
2010-06-15 20:00:00,97.10
2010-06-15 21:00:00,75.33
2010-06-15 22:00:00,74.27
2010-06-15 23:00:00,55.69
2010-06-16 00:00:00,54.93
2010-06-16 01:00:00,53.70
2010-06-16 02:00:00,78.70
2010-06-16 03:00:00,47.90
2010-06-16 04:00:00,46.07
2010-06-16 05:00:00,47.84
2010-06-16 06:00:00,47.57
2010-06-16 07:00:00,42.25
2010-06-16 08:00:00,117.45
2010-06-16 09:00:00,116.02
2010-06-16 10:00:00,91.20
2010-06-16 11:00:00,83.02
2010-06-16 12:00:00,85.17
2010-06-16 13:00:00,97.96
2010-06-16 14:00:00,52.45
2010-06-16 15:00:00,93.08
2010-06-16 16:00:00,88.65
2010-06-16 17:00:00,79.06
2010-06-16 18:00:00,81.16
2010-06-16 19:00:00,20.57
2010-06-16 20:00:00,48.64
2010-06-16 21:00:00,135.24
2010-06-16 22:00:00,110.61
2010-06-16 23:00:00,48.83
2010-06-17 00:00:00,21.81
2010-06-17 01:00:00,21.72
2010-06-17 02:00:00,20.76
2010-06-17 03:00:00,17.11
2010-06-17 04:00:00,21.09
2010-06-17 05:00:00,19.96
2010-06-17 06:00:00,84.77
2010-06-17 07:00:00,52.50
2010-06-17 08:00:00,53.46
2010-06-17 09:00:00,18.04
2010-06-17 10:00:00,50.23
2010-06-17 11:00:00,86.31
2010-06-17 12:00:00,83.63
2010-06-17 13:00:00,100.16
2010-06-17 14:00:00,36.65
2010-06-17 15:00:00,20.99
2010-06-17 16:00:00,18.71
2010-06-17 17:00:00,17.09
2010-06-17 18:00:00,19.12
2010-06-17 19:00:00,18.66
2010-06-17 20:00:00,105.35
2010-06-17 21:00:00,51.62
2010-06-17 22:00:00,47.67
2010-06-17 23:00:00,40.62
2010-06-18 00:00:00,38.77
2010-06-18 01:00:00,43.58
2010-06-18 02:00:00,15.47
2010-06-18 03:00:00,19.54
2010-06-18 04:00:00,14.54
2010-06-18 05:00:00,18.59
2010-06-18 06:00:00,32.07
2010-06-18 07:00:00,74.21
2010-06-18 08:00:00,115.35
2010-06-18 09:00:00,93.47
2010-06-18 10:00:00,108.65
2010-06-18 11:00:00,101.97
2010-06-18 12:00:00,85.67
2010-06-18 13:00:00,89.11
2010-06-18 14:00:00,62.08
2010-06-18 15:00:00,16.38
2010-06-18 16:00:00,27.14
2010-06-18 17:00:00,59.24
2010-06-18 18:00:00,29.72
2010-06-18 19:00:00,38.34
2010-06-18 20:00:00,105.03
2010-06-18 21:00:00,60.53
2010-06-18 22:00:00,57.71
2010-06-18 23:00:00,25.15
2010-06-19 00:00:00,37.81
2010-06-19 01:00:00,48.59
2010-06-19 02:00:00,29.99
2010-06-19 03:00:00,22.09
2010-06-19 04:00:00,16.77
2010-06-19 05:00:00,21.49
2010-06-19 06:00:00,20.48
2010-06-19 07:00:00,28.71
2010-06-19 08:00:00,50.30
2010-06-19 09:00:00,97.40
2010-06-19 10:00:00,113.49
2010-06-19 11:00:00,108.73
2010-06-19 12:00:00,30.56
2010-06-19 13:00:00,98.02
2010-06-19 14:00:00,52.89
2010-06-19 15:00:00,34.18
2010-06-19 16:00:00,105.84
2010-06-19 17:00:00,62.03
2010-06-19 18:00:00,23.45
2010-06-19 19:00:00,22.64
2010-06-19 20:00:00,41.44
2010-06-19 21:00:00,137.52
2010-06-19 22:00:00,144.48
2010-06-19 23:00:00,67.33
2010-06-20 00:00:00,34.40
2010-06-20 01:00:00,22.61
2010-06-20 02:00:00,15.27
2010-06-20 03:00:00,21.63
2010-06-20 04:00:00,13.86
2010-06-20 05:00:00,21.13
2010-06-20 06:00:00,13.83
2010-06-20 07:00:00,20.25
2010-06-20 08:00:00,59.09
2010-06-20 09:00:00,61.76
2010-06-20 10:00:00,89.86
2010-06-20 11:00:00,92.03
2010-06-20 12:00:00,107.50
2010-06-20 13:00:00,90.07
2010-06-20 14:00:00,85.92
2010-06-20 15:00:00,24.08
2010-06-20 16:00:00,32.62
2010-06-20 17:00:00,114.97
2010-06-20 18:00:00,156.35
2010-06-20 19:00:00,183.28
2010-06-20 20:00:00,126.32
2010-06-20 21:00:00,107.17
2010-06-20 22:00:00,103.80
2010-06-20 23:00:00,74.74
2010-06-21 00:00:00,16.46
2010-06-21 01:00:00,21.15
2010-06-21 02:00:00,56.36
2010-06-21 03:00:00,20.95
2010-06-21 04:00:00,14.71
2010-06-21 05:00:00,21.51
2010-06-21 06:00:00,16.63
2010-06-21 07:00:00,58.73
2010-06-21 08:00:00,88.70
2010-06-21 09:00:00,87.32
2010-06-21 10:00:00,77.37
2010-06-21 11:00:00,84.81
2010-06-21 12:00:00,67.00
2010-06-21 13:00:00,39.62
2010-06-21 14:00:00,92.37
2010-06-21 15:00:00,150.60
2010-06-21 16:00:00,22.77
2010-06-21 17:00:00,82.46
2010-06-21 18:00:00,150.97
2010-06-21 19:00:00,116.70
2010-06-21 20:00:00,110.24
2010-06-21 21:00:00,79.93
2010-06-21 22:00:00,140.07
2010-06-21 23:00:00,43.46
2010-06-22 00:00:00,20.08
2010-06-22 01:00:00,16.20
2010-06-22 02:00:00,17.21
2010-06-22 03:00:00,16.66
2010-06-22 04:00:00,17.18
2010-06-22 05:00:00,15.51
2010-06-22 06:00:00,38.29
2010-06-22 07:00:00,121.93
2010-06-22 08:00:00,107.87
2010-06-22 09:00:00,111.49
2010-06-22 10:00:00,105.00
2010-06-22 11:00:00,70.44
2010-06-22 12:00:00,38.72
2010-06-22 13:00:00,79.10
2010-06-22 14:00:00,50.31
2010-06-22 15:00:00,39.67
2010-06-22 16:00:00,27.55
2010-06-22 17:00:00,124.82
2010-06-22 18:00:00,95.41
2010-06-22 19:00:00,65.32
2010-06-22 20:00:00,64.52
2010-06-22 21:00:00,75.04
2010-06-22 22:00:00,132.61
2010-06-22 23:00:00,69.64
2010-06-23 00:00:00,18.43
2010-06-23 01:00:00,15.31
2010-06-23 02:00:00,17.37
2010-06-23 03:00:00,17.05
2010-06-23 04:00:00,16.73
2010-06-23 05:00:00,16.00
2010-06-23 06:00:00,31.15
2010-06-23 07:00:00,93.64
2010-06-23 08:00:00,83.53
2010-06-23 09:00:00,86.49
2010-06-23 10:00:00,122.91
2010-06-23 11:00:00,90.31
2010-06-23 12:00:00,74.69
2010-06-23 13:00:00,17.95
2010-06-23 14:00:00,22.50
2010-06-23 15:00:00,22.27
2010-06-23 16:00:00,18.83
2010-06-23 17:00:00,33.28
2010-06-23 18:00:00,104.90
2010-06-23 19:00:00,117.55
2010-06-23 20:00:00,73.74
2010-06-23 21:00:00,236.47
2010-06-23 22:00:00,88.67
2010-06-23 23:00:00,22.30
2010-06-24 00:00:00,21.08
2010-06-24 01:00:00,20.43
2010-06-24 02:00:00,24.88
2010-06-24 03:00:00,31.51
2010-06-24 04:00:00,42.20
2010-06-24 05:00:00,23.27
2010-06-24 06:00:00,25.41
2010-06-24 07:00:00,82.95
2010-06-24 08:00:00,102.66
2010-06-24 09:00:00,84.78
2010-06-24 10:00:00,54.18
2010-06-24 11:00:00,22.17
2010-06-24 12:00:00,22.25
2010-06-24 13:00:00,22.31
2010-06-24 14:00:00,19.44
2010-06-24 15:00:00,22.18
2010-06-24 16:00:00,20.15
2010-06-24 17:00:00,25.53
2010-06-24 18:00:00,41.27
2010-06-24 19:00:00,91.54
2010-06-24 20:00:00,76.81
2010-06-24 21:00:00,86.44
2010-06-24 22:00:00,109.02
2010-06-24 23:00:00,23.33
2010-06-25 00:00:00,17.91
2010-06-25 01:00:00,18.40
2010-06-25 02:00:00,17.03
2010-06-25 03:00:00,20.37
2010-06-25 04:00:00,20.26
2010-06-25 05:00:00,17.06
2010-06-25 06:00:00,62.45
2010-06-25 07:00:00,85.15
2010-06-25 08:00:00,70.46
2010-06-25 09:00:00,89.77
2010-06-25 10:00:00,85.88
2010-06-25 11:00:00,97.32
2010-06-25 12:00:00,117.68
2010-06-25 13:00:00,58.35
2010-06-25 14:00:00,17.00
2010-06-25 15:00:00,16.23
2010-06-25 16:00:00,19.15
2010-06-25 17:00:00,22.04
2010-06-25 18:00:00,17.06
2010-06-25 19:00:00,18.33
2010-06-25 20:00:00,19.76
2010-06-25 21:00:00,79.87
2010-06-25 22:00:00,89.72
2010-06-25 23:00:00,22.19
2010-06-26 00:00:00,21.95
2010-06-26 01:00:00,17.26
2010-06-26 02:00:00,17.60
2010-06-26 03:00:00,21.56
2010-06-26 04:00:00,18.94
2010-06-26 05:00:00,51.68
2010-06-26 06:00:00,28.29
2010-06-26 07:00:00,30.01
2010-06-26 08:00:00,19.69
2010-06-26 09:00:00,53.67
2010-06-26 10:00:00,110.34
2010-06-26 11:00:00,50.10
2010-06-26 12:00:00,86.70
2010-06-26 13:00:00,63.85
2010-06-26 14:00:00,25.92
2010-06-26 15:00:00,25.90
2010-06-26 16:00:00,51.83
2010-06-26 17:00:00,87.17
2010-06-26 18:00:00,84.93
2010-06-26 19:00:00,21.30
2010-06-26 20:00:00,21.27
2010-06-26 21:00:00,18.30
2010-06-26 22:00:00,20.85
2010-06-26 23:00:00,32.52
2010-06-27 00:00:00,21.19
2010-06-27 01:00:00,32.20
2010-06-27 02:00:00,50.73
2010-06-27 03:00:00,21.83
2010-06-27 04:00:00,18.36
2010-06-27 05:00:00,17.24
2010-06-27 06:00:00,19.74
2010-06-27 07:00:00,29.05
2010-06-27 08:00:00,19.91
2010-06-27 09:00:00,91.95
2010-06-27 10:00:00,61.48
2010-06-27 11:00:00,33.19
2010-06-27 12:00:00,63.07
2010-06-27 13:00:00,98.46
2010-06-27 14:00:00,91.51
2010-06-27 15:00:00,54.14
2010-06-27 16:00:00,52.61
2010-06-27 17:00:00,36.57
2010-06-27 18:00:00,46.28
2010-06-27 19:00:00,25.59
2010-06-27 20:00:00,23.83
2010-06-27 21:00:00,50.08
2010-06-27 22:00:00,124.02
2010-06-27 23:00:00,56.95
2010-06-28 00:00:00,21.17
2010-06-28 01:00:00,21.32
2010-06-28 02:00:00,33.89
2010-06-28 03:00:00,29.00
2010-06-28 04:00:00,20.03
2010-06-28 05:00:00,19.83
2010-06-28 06:00:00,65.65
2010-06-28 07:00:00,84.76
2010-06-28 08:00:00,92.38
2010-06-28 09:00:00,61.37
2010-06-28 10:00:00,19.54
2010-06-28 11:00:00,56.02
2010-06-28 12:00:00,39.51
2010-06-28 13:00:00,32.88
2010-06-28 14:00:00,62.52
2010-06-28 15:00:00,101.11
2010-06-28 16:00:00,63.30
2010-06-28 17:00:00,99.69
2010-06-28 18:00:00,108.61
2010-06-28 19:00:00,80.11
2010-06-28 20:00:00,58.55
2010-06-28 21:00:00,68.68
2010-06-28 22:00:00,105.31
2010-06-28 23:00:00,126.11
2010-06-29 00:00:00,60.44
2010-06-29 01:00:00,38.14
2010-06-29 02:00:00,20.44
2010-06-29 03:00:00,19.65
2010-06-29 04:00:00,23.96
2010-06-29 05:00:00,24.83
2010-06-29 06:00:00,26.59
2010-06-29 07:00:00,67.44
2010-06-29 08:00:00,109.32
2010-06-29 09:00:00,96.26
2010-06-29 10:00:00,115.22
2010-06-29 11:00:00,49.01
2010-06-29 12:00:00,30.71
2010-06-29 13:00:00,59.62
2010-06-29 14:00:00,57.06
2010-06-29 15:00:00,24.03
2010-06-29 16:00:00,35.32
2010-06-29 17:00:00,76.03
2010-06-29 18:00:00,45.87
2010-06-29 19:00:00,56.54
2010-06-29 20:00:00,61.97
2010-06-29 21:00:00,103.15
2010-06-29 22:00:00,139.17
2010-06-29 23:00:00,27.23
2010-06-30 00:00:00,20.64
2010-06-30 01:00:00,27.62
2010-06-30 02:00:00,40.15
2010-06-30 03:00:00,18.78
2010-06-30 04:00:00,17.61
2010-06-30 05:00:00,56.80
2010-06-30 06:00:00,32.30
2010-06-30 07:00:00,63.69
2010-06-30 08:00:00,71.59
2010-06-30 09:00:00,22.11
2010-06-30 10:00:00,18.54
2010-06-30 11:00:00,41.29
2010-06-30 12:00:00,70.51
2010-06-30 13:00:00,79.89
2010-06-30 14:00:00,84.08
2010-06-30 15:00:00,62.37
2010-06-30 16:00:00,38.38
2010-06-30 17:00:00,84.22
2010-06-30 18:00:00,80.24
2010-06-30 19:00:00,77.50
2010-06-30 20:00:00,69.09
2010-06-30 21:00:00,84.54
2010-06-30 22:00:00,98.19
2010-06-30 23:00:00,124.00
2010-07-01 00:00:00,199.74
2010-07-01 01:00:00,52.02
2010-07-01 02:00:00,22.78
2010-07-01 03:00:00,22.75
2010-07-01 04:00:00,25.20
2010-07-01 05:00:00,25.15
2010-07-01 06:00:00,24.69
2010-07-01 07:00:00,22.50
2010-07-01 08:00:00,25.78
2010-07-01 09:00:00,28.48
2010-07-01 10:00:00,88.54
2010-07-01 11:00:00,90.02
2010-07-01 12:00:00,91.32
2010-07-01 13:00:00,66.21
2010-07-01 14:00:00,65.21
2010-07-01 15:00:00,69.03
2010-07-01 16:00:00,75.34
2010-07-01 17:00:00,58.55
2010-07-01 18:00:00,81.75
2010-07-01 19:00:00,28.34
2010-07-01 20:00:00,28.94
2010-07-01 21:00:00,43.21
2010-07-01 22:00:00,62.60
2010-07-01 23:00:00,50.84
2010-07-02 00:00:00,83.86
2010-07-02 01:00:00,34.55
2010-07-02 02:00:00,31.26
2010-07-02 03:00:00,96.73
2010-07-02 04:00:00,66.23
2010-07-02 05:00:00,50.88
2010-07-02 06:00:00,25.48
2010-07-02 07:00:00,26.31
2010-07-02 08:00:00,25.74
2010-07-02 09:00:00,23.19
2010-07-02 10:00:00,27.92
2010-07-02 11:00:00,63.29
2010-07-02 12:00:00,39.65
2010-07-02 13:00:00,29.56
2010-07-02 14:00:00,48.50
2010-07-02 15:00:00,38.62
2010-07-02 16:00:00,68.71
2010-07-02 17:00:00,30.19
2010-07-02 18:00:00,36.36
2010-07-02 19:00:00,88.75
2010-07-02 20:00:00,90.52
2010-07-02 21:00:00,66.62
2010-07-02 22:00:00,24.47
2010-07-02 23:00:00,23.51
2010-07-03 00:00:00,27.13
2010-07-03 01:00:00,35.18
2010-07-03 02:00:00,89.46
2010-07-03 03:00:00,44.21
2010-07-03 04:00:00,22.70
2010-07-03 05:00:00,28.65
2010-07-03 06:00:00,30.08
2010-07-03 07:00:00,67.66
2010-07-03 08:00:00,23.36
2010-07-03 09:00:00,25.05
2010-07-03 10:00:00,26.45
2010-07-03 11:00:00,41.95
2010-07-03 12:00:00,44.97
2010-07-03 13:00:00,30.52
2010-07-03 14:00:00,27.84
2010-07-03 15:00:00,24.42
2010-07-03 16:00:00,22.71
2010-07-03 17:00:00,27.88
2010-07-03 18:00:00,61.73
2010-07-03 19:00:00,60.78
2010-07-03 20:00:00,73.06
2010-07-03 21:00:00,68.24
2010-07-03 22:00:00,102.83
2010-07-03 23:00:00,113.22
2010-07-04 00:00:00,109.53
2010-07-04 01:00:00,97.35
2010-07-04 02:00:00,108.54
2010-07-04 03:00:00,103.44
2010-07-04 04:00:00,97.84
2010-07-04 05:00:00,93.28
2010-07-04 06:00:00,93.55
2010-07-04 07:00:00,133.15
2010-07-04 08:00:00,82.81
2010-07-04 09:00:00,74.05
2010-07-04 10:00:00,93.22
2010-07-04 11:00:00,73.67
2010-07-04 12:00:00,17.82
2010-07-04 13:00:00,23.32
2010-07-04 14:00:00,22.30
2010-07-04 15:00:00,19.06
2010-07-04 16:00:00,18.71
2010-07-04 17:00:00,22.38
2010-07-04 18:00:00,23.51
2010-07-04 19:00:00,18.29
2010-07-04 20:00:00,25.85
2010-07-04 21:00:00,83.73
2010-07-04 22:00:00,49.98
2010-07-04 23:00:00,52.73
2010-07-05 00:00:00,24.66
2010-07-05 01:00:00,23.64
2010-07-05 02:00:00,20.56
2010-07-05 03:00:00,20.41
2010-07-05 04:00:00,22.78
2010-07-05 05:00:00,21.25
2010-07-05 06:00:00,19.07
2010-07-05 07:00:00,46.71
2010-07-05 08:00:00,64.56
2010-07-05 09:00:00,20.86
2010-07-05 10:00:00,17.94
2010-07-05 11:00:00,20.06
2010-07-05 12:00:00,36.22
2010-07-05 13:00:00,35.37
2010-07-05 14:00:00,76.26
2010-07-05 15:00:00,88.45
2010-07-05 16:00:00,73.22
2010-07-05 17:00:00,18.34
2010-07-05 18:00:00,19.04
2010-07-05 19:00:00,58.88
2010-07-05 20:00:00,78.16
2010-07-05 21:00:00,112.27
2010-07-05 22:00:00,102.52
2010-07-05 23:00:00,92.74
2010-07-06 00:00:00,37.69
2010-07-06 01:00:00,19.16
2010-07-06 02:00:00,22.02
2010-07-06 03:00:00,21.44
2010-07-06 04:00:00,16.28
2010-07-06 05:00:00,18.82
2010-07-06 06:00:00,21.52
2010-07-06 07:00:00,75.85
2010-07-06 08:00:00,83.30
2010-07-06 09:00:00,82.91
2010-07-06 10:00:00,82.07
2010-07-06 11:00:00,16.90
2010-07-06 12:00:00,19.74
2010-07-06 13:00:00,41.85
2010-07-06 14:00:00,44.23
2010-07-06 15:00:00,33.40
2010-07-06 16:00:00,42.53
2010-07-06 17:00:00,32.38
2010-07-06 18:00:00,34.28
2010-07-06 19:00:00,76.43
2010-07-06 20:00:00,91.85
2010-07-06 21:00:00,44.37
2010-07-06 22:00:00,18.72
2010-07-06 23:00:00,28.20
2010-07-07 00:00:00,22.98
2010-07-07 01:00:00,40.79
2010-07-07 02:00:00,18.84
2010-07-07 03:00:00,23.03
2010-07-07 04:00:00,17.49
2010-07-07 05:00:00,17.23
2010-07-07 06:00:00,56.49
2010-07-07 07:00:00,18.58
2010-07-07 08:00:00,60.36
2010-07-07 09:00:00,20.26
2010-07-07 10:00:00,18.95
2010-07-07 11:00:00,20.30
2010-07-07 12:00:00,30.18
2010-07-07 13:00:00,32.81
2010-07-07 14:00:00,84.86
2010-07-07 15:00:00,50.99
2010-07-07 16:00:00,19.56
2010-07-07 17:00:00,22.37
2010-07-07 18:00:00,20.57
2010-07-07 19:00:00,36.48
2010-07-07 20:00:00,87.68
2010-07-07 21:00:00,36.88
2010-07-07 22:00:00,57.52
2010-07-07 23:00:00,19.57
2010-07-08 00:00:00,24.47
2010-07-08 01:00:00,30.40
2010-07-08 02:00:00,20.08
2010-07-08 03:00:00,19.80
2010-07-08 04:00:00,22.39
2010-07-08 05:00:00,19.52
2010-07-08 06:00:00,33.07
2010-07-08 07:00:00,92.35
2010-07-08 08:00:00,71.95
2010-07-08 09:00:00,17.76
2010-07-08 10:00:00,29.95
2010-07-08 11:00:00,21.88
2010-07-08 12:00:00,18.76
2010-07-08 13:00:00,64.77
2010-07-08 14:00:00,110.85
2010-07-08 15:00:00,53.14
2010-07-08 16:00:00,99.66
2010-07-08 17:00:00,20.71
2010-07-08 18:00:00,31.87
2010-07-08 19:00:00,36.41
2010-07-08 20:00:00,117.26
2010-07-08 21:00:00,77.35
2010-07-08 22:00:00,101.70
2010-07-08 23:00:00,76.54
2010-07-09 00:00:00,81.80
2010-07-09 01:00:00,25.22
2010-07-09 02:00:00,31.99
2010-07-09 03:00:00,25.57
2010-07-09 04:00:00,28.06
2010-07-09 05:00:00,38.26
2010-07-09 06:00:00,54.98
2010-07-09 07:00:00,63.56
2010-07-09 08:00:00,36.60
2010-07-09 09:00:00,38.82
2010-07-09 10:00:00,51.32
2010-07-09 11:00:00,28.27
2010-07-09 12:00:00,34.79
2010-07-09 13:00:00,72.10
2010-07-09 14:00:00,40.54
2010-07-09 15:00:00,36.30
2010-07-09 16:00:00,37.89
2010-07-09 17:00:00,30.22
2010-07-09 18:00:00,35.36
2010-07-09 19:00:00,32.23
2010-07-09 20:00:00,57.67
2010-07-09 21:00:00,36.00
2010-07-09 22:00:00,87.90
2010-07-09 23:00:00,78.03
2010-07-10 00:00:00,38.48
2010-07-10 01:00:00,24.28
2010-07-10 02:00:00,25.12
2010-07-10 03:00:00,68.09
2010-07-10 04:00:00,23.02
2010-07-10 05:00:00,21.28
2010-07-10 06:00:00,21.10
2010-07-10 07:00:00,20.35
2010-07-10 08:00:00,31.00
2010-07-10 09:00:00,119.30
2010-07-10 10:00:00,62.68
2010-07-10 11:00:00,29.17
2010-07-10 12:00:00,25.02
2010-07-10 13:00:00,92.70
2010-07-10 14:00:00,124.98
2010-07-10 15:00:00,86.14
2010-07-10 16:00:00,51.40
2010-07-10 17:00:00,53.54
2010-07-10 18:00:00,26.22
2010-07-10 19:00:00,53.29
2010-07-10 20:00:00,71.52
2010-07-10 21:00:00,25.85
2010-07-10 22:00:00,37.99
2010-07-10 23:00:00,22.00
2010-07-11 00:00:00,20.88
2010-07-11 01:00:00,25.79
2010-07-11 02:00:00,24.50
2010-07-11 03:00:00,21.67
2010-07-11 04:00:00,20.54
2010-07-11 05:00:00,30.00
2010-07-11 06:00:00,45.47
2010-07-11 07:00:00,20.22
2010-07-11 08:00:00,30.64
2010-07-11 09:00:00,27.58
2010-07-11 10:00:00,92.13
2010-07-11 11:00:00,88.45
2010-07-11 12:00:00,41.17
2010-07-11 13:00:00,45.57
2010-07-11 14:00:00,28.63
2010-07-11 15:00:00,31.27
2010-07-11 16:00:00,38.48
2010-07-11 17:00:00,36.00
2010-07-11 18:00:00,46.54
2010-07-11 19:00:00,116.92
2010-07-11 20:00:00,41.48
2010-07-11 21:00:00,56.48
2010-07-11 22:00:00,107.49
2010-07-11 23:00:00,155.69
2010-07-12 00:00:00,66.03
2010-07-12 01:00:00,23.09
2010-07-12 02:00:00,28.12
2010-07-12 03:00:00,20.46
2010-07-12 04:00:00,21.75
2010-07-12 05:00:00,22.33
2010-07-12 06:00:00,32.67
2010-07-12 07:00:00,50.19
2010-07-12 08:00:00,56.65
2010-07-12 09:00:00,36.14
2010-07-12 10:00:00,45.55
2010-07-12 11:00:00,37.71
2010-07-12 12:00:00,43.34
2010-07-12 13:00:00,37.28
2010-07-12 14:00:00,31.30
2010-07-12 15:00:00,32.58
2010-07-12 16:00:00,21.18
2010-07-12 17:00:00,69.64
2010-07-12 18:00:00,41.31
2010-07-12 19:00:00,32.17
2010-07-12 20:00:00,90.24
2010-07-12 21:00:00,119.85
2010-07-12 22:00:00,111.81
2010-07-12 23:00:00,38.16
2010-07-13 00:00:00,22.72
2010-07-13 01:00:00,26.15
2010-07-13 02:00:00,19.81
2010-07-13 03:00:00,21.86
2010-07-13 04:00:00,24.08
2010-07-13 05:00:00,23.40
2010-07-13 06:00:00,23.55
2010-07-13 07:00:00,68.60
2010-07-13 08:00:00,96.87
2010-07-13 09:00:00,102.63
2010-07-13 10:00:00,37.38
2010-07-13 11:00:00,36.07
2010-07-13 12:00:00,34.43
2010-07-13 13:00:00,85.29
2010-07-13 14:00:00,104.20
2010-07-13 15:00:00,65.92
2010-07-13 16:00:00,29.59
2010-07-13 17:00:00,29.39
2010-07-13 18:00:00,64.14
2010-07-13 19:00:00,81.48
2010-07-13 20:00:00,94.13
2010-07-13 21:00:00,126.86
2010-07-13 22:00:00,110.97
2010-07-13 23:00:00,52.62
2010-07-14 00:00:00,29.83
2010-07-14 01:00:00,39.02
2010-07-14 02:00:00,27.98
2010-07-14 03:00:00,21.19
2010-07-14 04:00:00,23.72
2010-07-14 05:00:00,22.82
2010-07-14 06:00:00,27.32
2010-07-14 07:00:00,56.16
2010-07-14 08:00:00,36.22
2010-07-14 09:00:00,34.66
2010-07-14 10:00:00,29.86
2010-07-14 11:00:00,62.17
2010-07-14 12:00:00,68.03
2010-07-14 13:00:00,74.42
2010-07-14 14:00:00,86.32
2010-07-14 15:00:00,64.49
2010-07-14 16:00:00,31.50
2010-07-14 17:00:00,29.24
2010-07-14 18:00:00,31.52
2010-07-14 19:00:00,45.99
2010-07-14 20:00:00,55.90
2010-07-14 21:00:00,136.84
2010-07-14 22:00:00,186.53
2010-07-14 23:00:00,187.75
2010-07-15 00:00:00,153.19
2010-07-15 01:00:00,83.05
2010-07-15 02:00:00,75.55
2010-07-15 03:00:00,48.12
2010-07-15 04:00:00,50.12
2010-07-15 05:00:00,46.37
2010-07-15 06:00:00,48.68
2010-07-15 07:00:00,48.61
2010-07-15 08:00:00,73.93
2010-07-15 09:00:00,119.52
2010-07-15 10:00:00,66.16
2010-07-15 11:00:00,71.17
2010-07-15 12:00:00,32.93
2010-07-15 13:00:00,30.19
2010-07-15 14:00:00,54.56
2010-07-15 15:00:00,112.79
2010-07-15 16:00:00,66.35
2010-07-15 17:00:00,32.02
2010-07-15 18:00:00,32.77
2010-07-15 19:00:00,30.90
2010-07-15 20:00:00,31.43
2010-07-15 21:00:00,103.88
2010-07-15 22:00:00,143.71
2010-07-15 23:00:00,79.81
2010-07-16 00:00:00,45.07
2010-07-16 01:00:00,35.91
2010-07-16 02:00:00,23.82
2010-07-16 03:00:00,27.94
2010-07-16 04:00:00,19.85
2010-07-16 05:00:00,16.73
2010-07-16 06:00:00,21.25
2010-07-16 07:00:00,16.70
2010-07-16 08:00:00,47.70
2010-07-16 09:00:00,44.14
2010-07-16 10:00:00,34.31
2010-07-16 11:00:00,18.11
2010-07-16 12:00:00,19.75
2010-07-16 13:00:00,37.92
2010-07-16 14:00:00,41.53
2010-07-16 15:00:00,83.05
2010-07-16 16:00:00,34.02
2010-07-16 17:00:00,18.87
2010-07-16 18:00:00,17.62
2010-07-16 19:00:00,20.79
2010-07-16 20:00:00,16.71
2010-07-16 21:00:00,54.52
2010-07-16 22:00:00,69.88
2010-07-16 23:00:00,53.87
2010-07-17 00:00:00,49.88
2010-07-17 01:00:00,61.14
2010-07-17 02:00:00,60.88
2010-07-17 03:00:00,19.03
2010-07-17 04:00:00,20.07
2010-07-17 05:00:00,18.25
2010-07-17 06:00:00,19.27
2010-07-17 07:00:00,18.71
2010-07-17 08:00:00,24.82
2010-07-17 09:00:00,83.04
2010-07-17 10:00:00,83.57
2010-07-17 11:00:00,23.80
2010-07-17 12:00:00,18.85
2010-07-17 13:00:00,15.02
2010-07-17 14:00:00,18.15
2010-07-17 15:00:00,17.87
2010-07-17 16:00:00,19.21
2010-07-17 17:00:00,17.64
2010-07-17 18:00:00,18.24
2010-07-17 19:00:00,19.40
2010-07-17 20:00:00,60.74
2010-07-17 21:00:00,41.43
2010-07-17 22:00:00,43.76
2010-07-17 23:00:00,33.59
2010-07-18 00:00:00,26.18
2010-07-18 01:00:00,24.02
2010-07-18 02:00:00,19.92
2010-07-18 03:00:00,35.62
2010-07-18 04:00:00,13.01
2010-07-18 05:00:00,18.96
2010-07-18 06:00:00,17.73
2010-07-18 07:00:00,69.72
2010-07-18 08:00:00,18.07
2010-07-18 09:00:00,18.73
2010-07-18 10:00:00,14.38
2010-07-18 11:00:00,17.11
2010-07-18 12:00:00,19.04
2010-07-18 13:00:00,15.95
2010-07-18 14:00:00,19.59
2010-07-18 15:00:00,13.79
2010-07-18 16:00:00,17.67
2010-07-18 17:00:00,17.36
2010-07-18 18:00:00,55.15
2010-07-18 19:00:00,73.98
2010-07-18 20:00:00,68.70
2010-07-18 21:00:00,62.90
2010-07-18 22:00:00,65.53
2010-07-18 23:00:00,88.93
2010-07-19 00:00:00,22.27
2010-07-19 01:00:00,16.51
2010-07-19 02:00:00,16.97
2010-07-19 03:00:00,17.32
2010-07-19 04:00:00,19.04
2010-07-19 05:00:00,18.38
2010-07-19 06:00:00,58.89
2010-07-19 07:00:00,35.99
2010-07-19 08:00:00,17.99
2010-07-19 09:00:00,18.06
2010-07-19 10:00:00,20.96
2010-07-19 11:00:00,19.45
2010-07-19 12:00:00,12.60
2010-07-19 13:00:00,23.46
2010-07-19 14:00:00,20.78
2010-07-19 15:00:00,30.71
2010-07-19 16:00:00,24.54
2010-07-19 17:00:00,63.68
2010-07-19 18:00:00,80.85
2010-07-19 19:00:00,84.18
2010-07-19 20:00:00,22.28
2010-07-19 21:00:00,22.95
2010-07-19 22:00:00,73.87
2010-07-19 23:00:00,59.44
2010-07-20 00:00:00,26.03
2010-07-20 01:00:00,22.11
2010-07-20 02:00:00,27.89
2010-07-20 03:00:00,41.78
2010-07-20 04:00:00,20.82
2010-07-20 05:00:00,25.98
2010-07-20 06:00:00,63.76
2010-07-20 07:00:00,19.87
2010-07-20 08:00:00,19.99
2010-07-20 09:00:00,21.21
2010-07-20 10:00:00,68.87
2010-07-20 11:00:00,45.61
2010-07-20 12:00:00,20.19
2010-07-20 13:00:00,20.62
2010-07-20 14:00:00,18.44
2010-07-20 15:00:00,19.38
2010-07-20 16:00:00,17.07
2010-07-20 17:00:00,28.56
2010-07-20 18:00:00,43.53
2010-07-20 19:00:00,39.95
2010-07-20 20:00:00,97.09
2010-07-20 21:00:00,45.48
2010-07-20 22:00:00,44.01
2010-07-20 23:00:00,57.58
2010-07-21 00:00:00,46.94
2010-07-21 01:00:00,44.25
2010-07-21 02:00:00,20.16
2010-07-21 03:00:00,18.70
2010-07-21 04:00:00,21.12
2010-07-21 05:00:00,18.42
2010-07-21 06:00:00,22.71
2010-07-21 07:00:00,39.82
2010-07-21 08:00:00,51.09
2010-07-21 09:00:00,21.30
2010-07-21 10:00:00,18.32
2010-07-21 11:00:00,20.01
2010-07-21 12:00:00,17.19
2010-07-21 13:00:00,46.57
2010-07-21 14:00:00,51.93
2010-07-21 15:00:00,44.93
2010-07-21 16:00:00,77.05
2010-07-21 17:00:00,44.45
2010-07-21 18:00:00,20.02
2010-07-21 19:00:00,45.41
2010-07-21 20:00:00,76.45
2010-07-21 21:00:00,28.57
2010-07-21 22:00:00,96.08
2010-07-21 23:00:00,172.69
2010-07-22 00:00:00,160.50
2010-07-22 01:00:00,130.08
2010-07-22 02:00:00,87.75
2010-07-22 03:00:00,84.25
2010-07-22 04:00:00,82.10
2010-07-22 05:00:00,26.14
2010-07-22 06:00:00,22.01
2010-07-22 07:00:00,28.27
2010-07-22 08:00:00,61.10
2010-07-22 09:00:00,21.72
2010-07-22 10:00:00,21.57
2010-07-22 11:00:00,20.47
2010-07-22 12:00:00,22.15
2010-07-22 13:00:00,21.97
2010-07-22 14:00:00,79.48
2010-07-22 15:00:00,22.01
2010-07-22 16:00:00,22.58
2010-07-22 17:00:00,23.16
2010-07-22 18:00:00,22.35
2010-07-22 19:00:00,22.49
2010-07-22 20:00:00,23.73
2010-07-22 21:00:00,58.00
2010-07-22 22:00:00,68.90
2010-07-22 23:00:00,31.70
2010-07-23 00:00:00,32.07
2010-07-23 01:00:00,75.86
2010-07-23 02:00:00,35.50
2010-07-23 03:00:00,74.70
2010-07-23 04:00:00,66.89
2010-07-23 05:00:00,50.69
2010-07-23 06:00:00,21.38
2010-07-23 07:00:00,22.99
2010-07-23 08:00:00,42.98
2010-07-23 09:00:00,84.80
2010-07-23 10:00:00,25.96
2010-07-23 11:00:00,21.71
2010-07-23 12:00:00,35.03
2010-07-23 13:00:00,47.06
2010-07-23 14:00:00,27.48
2010-07-23 15:00:00,55.89
2010-07-23 16:00:00,32.38
2010-07-23 17:00:00,21.48
2010-07-23 18:00:00,22.76
2010-07-23 19:00:00,84.47
2010-07-23 20:00:00,90.09
2010-07-23 21:00:00,99.06
2010-07-23 22:00:00,56.93
2010-07-23 23:00:00,47.98
2010-07-24 00:00:00,46.49
2010-07-24 01:00:00,45.23
2010-07-24 02:00:00,28.47
2010-07-24 03:00:00,21.14
2010-07-24 04:00:00,22.22
2010-07-24 05:00:00,21.34
2010-07-24 06:00:00,23.27
2010-07-24 07:00:00,54.73
2010-07-24 08:00:00,32.23
2010-07-24 09:00:00,22.66
2010-07-24 10:00:00,21.20
2010-07-24 11:00:00,21.81
2010-07-24 12:00:00,39.21
2010-07-24 13:00:00,47.72
2010-07-24 14:00:00,20.55
2010-07-24 15:00:00,21.66
2010-07-24 16:00:00,21.81
2010-07-24 17:00:00,22.58
2010-07-24 18:00:00,45.48
2010-07-24 19:00:00,53.01
2010-07-24 20:00:00,41.84
2010-07-24 21:00:00,105.26
2010-07-24 22:00:00,73.82
2010-07-24 23:00:00,67.93
2010-07-25 00:00:00,65.52
2010-07-25 01:00:00,54.08
2010-07-25 02:00:00,21.12
2010-07-25 03:00:00,19.45
2010-07-25 04:00:00,23.10
2010-07-25 05:00:00,22.10
2010-07-25 06:00:00,52.89
2010-07-25 07:00:00,48.17
2010-07-25 08:00:00,22.60
2010-07-25 09:00:00,21.29
2010-07-25 10:00:00,83.69
2010-07-25 11:00:00,98.65
2010-07-25 12:00:00,94.65
2010-07-25 13:00:00,51.18
2010-07-25 14:00:00,21.92
2010-07-25 15:00:00,21.89
2010-07-25 16:00:00,23.13
2010-07-25 17:00:00,21.68
2010-07-25 18:00:00,22.33
2010-07-25 19:00:00,52.69
2010-07-25 20:00:00,40.77
2010-07-25 21:00:00,38.50
2010-07-25 22:00:00,39.14
2010-07-25 23:00:00,169.88
2010-07-26 00:00:00,20.44
2010-07-26 01:00:00,20.33
2010-07-26 02:00:00,16.73
2010-07-26 03:00:00,21.75
2010-07-26 04:00:00,18.46
2010-07-26 05:00:00,20.03
2010-07-26 06:00:00,15.47
2010-07-26 07:00:00,20.00
2010-07-26 08:00:00,106.25
2010-07-26 09:00:00,24.75
2010-07-26 10:00:00,44.59
2010-07-26 11:00:00,64.99
2010-07-26 12:00:00,30.79
2010-07-26 13:00:00,19.80
2010-07-26 14:00:00,19.53
2010-07-26 15:00:00,17.74
2010-07-26 16:00:00,20.18
2010-07-26 17:00:00,16.48
2010-07-26 18:00:00,20.90
2010-07-26 19:00:00,17.70
2010-07-26 20:00:00,19.45
2010-07-26 21:00:00,68.66
2010-07-26 22:00:00,125.48
2010-07-26 23:00:00,113.65
2010-07-27 00:00:00,98.74
2010-07-27 01:00:00,97.07
2010-07-27 02:00:00,48.61
2010-07-27 03:00:00,21.41
2010-07-27 04:00:00,17.39
2010-07-27 05:00:00,18.69
2010-07-27 06:00:00,18.08
2010-07-27 07:00:00,19.22
2010-07-27 08:00:00,16.52
2010-07-27 09:00:00,69.81
2010-07-27 10:00:00,44.70
2010-07-27 11:00:00,31.88
2010-07-27 12:00:00,34.91
2010-07-27 13:00:00,29.78
2010-07-27 14:00:00,17.37
2010-07-27 15:00:00,65.85
2010-07-27 16:00:00,18.18
2010-07-27 17:00:00,17.41
2010-07-27 18:00:00,20.60
2010-07-27 19:00:00,16.55
2010-07-27 20:00:00,19.76
2010-07-27 21:00:00,51.85
2010-07-27 22:00:00,72.50
2010-07-27 23:00:00,85.49
2010-07-28 00:00:00,101.37
2010-07-28 01:00:00,85.39
2010-07-28 02:00:00,42.41
2010-07-28 03:00:00,19.51
2010-07-28 04:00:00,18.13
2010-07-28 05:00:00,18.33
2010-07-28 06:00:00,27.08
2010-07-28 07:00:00,92.20
2010-07-28 08:00:00,79.31
2010-07-28 09:00:00,75.07
2010-07-28 10:00:00,17.36
2010-07-28 11:00:00,18.58
2010-07-28 12:00:00,18.28
2010-07-28 13:00:00,19.21
2010-07-28 14:00:00,17.51
2010-07-28 15:00:00,19.26
2010-07-28 16:00:00,18.96
2010-07-28 17:00:00,16.98
2010-07-28 18:00:00,20.18
2010-07-28 19:00:00,38.09
2010-07-28 20:00:00,44.31
2010-07-28 21:00:00,17.71
2010-07-28 22:00:00,20.62
2010-07-28 23:00:00,16.80
2010-07-29 00:00:00,19.90
2010-07-29 01:00:00,19.04
2010-07-29 02:00:00,17.84
2010-07-29 03:00:00,19.59
2010-07-29 04:00:00,17.96
2010-07-29 05:00:00,19.33
2010-07-29 06:00:00,16.49
2010-07-29 07:00:00,74.04
2010-07-29 08:00:00,17.68
2010-07-29 09:00:00,19.47
2010-07-29 10:00:00,16.25
2010-07-29 11:00:00,16.56
2010-07-29 12:00:00,17.92
2010-07-29 13:00:00,18.99
2010-07-29 14:00:00,18.34
2010-07-29 15:00:00,17.16
2010-07-29 16:00:00,20.20
2010-07-29 17:00:00,16.30
2010-07-29 18:00:00,27.00
2010-07-29 19:00:00,65.57
2010-07-29 20:00:00,19.18
2010-07-29 21:00:00,17.15
2010-07-29 22:00:00,20.00
2010-07-29 23:00:00,17.15
2010-07-30 00:00:00,18.49
2010-07-30 01:00:00,19.14
2010-07-30 02:00:00,17.46
2010-07-30 03:00:00,18.41
2010-07-30 04:00:00,18.09
2010-07-30 05:00:00,18.74
2010-07-30 06:00:00,21.65
2010-07-30 07:00:00,69.02
2010-07-30 08:00:00,28.59
2010-07-30 09:00:00,19.48
2010-07-30 10:00:00,17.83
2010-07-30 11:00:00,18.40
2010-07-30 12:00:00,16.89
2010-07-30 13:00:00,15.98
2010-07-30 14:00:00,16.77
2010-07-30 15:00:00,18.16
2010-07-30 16:00:00,19.03
2010-07-30 17:00:00,72.30
2010-07-30 18:00:00,18.91
2010-07-30 19:00:00,17.38
2010-07-30 20:00:00,16.85
2010-07-30 21:00:00,16.81
2010-07-30 22:00:00,20.31
2010-07-30 23:00:00,16.59
2010-07-31 00:00:00,18.94
2010-07-31 01:00:00,18.11
2010-07-31 02:00:00,18.52
2010-07-31 03:00:00,17.31
2010-07-31 04:00:00,33.52
2010-07-31 05:00:00,60.30
2010-07-31 06:00:00,18.84
2010-07-31 07:00:00,19.89
2010-07-31 08:00:00,17.08
2010-07-31 09:00:00,17.81
2010-07-31 10:00:00,15.64
2010-07-31 11:00:00,18.04
2010-07-31 12:00:00,17.04
2010-07-31 13:00:00,20.02
2010-07-31 14:00:00,16.94
2010-07-31 15:00:00,19.11
2010-07-31 16:00:00,41.13
2010-07-31 17:00:00,54.15
2010-07-31 18:00:00,17.33
2010-07-31 19:00:00,20.57
2010-07-31 20:00:00,18.66
2010-07-31 21:00:00,17.87
2010-07-31 22:00:00,20.24
2010-07-31 23:00:00,17.54
2010-08-01 00:00:00,19.02
2010-08-01 01:00:00,17.57
2010-08-01 02:00:00,20.10
2010-08-01 03:00:00,15.85
2010-08-01 04:00:00,38.56
2010-08-01 05:00:00,56.38
2010-08-01 06:00:00,18.95
2010-08-01 07:00:00,15.95
2010-08-01 08:00:00,18.20
2010-08-01 09:00:00,18.58
2010-08-01 10:00:00,17.44
2010-08-01 11:00:00,20.36
2010-08-01 12:00:00,15.86
2010-08-01 13:00:00,19.86
2010-08-01 14:00:00,17.49
2010-08-01 15:00:00,18.82
2010-08-01 16:00:00,39.41
2010-08-01 17:00:00,55.11
2010-08-01 18:00:00,18.19
2010-08-01 19:00:00,18.73
2010-08-01 20:00:00,19.70
2010-08-01 21:00:00,18.33
2010-08-01 22:00:00,18.46
2010-08-01 23:00:00,18.73
2010-08-02 00:00:00,18.09
2010-08-02 01:00:00,15.15
2010-08-02 02:00:00,19.01
2010-08-02 03:00:00,16.62
2010-08-02 04:00:00,42.46
2010-08-02 05:00:00,51.60
2010-08-02 06:00:00,19.75
2010-08-02 07:00:00,17.15
2010-08-02 08:00:00,18.99
2010-08-02 09:00:00,19.37
2010-08-02 10:00:00,16.48
2010-08-02 11:00:00,20.36
2010-08-02 12:00:00,16.76
2010-08-02 13:00:00,19.36
2010-08-02 14:00:00,17.50
2010-08-02 15:00:00,19.87
2010-08-02 16:00:00,45.24
2010-08-02 17:00:00,44.55
2010-08-02 18:00:00,19.00
2010-08-02 19:00:00,18.49
2010-08-02 20:00:00,19.39
2010-08-02 21:00:00,18.42
2010-08-02 22:00:00,18.47
2010-08-02 23:00:00,17.38
2010-08-03 00:00:00,19.31
2010-08-03 01:00:00,16.37
2010-08-03 02:00:00,19.24
2010-08-03 03:00:00,17.41
2010-08-03 04:00:00,55.41
2010-08-03 05:00:00,34.10
2010-08-03 06:00:00,19.14
2010-08-03 07:00:00,16.96
2010-08-03 08:00:00,21.49
2010-08-03 09:00:00,25.13
2010-08-03 10:00:00,22.82
2010-08-03 11:00:00,23.45
2010-08-03 12:00:00,21.83
2010-08-03 13:00:00,24.95
2010-08-03 14:00:00,23.30
2010-08-03 15:00:00,25.73
2010-08-03 16:00:00,81.68
2010-08-03 17:00:00,26.01
2010-08-03 18:00:00,21.20
2010-08-03 19:00:00,23.67
2010-08-03 20:00:00,22.84
2010-08-03 21:00:00,16.69
2010-08-03 22:00:00,19.32
2010-08-03 23:00:00,17.17
2010-08-04 00:00:00,19.37
2010-08-04 01:00:00,16.20
2010-08-04 02:00:00,20.01
2010-08-04 03:00:00,20.18
2010-08-04 04:00:00,69.30
2010-08-04 05:00:00,19.47
2010-08-04 06:00:00,16.82
2010-08-04 07:00:00,18.97
2010-08-04 08:00:00,19.10
2010-08-04 09:00:00,18.43
2010-08-04 10:00:00,16.84
2010-08-04 11:00:00,19.55
2010-08-04 12:00:00,15.30
2010-08-04 13:00:00,16.66
2010-08-04 14:00:00,17.68
2010-08-04 15:00:00,35.32
2010-08-04 16:00:00,58.89
2010-08-04 17:00:00,19.02
2010-08-04 18:00:00,18.44
2010-08-04 19:00:00,17.52
2010-08-04 20:00:00,20.56
2010-08-04 21:00:00,16.34
2010-08-04 22:00:00,18.20
2010-08-04 23:00:00,15.21
2010-08-05 00:00:00,18.52
2010-08-05 01:00:00,16.37
2010-08-05 02:00:00,19.64
2010-08-05 03:00:00,41.50
2010-08-05 04:00:00,51.77
2010-08-05 05:00:00,18.88
2010-08-05 06:00:00,13.87
2010-08-05 07:00:00,17.99
2010-08-05 08:00:00,17.93
2010-08-05 09:00:00,19.14
2010-08-05 10:00:00,16.35
2010-08-05 11:00:00,16.65
2010-08-05 12:00:00,15.73
2010-08-05 13:00:00,18.87
2010-08-05 14:00:00,17.26
2010-08-05 15:00:00,58.01
2010-08-05 16:00:00,32.19
2010-08-05 17:00:00,18.22
2010-08-05 18:00:00,18.25
2010-08-05 19:00:00,17.12
2010-08-05 20:00:00,20.14
2010-08-05 21:00:00,12.51
2010-08-05 22:00:00,19.13
2010-08-05 23:00:00,17.42
2010-08-06 00:00:00,17.91
2010-08-06 01:00:00,16.84
2010-08-06 02:00:00,17.31
2010-08-06 03:00:00,73.55
2010-08-06 04:00:00,18.42
2010-08-06 05:00:00,17.87
2010-08-06 06:00:00,16.91
2010-08-06 07:00:00,15.79
2010-08-06 08:00:00,16.50
2010-08-06 09:00:00,17.81
2010-08-06 10:00:00,16.48
2010-08-06 11:00:00,18.05
2010-08-06 12:00:00,12.98
2010-08-06 13:00:00,19.45
2010-08-06 14:00:00,35.87
2010-08-06 15:00:00,55.15
2010-08-06 16:00:00,16.02
2010-08-06 17:00:00,18.20
2010-08-06 18:00:00,17.24
2010-08-06 19:00:00,17.98
2010-08-06 20:00:00,16.25
2010-08-06 21:00:00,16.03
2010-08-06 22:00:00,19.84
2010-08-06 23:00:00,16.28
2010-08-07 00:00:00,17.92
2010-08-07 01:00:00,14.03
2010-08-07 02:00:00,54.77
2010-08-07 03:00:00,40.28
2010-08-07 04:00:00,19.36
2010-08-07 05:00:00,16.88
2010-08-07 06:00:00,14.11
2010-08-07 07:00:00,18.36
2010-08-07 08:00:00,17.70
2010-08-07 09:00:00,18.37
2010-08-07 10:00:00,13.58
2010-08-07 11:00:00,18.39
2010-08-07 12:00:00,15.45
2010-08-07 13:00:00,20.18
2010-08-07 14:00:00,51.49
2010-08-07 15:00:00,37.19
2010-08-07 16:00:00,17.39
2010-08-07 17:00:00,17.95
2010-08-07 18:00:00,16.82
2010-08-07 19:00:00,20.36
2010-08-07 20:00:00,13.71
2010-08-07 21:00:00,17.96
2010-08-07 22:00:00,18.58
2010-08-07 23:00:00,16.66
2010-08-08 00:00:00,19.04
2010-08-08 01:00:00,17.10
2010-08-08 02:00:00,70.96
2010-08-08 03:00:00,19.20
2010-08-08 04:00:00,19.01
2010-08-08 05:00:00,16.21
2010-08-08 06:00:00,19.23
2010-08-08 07:00:00,16.09
2010-08-08 08:00:00,15.89
2010-08-08 09:00:00,17.41
2010-08-08 10:00:00,19.12
2010-08-08 11:00:00,16.62
2010-08-08 12:00:00,14.53
2010-08-08 13:00:00,31.81
2010-08-08 14:00:00,60.86
2010-08-08 15:00:00,18.80
2010-08-08 16:00:00,13.80
2010-08-08 17:00:00,17.58
2010-08-08 18:00:00,17.63
2010-08-08 19:00:00,20.05
2010-08-08 20:00:00,12.57
2010-08-08 21:00:00,19.99
2010-08-08 22:00:00,16.15
2010-08-08 23:00:00,18.79
2010-08-09 00:00:00,16.98
2010-08-09 01:00:00,50.84
2010-08-09 02:00:00,39.61
2010-08-09 03:00:00,19.18
2010-08-09 04:00:00,17.78
2010-08-09 05:00:00,17.11
2010-08-09 06:00:00,19.07
2010-08-09 07:00:00,17.53
2010-08-09 08:00:00,14.89
2010-08-09 09:00:00,18.29
2010-08-09 10:00:00,17.89
2010-08-09 11:00:00,16.53
2010-08-09 12:00:00,19.98
2010-08-09 13:00:00,65.79
2010-08-09 14:00:00,23.65
2010-08-09 15:00:00,17.08
2010-08-09 16:00:00,19.25
2010-08-09 17:00:00,16.19
2010-08-09 18:00:00,18.13
2010-08-09 19:00:00,16.07
2010-08-09 20:00:00,18.53
2010-08-09 21:00:00,18.49
2010-08-09 22:00:00,18.81
2010-08-09 23:00:00,17.41
2010-08-10 00:00:00,21.23
2010-08-10 01:00:00,74.94
2010-08-10 02:00:00,17.42
2010-08-10 03:00:00,15.72
2010-08-10 04:00:00,17.67
2010-08-10 05:00:00,18.82
2010-08-10 06:00:00,17.05
2010-08-10 07:00:00,19.99
2010-08-10 08:00:00,15.48
2010-08-10 09:00:00,20.34
2010-08-10 10:00:00,15.52
2010-08-10 11:00:00,16.45
2010-08-10 12:00:00,26.27
2010-08-10 13:00:00,69.29
2010-08-10 14:00:00,17.47
2010-08-10 15:00:00,18.02
2010-08-10 16:00:00,19.49
2010-08-10 17:00:00,17.07
2010-08-10 18:00:00,19.34
2010-08-10 19:00:00,15.72
2010-08-10 20:00:00,17.98
2010-08-10 21:00:00,17.06
2010-08-10 22:00:00,19.82
2010-08-10 23:00:00,16.59
2010-08-11 00:00:00,26.20
2010-08-11 01:00:00,68.10
2010-08-11 02:00:00,19.30
2010-08-11 03:00:00,16.55
2010-08-11 04:00:00,19.62
2010-08-11 05:00:00,14.47
2010-08-11 06:00:00,17.03
2010-08-11 07:00:00,19.57
2010-08-11 08:00:00,16.95
2010-08-11 09:00:00,19.27
2010-08-11 10:00:00,16.79
2010-08-11 11:00:00,19.41
2010-08-11 12:00:00,29.07
2010-08-11 13:00:00,61.53
2010-08-11 14:00:00,17.27
2010-08-11 15:00:00,18.05
2010-08-11 16:00:00,17.19
2010-08-11 17:00:00,19.71
2010-08-11 18:00:00,16.99
2010-08-11 19:00:00,19.14
2010-08-11 20:00:00,15.46
2010-08-11 21:00:00,17.73
2010-08-11 22:00:00,18.85
2010-08-11 23:00:00,17.78
2010-08-12 00:00:00,37.00
2010-08-12 01:00:00,56.49
2010-08-12 02:00:00,16.66
2010-08-12 03:00:00,16.21
2010-08-12 04:00:00,18.53
2010-08-12 05:00:00,17.32
2010-08-12 06:00:00,18.69
2010-08-12 07:00:00,16.82
2010-08-12 08:00:00,15.59
2010-08-12 09:00:00,18.42
2010-08-12 10:00:00,16.57
2010-08-12 11:00:00,19.22
2010-08-12 12:00:00,45.24
2010-08-12 13:00:00,44.54
2010-08-12 14:00:00,17.23
2010-08-12 15:00:00,18.91
2010-08-12 16:00:00,16.19
2010-08-12 17:00:00,18.23
2010-08-12 18:00:00,14.76
2010-08-12 19:00:00,18.66
2010-08-12 20:00:00,18.33
2010-08-12 21:00:00,18.77
2010-08-12 22:00:00,15.69
2010-08-12 23:00:00,15.62
2010-08-13 00:00:00,61.49
2010-08-13 01:00:00,32.87
2010-08-13 02:00:00,18.86
2010-08-13 03:00:00,13.63
2010-08-13 04:00:00,18.64
2010-08-13 05:00:00,15.76
2010-08-13 06:00:00,19.83
2010-08-13 07:00:00,16.15
2010-08-13 08:00:00,15.23
2010-08-13 09:00:00,18.87
2010-08-13 10:00:00,16.56
2010-08-13 11:00:00,18.49
2010-08-13 12:00:00,70.16
2010-08-13 13:00:00,20.45
2010-08-13 14:00:00,15.32
2010-08-13 15:00:00,19.77
2010-08-13 16:00:00,15.71
2010-08-13 17:00:00,15.10
2010-08-13 18:00:00,18.03
2010-08-13 19:00:00,17.79
2010-08-13 20:00:00,17.51
2010-08-13 21:00:00,15.17
2010-08-13 22:00:00,18.12
2010-08-13 23:00:00,24.79
2010-08-14 00:00:00,69.47
2010-08-14 01:00:00,13.34
2010-08-14 02:00:00,17.77
2010-08-14 03:00:00,16.98
2010-08-14 04:00:00,19.04
2010-08-14 05:00:00,12.02
2010-08-14 06:00:00,19.21
2010-08-14 07:00:00,16.08
2010-08-14 08:00:00,18.74
2010-08-14 09:00:00,12.70
2010-08-14 10:00:00,19.14
2010-08-14 11:00:00,43.72
2010-08-14 12:00:00,45.95
2010-08-14 13:00:00,17.75
2010-08-14 14:00:00,16.76
2010-08-14 15:00:00,17.65
2010-08-14 16:00:00,14.27
2010-08-14 17:00:00,17.24
2010-08-14 18:00:00,17.21
2010-08-14 19:00:00,16.32
2010-08-14 20:00:00,16.42
2010-08-14 21:00:00,18.23
2010-08-14 22:00:00,17.41
2010-08-14 23:00:00,60.86
2010-08-15 00:00:00,28.59
2010-08-15 01:00:00,19.78
2010-08-15 02:00:00,15.50
2010-08-15 03:00:00,15.12
2010-08-15 04:00:00,16.93
2010-08-15 05:00:00,18.54
2010-08-15 06:00:00,15.89
2010-08-15 07:00:00,15.87
2010-08-15 08:00:00,16.82
2010-08-15 09:00:00,17.64
2010-08-15 10:00:00,20.86
2010-08-15 11:00:00,73.59
2010-08-15 12:00:00,17.40
2010-08-15 13:00:00,18.09
2010-08-15 14:00:00,59.90
2010-08-15 15:00:00,24.51
2010-08-15 16:00:00,111.37
2010-08-15 17:00:00,114.14
2010-08-15 18:00:00,130.60
2010-08-15 19:00:00,55.79
2010-08-15 20:00:00,72.27
2010-08-15 21:00:00,58.32
2010-08-15 22:00:00,86.99
2010-08-15 23:00:00,31.46
2010-08-16 00:00:00,17.86
2010-08-16 01:00:00,19.98
2010-08-16 02:00:00,15.83
2010-08-16 03:00:00,18.15
2010-08-16 04:00:00,19.11
2010-08-16 05:00:00,18.58
2010-08-16 06:00:00,15.67
2010-08-16 07:00:00,57.90
2010-08-16 08:00:00,90.99
2010-08-16 09:00:00,82.58
2010-08-16 10:00:00,80.52
2010-08-16 11:00:00,14.99
2010-08-16 12:00:00,28.96
2010-08-16 13:00:00,45.29
2010-08-16 14:00:00,52.00
2010-08-16 15:00:00,19.25
2010-08-16 16:00:00,51.16
2010-08-16 17:00:00,40.27
2010-08-16 18:00:00,44.63
2010-08-16 19:00:00,62.98
2010-08-16 20:00:00,88.52
2010-08-16 21:00:00,77.21
2010-08-16 22:00:00,93.13
2010-08-16 23:00:00,74.15
2010-08-17 00:00:00,63.60
2010-08-17 01:00:00,64.78
2010-08-17 02:00:00,49.48
2010-08-17 03:00:00,44.68
2010-08-17 04:00:00,48.77
2010-08-17 05:00:00,48.04
2010-08-17 06:00:00,45.18
2010-08-17 07:00:00,64.79
2010-08-17 08:00:00,68.46
2010-08-17 09:00:00,113.79
2010-08-17 10:00:00,80.68
2010-08-17 11:00:00,46.71
2010-08-17 12:00:00,17.46
2010-08-17 13:00:00,25.09
2010-08-17 14:00:00,20.23
2010-08-17 15:00:00,21.49
2010-08-17 16:00:00,46.03
2010-08-17 17:00:00,19.08
2010-08-17 18:00:00,14.11
2010-08-17 19:00:00,21.77
2010-08-17 20:00:00,52.19
2010-08-17 21:00:00,54.32
2010-08-17 22:00:00,54.36
2010-08-17 23:00:00,54.36
2010-08-18 00:00:00,54.36
2010-08-18 01:00:00,54.36
2010-08-18 02:00:00,54.36
2010-08-18 03:00:00,54.36
2010-08-18 04:00:00,54.36
2010-08-18 05:00:00,54.36
2010-08-18 06:00:00,54.36
2010-08-18 07:00:00,54.36
2010-08-18 08:00:00,54.36
2010-08-18 09:00:00,54.36
2010-08-18 10:00:00,54.36
2010-08-18 11:00:00,54.36
2010-08-18 12:00:00,54.36
2010-08-18 13:00:00,54.36
2010-08-18 14:00:00,54.36
2010-08-18 15:00:00,54.36
2010-08-18 16:00:00,54.36
2010-08-18 17:00:00,54.36
2010-08-18 18:00:00,54.36
2010-08-18 19:00:00,54.36
2010-08-18 20:00:00,54.36
2010-08-18 21:00:00,54.36
2010-08-18 22:00:00,54.36
2010-08-18 23:00:00,54.36
2010-08-19 00:00:00,54.36
2010-08-19 01:00:00,54.36
2010-08-19 02:00:00,54.36
2010-08-19 03:00:00,54.36
2010-08-19 04:00:00,54.36
2010-08-19 05:00:00,54.36
2010-08-19 06:00:00,54.36
2010-08-19 07:00:00,54.36
2010-08-19 08:00:00,54.36
2010-08-19 09:00:00,54.36
2010-08-19 10:00:00,54.36
2010-08-19 11:00:00,54.36
2010-08-19 12:00:00,54.36
2010-08-19 13:00:00,54.36
2010-08-19 14:00:00,54.36
2010-08-19 15:00:00,54.36
2010-08-19 16:00:00,54.36
2010-08-19 17:00:00,54.36
2010-08-19 18:00:00,54.36
2010-08-19 19:00:00,54.36
2010-08-19 20:00:00,54.36
2010-08-19 21:00:00,54.36
2010-08-19 22:00:00,54.36
2010-08-19 23:00:00,54.36
2010-08-20 00:00:00,54.36
2010-08-20 01:00:00,54.36
2010-08-20 02:00:00,54.36
2010-08-20 03:00:00,54.36
2010-08-20 04:00:00,54.36
2010-08-20 05:00:00,54.36
2010-08-20 06:00:00,54.36
2010-08-20 07:00:00,54.36
2010-08-20 08:00:00,54.36
2010-08-20 09:00:00,54.36
2010-08-20 10:00:00,54.36
2010-08-20 11:00:00,54.36
2010-08-20 12:00:00,54.36
2010-08-20 13:00:00,54.36
2010-08-20 14:00:00,54.36
2010-08-20 15:00:00,54.36
2010-08-20 16:00:00,54.36
2010-08-20 17:00:00,54.36
2010-08-20 18:00:00,54.36
2010-08-20 19:00:00,54.36
2010-08-20 20:00:00,54.36
2010-08-20 21:00:00,54.36
2010-08-20 22:00:00,54.36
2010-08-20 23:00:00,54.36
2010-08-21 00:00:00,54.36
2010-08-21 01:00:00,54.36
2010-08-21 02:00:00,54.36
2010-08-21 03:00:00,54.36
2010-08-21 04:00:00,54.36
2010-08-21 05:00:00,54.36
2010-08-21 06:00:00,54.36
2010-08-21 07:00:00,54.36
2010-08-21 08:00:00,54.36
2010-08-21 09:00:00,54.36
2010-08-21 10:00:00,54.36
2010-08-21 11:00:00,54.36
2010-08-21 12:00:00,54.36
2010-08-21 13:00:00,54.36
2010-08-21 14:00:00,54.36
2010-08-21 15:00:00,54.36
2010-08-21 16:00:00,54.36
2010-08-21 17:00:00,54.36
2010-08-21 18:00:00,54.36
2010-08-21 19:00:00,54.36
2010-08-21 20:00:00,54.36
2010-08-21 21:00:00,54.36
2010-08-21 22:00:00,54.36
2010-08-21 23:00:00,54.36
2010-08-22 00:00:00,54.36
2010-08-22 01:00:00,54.36
2010-08-22 02:00:00,54.36
2010-08-22 03:00:00,54.36
2010-08-22 04:00:00,54.36
2010-08-22 05:00:00,54.36
2010-08-22 06:00:00,54.36
2010-08-22 07:00:00,54.36
2010-08-22 08:00:00,54.36
2010-08-22 09:00:00,54.36
2010-08-22 10:00:00,54.36
2010-08-22 11:00:00,54.36
2010-08-22 12:00:00,54.36
2010-08-22 13:00:00,54.36
2010-08-22 14:00:00,54.36
2010-08-22 15:00:00,54.36
2010-08-22 16:00:00,54.36
2010-08-22 17:00:00,54.36
2010-08-22 18:00:00,54.36
2010-08-22 19:00:00,54.36
2010-08-22 20:00:00,54.36
2010-08-22 21:00:00,48.15
2010-08-22 22:00:00,48.69
2010-08-22 23:00:00,21.86
2010-08-23 00:00:00,20.92
2010-08-23 01:00:00,20.15
2010-08-23 02:00:00,21.98
2010-08-23 03:00:00,43.52
2010-08-23 04:00:00,42.32
2010-08-23 05:00:00,19.46
2010-08-23 06:00:00,21.98
2010-08-23 07:00:00,78.56
2010-08-23 08:00:00,87.53
2010-08-23 09:00:00,36.08
2010-08-23 10:00:00,22.12
2010-08-23 11:00:00,20.40
2010-08-23 12:00:00,20.69
2010-08-23 13:00:00,20.88
2010-08-23 14:00:00,19.06
2010-08-23 15:00:00,22.21
2010-08-23 16:00:00,18.47
2010-08-23 17:00:00,22.49
2010-08-23 18:00:00,58.72
2010-08-23 19:00:00,27.50
2010-08-23 20:00:00,33.72
2010-08-23 21:00:00,39.24
2010-08-23 22:00:00,27.97
2010-08-23 23:00:00,19.67
2010-08-24 00:00:00,21.44
2010-08-24 01:00:00,19.03
2010-08-24 02:00:00,21.20
2010-08-24 03:00:00,18.09
2010-08-24 04:00:00,21.61
2010-08-24 05:00:00,40.24
2010-08-24 06:00:00,42.96
2010-08-24 07:00:00,59.76
2010-08-24 08:00:00,85.33
2010-08-24 09:00:00,46.42
2010-08-24 10:00:00,20.76
2010-08-24 11:00:00,20.99
2010-08-24 12:00:00,19.73
2010-08-24 13:00:00,21.97
2010-08-24 14:00:00,18.61
2010-08-24 15:00:00,19.53
2010-08-24 16:00:00,18.18
2010-08-24 17:00:00,22.10
2010-08-24 18:00:00,56.78
2010-08-24 19:00:00,22.69
2010-08-24 20:00:00,20.82
2010-08-24 21:00:00,22.47
2010-08-24 22:00:00,41.02
2010-08-24 23:00:00,21.21
2010-08-25 00:00:00,20.56
2010-08-25 01:00:00,19.79
2010-08-25 02:00:00,21.38
2010-08-25 03:00:00,18.62
2010-08-25 04:00:00,50.35
2010-08-25 05:00:00,33.11
2010-08-25 06:00:00,21.43
2010-08-25 07:00:00,70.93
2010-08-25 08:00:00,110.35
2010-08-25 09:00:00,92.50
2010-08-25 10:00:00,20.21
2010-08-25 11:00:00,16.28
2010-08-25 12:00:00,18.63
2010-08-25 13:00:00,19.17
2010-08-25 14:00:00,18.71
2010-08-25 15:00:00,20.21
2010-08-25 16:00:00,14.37
2010-08-25 17:00:00,20.71
2010-08-25 18:00:00,56.56
2010-08-25 19:00:00,21.21
2010-08-25 20:00:00,63.24
2010-08-25 21:00:00,94.94
2010-08-25 22:00:00,87.64
2010-08-25 23:00:00,49.54
2010-08-26 00:00:00,32.35
2010-08-26 01:00:00,16.29
2010-08-26 02:00:00,19.43
2010-08-26 03:00:00,19.04
2010-08-26 04:00:00,20.61
2010-08-26 05:00:00,18.20
2010-08-26 06:00:00,20.27
2010-08-26 07:00:00,78.82
2010-08-26 08:00:00,84.36
2010-08-26 09:00:00,42.73
2010-08-26 10:00:00,19.76
2010-08-26 11:00:00,19.92
2010-08-26 12:00:00,31.75
2010-08-26 13:00:00,20.21
2010-08-26 14:00:00,20.29
2010-08-26 15:00:00,19.56
2010-08-26 16:00:00,19.87
2010-08-26 17:00:00,21.12
2010-08-26 18:00:00,58.38
2010-08-26 19:00:00,28.51
2010-08-26 20:00:00,23.79
2010-08-26 21:00:00,39.34
2010-08-26 22:00:00,19.40
2010-08-26 23:00:00,63.26
2010-08-27 00:00:00,30.38
2010-08-27 01:00:00,24.55
2010-08-27 02:00:00,20.08
2010-08-27 03:00:00,20.99
2010-08-27 04:00:00,66.57
2010-08-27 05:00:00,19.46
2010-08-27 06:00:00,20.92
2010-08-27 07:00:00,31.28
2010-08-27 08:00:00,73.54
2010-08-27 09:00:00,101.78
2010-08-27 10:00:00,90.36
2010-08-27 11:00:00,93.85
2010-08-27 12:00:00,128.55
2010-08-27 13:00:00,106.35
2010-08-27 14:00:00,179.79
2010-08-27 15:00:00,148.63
2010-08-27 16:00:00,46.49
2010-08-27 17:00:00,106.69
2010-08-27 18:00:00,168.10
2010-08-27 19:00:00,183.16
2010-08-27 20:00:00,124.83
2010-08-27 21:00:00,139.82
2010-08-27 22:00:00,69.74
2010-08-27 23:00:00,34.74
2010-08-28 00:00:00,27.39
2010-08-28 01:00:00,20.63
2010-08-28 02:00:00,22.10
2010-08-28 03:00:00,21.26
2010-08-28 04:00:00,20.02
2010-08-28 05:00:00,57.82
2010-08-28 06:00:00,19.34
2010-08-28 07:00:00,19.89
2010-08-28 08:00:00,25.03
2010-08-28 09:00:00,38.53
2010-08-28 10:00:00,36.53
2010-08-28 11:00:00,87.50
2010-08-28 12:00:00,155.53
2010-08-28 13:00:00,140.94
2010-08-28 14:00:00,123.23
2010-08-28 15:00:00,121.52
2010-08-28 16:00:00,120.32
2010-08-28 17:00:00,107.72
2010-08-28 18:00:00,87.22
2010-08-28 19:00:00,85.25
2010-08-28 20:00:00,46.84
2010-08-28 21:00:00,20.00
2010-08-28 22:00:00,18.15
2010-08-28 23:00:00,20.07
2010-08-29 00:00:00,41.46
2010-08-29 01:00:00,21.64
2010-08-29 02:00:00,19.12
2010-08-29 03:00:00,21.60
2010-08-29 04:00:00,16.49
2010-08-29 05:00:00,67.13
2010-08-29 06:00:00,17.90
2010-08-29 07:00:00,20.53
2010-08-29 08:00:00,29.50
2010-08-29 09:00:00,23.53
2010-08-29 10:00:00,38.85
2010-08-29 11:00:00,92.84
2010-08-29 12:00:00,154.22
2010-08-29 13:00:00,126.83
2010-08-29 14:00:00,90.13
2010-08-29 15:00:00,85.16
2010-08-29 16:00:00,22.45
2010-08-29 17:00:00,86.03
2010-08-29 18:00:00,66.43
2010-08-29 19:00:00,104.70
2010-08-29 20:00:00,131.94
2010-08-29 21:00:00,194.07
2010-08-29 22:00:00,138.96
2010-08-29 23:00:00,56.97
2010-08-30 00:00:00,33.04
2010-08-30 01:00:00,28.99
2010-08-30 02:00:00,20.47
2010-08-30 03:00:00,17.24
2010-08-30 04:00:00,17.11
2010-08-30 05:00:00,17.20
2010-08-30 06:00:00,20.21
2010-08-30 07:00:00,53.43
2010-08-30 08:00:00,84.51
2010-08-30 09:00:00,62.87
2010-08-30 10:00:00,52.76
2010-08-30 11:00:00,90.58
2010-08-30 12:00:00,104.53
2010-08-30 13:00:00,133.09
2010-08-30 14:00:00,145.03
2010-08-30 15:00:00,110.21
2010-08-30 16:00:00,101.61
2010-08-30 17:00:00,21.75
2010-08-30 18:00:00,19.87
2010-08-30 19:00:00,69.53
2010-08-30 20:00:00,52.18
2010-08-30 21:00:00,134.53
2010-08-30 22:00:00,69.83
2010-08-30 23:00:00,34.21
2010-08-31 00:00:00,24.11
2010-08-31 01:00:00,21.98
2010-08-31 02:00:00,19.18
2010-08-31 03:00:00,17.73
2010-08-31 04:00:00,62.13
2010-08-31 05:00:00,19.73
2010-08-31 06:00:00,14.68
2010-08-31 07:00:00,35.35
2010-08-31 08:00:00,91.97
2010-08-31 09:00:00,88.94
2010-08-31 10:00:00,70.00
2010-08-31 11:00:00,94.84
2010-08-31 12:00:00,77.31
2010-08-31 13:00:00,63.21
2010-08-31 14:00:00,52.20
2010-08-31 15:00:00,36.78
2010-08-31 16:00:00,45.25
2010-08-31 17:00:00,87.10
2010-08-31 18:00:00,107.32
2010-08-31 19:00:00,82.75
2010-08-31 20:00:00,109.16
2010-08-31 21:00:00,68.37
2010-08-31 22:00:00,41.28
2010-08-31 23:00:00,33.74
2010-09-01 00:00:00,22.63
2010-09-01 01:00:00,17.35
2010-09-01 02:00:00,20.41
2010-09-01 03:00:00,18.13
2010-09-01 04:00:00,48.19
2010-09-01 05:00:00,18.63
2010-09-01 06:00:00,27.68
2010-09-01 07:00:00,59.04
2010-09-01 08:00:00,87.42
2010-09-01 09:00:00,50.54
2010-09-01 10:00:00,114.60
2010-09-01 11:00:00,127.06
2010-09-01 12:00:00,100.48
2010-09-01 13:00:00,98.00
2010-09-01 14:00:00,102.82
2010-09-01 15:00:00,85.75
2010-09-01 16:00:00,83.35
2010-09-01 17:00:00,89.14
2010-09-01 18:00:00,32.35
2010-09-01 19:00:00,32.97
2010-09-01 20:00:00,111.69
2010-09-01 21:00:00,152.21
2010-09-01 22:00:00,70.81
2010-09-01 23:00:00,22.06
2010-09-02 00:00:00,19.98
2010-09-02 01:00:00,18.33
2010-09-02 02:00:00,20.80
2010-09-02 03:00:00,15.29
2010-09-02 04:00:00,20.39
2010-09-02 05:00:00,18.06
2010-09-02 06:00:00,62.27
2010-09-02 07:00:00,46.47
2010-09-02 08:00:00,96.00
2010-09-02 09:00:00,98.02
2010-09-02 10:00:00,102.37
2010-09-02 11:00:00,99.27
2010-09-02 12:00:00,91.13
2010-09-02 13:00:00,81.60
2010-09-02 14:00:00,84.33
2010-09-02 15:00:00,53.26
2010-09-02 16:00:00,20.34
2010-09-02 17:00:00,29.65
2010-09-02 18:00:00,43.57
2010-09-02 19:00:00,40.85
2010-09-02 20:00:00,144.39
2010-09-02 21:00:00,95.33
2010-09-02 22:00:00,54.99
2010-09-02 23:00:00,35.81
2010-09-03 00:00:00,23.41
2010-09-03 01:00:00,20.70
2010-09-03 02:00:00,20.73
2010-09-03 03:00:00,27.26
2010-09-03 04:00:00,41.64
2010-09-03 05:00:00,57.34
2010-09-03 06:00:00,55.97
2010-09-03 07:00:00,68.49
2010-09-03 08:00:00,90.29
2010-09-03 09:00:00,87.79
2010-09-03 10:00:00,81.84
2010-09-03 11:00:00,84.55
2010-09-03 12:00:00,98.67
2010-09-03 13:00:00,43.88
2010-09-03 14:00:00,21.31
2010-09-03 15:00:00,24.61
2010-09-03 16:00:00,18.55
2010-09-03 17:00:00,20.64
2010-09-03 18:00:00,21.89
2010-09-03 19:00:00,31.86
2010-09-03 20:00:00,138.35
2010-09-03 21:00:00,108.27
2010-09-03 22:00:00,100.62
2010-09-03 23:00:00,57.77
2010-09-04 00:00:00,28.12
2010-09-04 01:00:00,20.00
2010-09-04 02:00:00,16.52
2010-09-04 03:00:00,18.83
2010-09-04 04:00:00,63.78
2010-09-04 05:00:00,19.37
2010-09-04 06:00:00,40.30
2010-09-04 07:00:00,117.42
2010-09-04 08:00:00,86.76
2010-09-04 09:00:00,46.74
2010-09-04 10:00:00,54.14
2010-09-04 11:00:00,98.41
2010-09-04 12:00:00,79.53
2010-09-04 13:00:00,70.51
2010-09-04 14:00:00,128.86
2010-09-04 15:00:00,104.92
2010-09-04 16:00:00,46.23
2010-09-04 17:00:00,33.85
2010-09-04 18:00:00,96.61
2010-09-04 19:00:00,96.97
2010-09-04 20:00:00,136.73
2010-09-04 21:00:00,151.14
2010-09-04 22:00:00,130.40
2010-09-04 23:00:00,57.69
2010-09-05 00:00:00,33.49
2010-09-05 01:00:00,28.98
2010-09-05 02:00:00,32.60
2010-09-05 03:00:00,20.87
2010-09-05 04:00:00,18.48
2010-09-05 05:00:00,20.29
2010-09-05 06:00:00,16.17
2010-09-05 07:00:00,18.60
2010-09-05 08:00:00,80.98
2010-09-05 09:00:00,25.92
2010-09-05 10:00:00,75.36
2010-09-05 11:00:00,96.76
2010-09-05 12:00:00,58.99
2010-09-05 13:00:00,47.93
2010-09-05 14:00:00,74.01
2010-09-05 15:00:00,133.31
2010-09-05 16:00:00,60.52
2010-09-05 17:00:00,36.00
2010-09-05 18:00:00,51.29
2010-09-05 19:00:00,82.97
2010-09-05 20:00:00,65.78
2010-09-05 21:00:00,127.14
2010-09-05 22:00:00,92.05
2010-09-05 23:00:00,24.53
2010-09-06 00:00:00,21.69
2010-09-06 01:00:00,20.04
2010-09-06 02:00:00,20.55
2010-09-06 03:00:00,16.95
2010-09-06 04:00:00,21.06
2010-09-06 05:00:00,13.39
2010-09-06 06:00:00,92.52
2010-09-06 07:00:00,111.70
2010-09-06 08:00:00,94.96
2010-09-06 09:00:00,86.03
2010-09-06 10:00:00,32.90
2010-09-06 11:00:00,18.94
2010-09-06 12:00:00,74.51
2010-09-06 13:00:00,80.51
2010-09-06 14:00:00,21.93
2010-09-06 15:00:00,57.49
2010-09-06 16:00:00,84.43
2010-09-06 17:00:00,149.86
2010-09-06 18:00:00,53.44
2010-09-06 19:00:00,76.48
2010-09-06 20:00:00,71.33
2010-09-06 21:00:00,103.09
2010-09-06 22:00:00,74.01
2010-09-06 23:00:00,25.08
2010-09-07 00:00:00,39.72
2010-09-07 01:00:00,39.05
2010-09-07 02:00:00,16.33
2010-09-07 03:00:00,18.92
2010-09-07 04:00:00,18.30
2010-09-07 05:00:00,19.61
2010-09-07 06:00:00,38.27
2010-09-07 07:00:00,111.13
2010-09-07 08:00:00,85.83
2010-09-07 09:00:00,85.92
2010-09-07 10:00:00,36.90
2010-09-07 11:00:00,65.70
2010-09-07 12:00:00,29.19
2010-09-07 13:00:00,26.18
2010-09-07 14:00:00,20.17
2010-09-07 15:00:00,20.18
2010-09-07 16:00:00,56.19
2010-09-07 17:00:00,20.01
2010-09-07 18:00:00,64.28
2010-09-07 19:00:00,165.66
2010-09-07 20:00:00,129.05
2010-09-07 21:00:00,134.97
2010-09-07 22:00:00,144.05
2010-09-07 23:00:00,66.25
2010-09-08 00:00:00,21.96
2010-09-08 01:00:00,20.99
2010-09-08 02:00:00,27.47
2010-09-08 03:00:00,18.08
2010-09-08 04:00:00,20.76
2010-09-08 05:00:00,19.35
2010-09-08 06:00:00,47.31
2010-09-08 07:00:00,115.09
2010-09-08 08:00:00,97.12
2010-09-08 09:00:00,86.81
2010-09-08 10:00:00,27.83
2010-09-08 11:00:00,20.23
2010-09-08 12:00:00,40.37
2010-09-08 13:00:00,27.43
2010-09-08 14:00:00,30.04
2010-09-08 15:00:00,27.43
2010-09-08 16:00:00,33.76
2010-09-08 17:00:00,55.76
2010-09-08 18:00:00,98.04
2010-09-08 19:00:00,43.47
2010-09-08 20:00:00,111.18
2010-09-08 21:00:00,168.04
2010-09-08 22:00:00,85.79
2010-09-08 23:00:00,59.50
2010-09-09 00:00:00,54.30
2010-09-09 01:00:00,28.35
2010-09-09 02:00:00,19.68
2010-09-09 03:00:00,16.97
2010-09-09 04:00:00,14.98
2010-09-09 05:00:00,44.10
2010-09-09 06:00:00,52.70
2010-09-09 07:00:00,114.28
2010-09-09 08:00:00,84.61
2010-09-09 09:00:00,59.66
2010-09-09 10:00:00,25.61
2010-09-09 11:00:00,50.67
2010-09-09 12:00:00,49.47
2010-09-09 13:00:00,57.48
2010-09-09 14:00:00,25.26
2010-09-09 15:00:00,46.63
2010-09-09 16:00:00,18.02
2010-09-09 17:00:00,42.99
2010-09-09 18:00:00,28.20
2010-09-09 19:00:00,92.52
2010-09-09 20:00:00,158.85
2010-09-09 21:00:00,77.71
2010-09-09 22:00:00,49.59
2010-09-09 23:00:00,26.11
2010-09-10 00:00:00,19.48
2010-09-10 01:00:00,48.38
2010-09-10 02:00:00,26.35
2010-09-10 03:00:00,20.17
2010-09-10 04:00:00,16.76
2010-09-10 05:00:00,15.68
2010-09-10 06:00:00,54.64
2010-09-10 07:00:00,101.88
2010-09-10 08:00:00,19.19
2010-09-10 09:00:00,18.42
2010-09-10 10:00:00,21.00
2010-09-10 11:00:00,28.20
2010-09-10 12:00:00,13.95
2010-09-10 13:00:00,22.46
2010-09-10 14:00:00,25.62
2010-09-10 15:00:00,19.69
2010-09-10 16:00:00,54.16
2010-09-10 17:00:00,65.33
2010-09-10 18:00:00,128.90
2010-09-10 19:00:00,108.08
2010-09-10 20:00:00,142.77
2010-09-10 21:00:00,124.59
2010-09-10 22:00:00,141.13
2010-09-10 23:00:00,91.32
2010-09-11 00:00:00,62.17
2010-09-11 01:00:00,27.66
2010-09-11 02:00:00,20.70
2010-09-11 03:00:00,16.44
2010-09-11 04:00:00,20.57
2010-09-11 05:00:00,18.15
2010-09-11 06:00:00,43.13
2010-09-11 07:00:00,99.08
2010-09-11 08:00:00,84.91
2010-09-11 09:00:00,53.59
2010-09-11 10:00:00,80.54
2010-09-11 11:00:00,25.66
2010-09-11 12:00:00,63.48
2010-09-11 13:00:00,103.31
2010-09-11 14:00:00,108.65
2010-09-11 15:00:00,58.08
2010-09-11 16:00:00,27.54
2010-09-11 17:00:00,73.26
2010-09-11 18:00:00,43.91
2010-09-11 19:00:00,22.91
2010-09-11 20:00:00,64.34
2010-09-11 21:00:00,111.14
2010-09-11 22:00:00,117.02
2010-09-11 23:00:00,117.06
2010-09-12 00:00:00,114.98
2010-09-12 01:00:00,105.76
2010-09-12 02:00:00,136.45
2010-09-12 03:00:00,134.16
2010-09-12 04:00:00,85.73
2010-09-12 05:00:00,17.99
2010-09-12 06:00:00,16.18
2010-09-12 07:00:00,20.77
2010-09-12 08:00:00,21.77
2010-09-12 09:00:00,26.07
2010-09-12 10:00:00,15.71
2010-09-12 11:00:00,49.24
2010-09-12 12:00:00,69.21
2010-09-12 13:00:00,126.57
2010-09-12 14:00:00,98.59
2010-09-12 15:00:00,92.92
2010-09-12 16:00:00,61.00
2010-09-12 17:00:00,28.96
2010-09-12 18:00:00,25.51
2010-09-12 19:00:00,18.46
2010-09-12 20:00:00,83.84
2010-09-12 21:00:00,92.63
2010-09-12 22:00:00,92.25
2010-09-12 23:00:00,77.37
2010-09-13 00:00:00,46.33
2010-09-13 01:00:00,20.20
2010-09-13 02:00:00,58.10
2010-09-13 03:00:00,18.64
2010-09-13 04:00:00,12.85
2010-09-13 05:00:00,15.79
2010-09-13 06:00:00,37.15
2010-09-13 07:00:00,114.51
2010-09-13 08:00:00,86.37
2010-09-13 09:00:00,35.41
2010-09-13 10:00:00,21.59
2010-09-13 11:00:00,20.25
2010-09-13 12:00:00,16.07
2010-09-13 13:00:00,77.81
2010-09-13 14:00:00,21.00
2010-09-13 15:00:00,14.51
2010-09-13 16:00:00,20.88
2010-09-13 17:00:00,20.75
2010-09-13 18:00:00,42.62
2010-09-13 19:00:00,73.67
2010-09-13 20:00:00,89.95
2010-09-13 21:00:00,107.71
2010-09-13 22:00:00,85.33
2010-09-13 23:00:00,18.81
2010-09-14 00:00:00,20.21
2010-09-14 01:00:00,20.15
2010-09-14 02:00:00,20.41
2010-09-14 03:00:00,16.75
2010-09-14 04:00:00,15.40
2010-09-14 05:00:00,15.62
2010-09-14 06:00:00,37.72
2010-09-14 07:00:00,104.96
2010-09-14 08:00:00,86.43
2010-09-14 09:00:00,131.61
2010-09-14 10:00:00,58.23
2010-09-14 11:00:00,107.39
2010-09-14 12:00:00,34.01
2010-09-14 13:00:00,30.55
2010-09-14 14:00:00,56.71
2010-09-14 15:00:00,19.74
2010-09-14 16:00:00,23.22
2010-09-14 17:00:00,31.51
2010-09-14 18:00:00,95.92
2010-09-14 19:00:00,119.05
2010-09-14 20:00:00,125.67
2010-09-14 21:00:00,128.42
2010-09-14 22:00:00,79.49
2010-09-14 23:00:00,51.51
2010-09-15 00:00:00,23.59
2010-09-15 01:00:00,24.50
2010-09-15 02:00:00,22.84
2010-09-15 03:00:00,21.06
2010-09-15 04:00:00,14.36
2010-09-15 05:00:00,18.30
2010-09-15 06:00:00,48.74
2010-09-15 07:00:00,121.10
2010-09-15 08:00:00,90.32
2010-09-15 09:00:00,66.49
2010-09-15 10:00:00,18.63
2010-09-15 11:00:00,13.74
2010-09-15 12:00:00,22.37
2010-09-15 13:00:00,16.43
2010-09-15 14:00:00,20.66
2010-09-15 15:00:00,21.53
2010-09-15 16:00:00,24.19
2010-09-15 17:00:00,21.74
2010-09-15 18:00:00,58.98
2010-09-15 19:00:00,12.48
2010-09-15 20:00:00,45.32
2010-09-15 21:00:00,95.20
2010-09-15 22:00:00,102.50
2010-09-15 23:00:00,61.00
2010-09-16 00:00:00,25.11
2010-09-16 01:00:00,18.85
2010-09-16 02:00:00,15.89
2010-09-16 03:00:00,59.01
2010-09-16 04:00:00,15.87
2010-09-16 05:00:00,18.62
2010-09-16 06:00:00,37.89
2010-09-16 07:00:00,114.84
2010-09-16 08:00:00,86.94
2010-09-16 09:00:00,33.09
2010-09-16 10:00:00,31.25
2010-09-16 11:00:00,80.40
2010-09-16 12:00:00,84.88
2010-09-16 13:00:00,88.85
2010-09-16 14:00:00,35.75
2010-09-16 15:00:00,16.52
2010-09-16 16:00:00,12.63
2010-09-16 17:00:00,15.71
2010-09-16 18:00:00,47.49
2010-09-16 19:00:00,83.82
2010-09-16 20:00:00,179.06
2010-09-16 21:00:00,103.92
2010-09-16 22:00:00,86.33
2010-09-16 23:00:00,47.00
2010-09-17 00:00:00,28.59
2010-09-17 01:00:00,17.72
2010-09-17 02:00:00,34.75
2010-09-17 03:00:00,39.76
2010-09-17 04:00:00,11.97
2010-09-17 05:00:00,15.74
2010-09-17 06:00:00,37.95
2010-09-17 07:00:00,115.19
2010-09-17 08:00:00,83.66
2010-09-17 09:00:00,51.58
2010-09-17 10:00:00,11.99
2010-09-17 11:00:00,17.23
2010-09-17 12:00:00,31.57
2010-09-17 13:00:00,21.38
2010-09-17 14:00:00,47.67
2010-09-17 15:00:00,100.39
2010-09-17 16:00:00,177.85
2010-09-17 17:00:00,92.79
2010-09-17 18:00:00,116.74
2010-09-17 19:00:00,175.63
2010-09-17 20:00:00,172.39
2010-09-17 21:00:00,34.43
2010-09-17 22:00:00,31.60
2010-09-17 23:00:00,29.04
2010-09-18 00:00:00,17.49
2010-09-18 01:00:00,16.04
2010-09-18 02:00:00,49.51
2010-09-18 03:00:00,21.30
2010-09-18 04:00:00,19.86
2010-09-18 05:00:00,12.49
2010-09-18 06:00:00,36.65
2010-09-18 07:00:00,108.24
2010-09-18 08:00:00,82.72
2010-09-18 09:00:00,49.72
2010-09-18 10:00:00,31.00
2010-09-18 11:00:00,21.89
2010-09-18 12:00:00,18.02
2010-09-18 13:00:00,50.08
2010-09-18 14:00:00,63.30
2010-09-18 15:00:00,50.45
2010-09-18 16:00:00,54.44
2010-09-18 17:00:00,79.28
2010-09-18 18:00:00,44.14
2010-09-18 19:00:00,90.71
2010-09-18 20:00:00,104.31
2010-09-18 21:00:00,95.89
2010-09-18 22:00:00,100.25
2010-09-18 23:00:00,30.16
2010-09-19 00:00:00,22.96
2010-09-19 01:00:00,24.24
2010-09-19 02:00:00,24.84
2010-09-19 03:00:00,29.14
2010-09-19 04:00:00,16.90
2010-09-19 05:00:00,11.83
2010-09-19 06:00:00,14.22
2010-09-19 07:00:00,31.77
2010-09-19 08:00:00,56.87
2010-09-19 09:00:00,49.14
2010-09-19 10:00:00,34.19
2010-09-19 11:00:00,15.95
2010-09-19 12:00:00,12.78
2010-09-19 13:00:00,28.86
2010-09-19 14:00:00,19.12
2010-09-19 15:00:00,17.71
2010-09-19 16:00:00,15.17
2010-09-19 17:00:00,19.97
2010-09-19 18:00:00,98.32
2010-09-19 19:00:00,65.67
2010-09-19 20:00:00,140.61
2010-09-19 21:00:00,113.85
2010-09-19 22:00:00,43.03
2010-09-19 23:00:00,12.46
2010-09-20 00:00:00,21.47
2010-09-20 01:00:00,19.84
2010-09-20 02:00:00,51.03
2010-09-20 03:00:00,16.31
2010-09-20 04:00:00,11.71
2010-09-20 05:00:00,16.77
2010-09-20 06:00:00,37.81
2010-09-20 07:00:00,127.02
2010-09-20 08:00:00,84.21
2010-09-20 09:00:00,82.71
2010-09-20 10:00:00,85.22
2010-09-20 11:00:00,52.13
2010-09-20 12:00:00,130.34
2010-09-20 13:00:00,69.92
2010-09-20 14:00:00,58.50
2010-09-20 15:00:00,80.24
2010-09-20 16:00:00,81.35
2010-09-20 17:00:00,88.95
2010-09-20 18:00:00,70.85
2010-09-20 19:00:00,78.05
2010-09-20 20:00:00,123.78
2010-09-20 21:00:00,155.90
2010-09-20 22:00:00,101.36
2010-09-20 23:00:00,37.36
2010-09-21 00:00:00,28.32
2010-09-21 01:00:00,18.17
2010-09-21 02:00:00,12.27
2010-09-21 03:00:00,16.13
2010-09-21 04:00:00,16.34
2010-09-21 05:00:00,54.63
2010-09-21 06:00:00,36.91
2010-09-21 07:00:00,112.72
2010-09-21 08:00:00,80.04
2010-09-21 09:00:00,82.29
2010-09-21 10:00:00,61.58
2010-09-21 11:00:00,44.05
2010-09-21 12:00:00,49.94
2010-09-21 13:00:00,35.57
2010-09-21 14:00:00,18.28
2010-09-21 15:00:00,25.26
2010-09-21 16:00:00,24.67
2010-09-21 17:00:00,14.86
2010-09-21 18:00:00,18.64
2010-09-21 19:00:00,33.77
2010-09-21 20:00:00,124.26
2010-09-21 21:00:00,120.41
2010-09-21 22:00:00,61.84
2010-09-21 23:00:00,20.42
2010-09-22 00:00:00,17.13
2010-09-22 01:00:00,18.32
2010-09-22 02:00:00,19.62
2010-09-22 03:00:00,15.63
2010-09-22 04:00:00,46.12
2010-09-22 05:00:00,23.64
2010-09-22 06:00:00,34.70
2010-09-22 07:00:00,122.13
2010-09-22 08:00:00,113.35
2010-09-22 09:00:00,111.00
2010-09-22 10:00:00,93.38
2010-09-22 11:00:00,23.63
2010-09-22 12:00:00,43.64
2010-09-22 13:00:00,86.25
2010-09-22 14:00:00,18.28
2010-09-22 15:00:00,59.72
2010-09-22 16:00:00,83.34
2010-09-22 17:00:00,87.15
2010-09-22 18:00:00,98.58
2010-09-22 19:00:00,100.84
2010-09-22 20:00:00,128.32
2010-09-22 21:00:00,94.77
2010-09-22 22:00:00,48.14
2010-09-22 23:00:00,22.71
2010-09-23 00:00:00,19.92
2010-09-23 01:00:00,29.75
2010-09-23 02:00:00,42.20
2010-09-23 03:00:00,17.93
2010-09-23 04:00:00,12.20
2010-09-23 05:00:00,15.94
2010-09-23 06:00:00,43.88
2010-09-23 07:00:00,153.28
2010-09-23 08:00:00,114.61
2010-09-23 09:00:00,85.39
2010-09-23 10:00:00,109.11
2010-09-23 11:00:00,49.20
2010-09-23 12:00:00,94.21
2010-09-23 13:00:00,89.95
2010-09-23 14:00:00,84.07
2010-09-23 15:00:00,36.94
2010-09-23 16:00:00,20.03
2010-09-23 17:00:00,22.11
2010-09-23 18:00:00,37.54
2010-09-23 19:00:00,72.06
2010-09-23 20:00:00,58.08
2010-09-23 21:00:00,122.53
2010-09-23 22:00:00,61.99
2010-09-23 23:00:00,56.93
2010-09-24 00:00:00,30.00
2010-09-24 01:00:00,19.22
2010-09-24 02:00:00,18.85
2010-09-24 03:00:00,16.01
2010-09-24 04:00:00,12.17
2010-09-24 05:00:00,47.72
2010-09-24 06:00:00,46.97
2010-09-24 07:00:00,128.20
2010-09-24 08:00:00,88.10
2010-09-24 09:00:00,81.45
2010-09-24 10:00:00,77.29
2010-09-24 11:00:00,23.75
2010-09-24 12:00:00,35.32
2010-09-24 13:00:00,48.64
2010-09-24 14:00:00,58.97
2010-09-24 15:00:00,15.89
2010-09-24 16:00:00,39.79
2010-09-24 17:00:00,44.13
2010-09-24 18:00:00,50.19
2010-09-24 19:00:00,125.90
2010-09-24 20:00:00,134.86
2010-09-24 21:00:00,94.34
2010-09-24 22:00:00,65.29
2010-09-24 23:00:00,24.94
2010-09-25 00:00:00,21.33
2010-09-25 01:00:00,56.92
2010-09-25 02:00:00,14.28
2010-09-25 03:00:00,14.06
2010-09-25 04:00:00,8.76
2010-09-25 05:00:00,8.76
2010-09-25 06:00:00,8.76
2010-09-25 07:00:00,8.76
2010-09-25 08:00:00,8.76
2010-09-25 09:00:00,8.76
2010-09-25 10:00:00,8.76
2010-09-25 11:00:00,8.76
2010-09-25 12:00:00,8.76
2010-09-25 13:00:00,8.76
2010-09-25 14:00:00,8.76
2010-09-25 15:00:00,8.76
2010-09-25 16:00:00,8.76
2010-09-25 17:00:00,8.76
2010-09-25 18:00:00,8.76
2010-09-25 19:00:00,8.76
2010-09-25 20:00:00,8.76
2010-09-25 21:00:00,8.76
2010-09-25 22:00:00,8.76
2010-09-25 23:00:00,8.76
2010-09-26 00:00:00,8.76
2010-09-26 01:00:00,8.76
2010-09-26 02:00:00,8.76
2010-09-26 03:00:00,8.76
2010-09-26 04:00:00,8.76
2010-09-26 05:00:00,8.76
2010-09-26 06:00:00,8.76
2010-09-26 07:00:00,8.76
2010-09-26 08:00:00,8.76
2010-09-26 09:00:00,8.76
2010-09-26 10:00:00,8.76
2010-09-26 11:00:00,8.76
2010-09-26 12:00:00,8.76
2010-09-26 13:00:00,8.76
2010-09-26 14:00:00,8.76
2010-09-26 15:00:00,8.76
2010-09-26 16:00:00,8.76
2010-09-26 17:00:00,8.76
2010-09-26 18:00:00,8.76
2010-09-26 19:00:00,8.76
2010-09-26 20:00:00,8.76
2010-09-26 21:00:00,8.76
2010-09-26 22:00:00,8.76
2010-09-26 23:00:00,8.76
2010-09-27 00:00:00,8.76
2010-09-27 01:00:00,8.76
2010-09-27 02:00:00,8.76
2010-09-27 03:00:00,8.76
2010-09-27 04:00:00,8.76
2010-09-27 05:00:00,8.76
2010-09-27 06:00:00,8.76
2010-09-27 07:00:00,8.76
2010-09-27 08:00:00,8.76
2010-09-27 09:00:00,8.76
2010-09-27 10:00:00,8.76
2010-09-27 11:00:00,8.76
2010-09-27 12:00:00,8.76
2010-09-27 13:00:00,8.76
2010-09-27 14:00:00,8.76
2010-09-27 15:00:00,8.76
2010-09-27 16:00:00,8.76
2010-09-27 17:00:00,8.76
2010-09-27 18:00:00,8.76
2010-09-27 19:00:00,8.76
2010-09-27 20:00:00,8.76
2010-09-27 21:00:00,8.76
2010-09-27 22:00:00,8.76
2010-09-27 23:00:00,8.76
2010-09-28 00:00:00,8.76
2010-09-28 01:00:00,8.76
2010-09-28 02:00:00,8.76
2010-09-28 03:00:00,8.76
2010-09-28 04:00:00,8.76
2010-09-28 05:00:00,8.76
2010-09-28 06:00:00,8.76
2010-09-28 07:00:00,8.76
2010-09-28 08:00:00,8.76
2010-09-28 09:00:00,8.76
2010-09-28 10:00:00,8.76
2010-09-28 11:00:00,8.76
2010-09-28 12:00:00,8.76
2010-09-28 13:00:00,8.76
2010-09-28 14:00:00,8.76
2010-09-28 15:00:00,8.76
2010-09-28 16:00:00,8.76
2010-09-28 17:00:00,8.76
2010-09-28 18:00:00,8.76
2010-09-28 19:00:00,105.16
2010-09-28 20:00:00,118.96
2010-09-28 21:00:00,124.75
2010-09-28 22:00:00,65.19
2010-09-28 23:00:00,58.27
2010-09-29 00:00:00,54.36
2010-09-29 01:00:00,43.57
2010-09-29 02:00:00,50.78
2010-09-29 03:00:00,32.39
2010-09-29 04:00:00,21.27
2010-09-29 05:00:00,21.95
2010-09-29 06:00:00,45.91
2010-09-29 07:00:00,149.56
2010-09-29 08:00:00,95.99
2010-09-29 09:00:00,94.64
2010-09-29 10:00:00,87.16
2010-09-29 11:00:00,85.42
2010-09-29 12:00:00,63.12
2010-09-29 13:00:00,23.76
2010-09-29 14:00:00,70.44
2010-09-29 15:00:00,96.09
2010-09-29 16:00:00,88.05
2010-09-29 17:00:00,85.08
2010-09-29 18:00:00,73.86
2010-09-29 19:00:00,55.56
2010-09-29 20:00:00,107.16
2010-09-29 21:00:00,90.62
2010-09-29 22:00:00,83.29
2010-09-29 23:00:00,64.40
2010-09-30 00:00:00,29.71
2010-09-30 01:00:00,36.93
2010-09-30 02:00:00,36.49
2010-09-30 03:00:00,29.87
2010-09-30 04:00:00,32.90
2010-09-30 05:00:00,28.85
2010-09-30 06:00:00,59.81
2010-09-30 07:00:00,158.30
2010-09-30 08:00:00,96.50
2010-09-30 09:00:00,80.84
2010-09-30 10:00:00,86.86
2010-09-30 11:00:00,68.88
2010-09-30 12:00:00,32.11
2010-09-30 13:00:00,34.27
2010-09-30 14:00:00,39.90
2010-09-30 15:00:00,38.25
2010-09-30 16:00:00,27.23
2010-09-30 17:00:00,41.06
2010-09-30 18:00:00,121.40
2010-09-30 19:00:00,43.83
2010-09-30 20:00:00,26.67
2010-09-30 21:00:00,21.01
2010-09-30 22:00:00,27.43
2010-09-30 23:00:00,49.18
2010-10-01 00:00:00,27.99
2010-10-01 01:00:00,27.87
2010-10-01 02:00:00,23.61
2010-10-01 03:00:00,69.24
2010-10-01 04:00:00,17.91
2010-10-01 05:00:00,20.86
2010-10-01 06:00:00,44.09
2010-10-01 07:00:00,142.25
2010-10-01 08:00:00,87.20
2010-10-01 09:00:00,27.70
2010-10-01 10:00:00,25.98
2010-10-01 11:00:00,91.20
2010-10-01 12:00:00,146.96
2010-10-01 13:00:00,106.09
2010-10-01 14:00:00,88.46
2010-10-01 15:00:00,62.69
2010-10-01 16:00:00,102.71
2010-10-01 17:00:00,21.27
2010-10-01 18:00:00,33.77
2010-10-01 19:00:00,67.85
2010-10-01 20:00:00,47.85
2010-10-01 21:00:00,130.97
2010-10-01 22:00:00,36.55
2010-10-01 23:00:00,53.75
2010-10-02 00:00:00,21.91
2010-10-02 01:00:00,53.94
2010-10-02 02:00:00,18.51
2010-10-02 03:00:00,56.69
2010-10-02 04:00:00,21.68
2010-10-02 05:00:00,25.33
2010-10-02 06:00:00,49.69
2010-10-02 07:00:00,130.51
2010-10-02 08:00:00,108.69
2010-10-02 09:00:00,29.53
2010-10-02 10:00:00,25.02
2010-10-02 11:00:00,48.58
2010-10-02 12:00:00,35.90
2010-10-02 13:00:00,44.92
2010-10-02 14:00:00,112.20
2010-10-02 15:00:00,131.11
2010-10-02 16:00:00,119.85
2010-10-02 17:00:00,93.29
2010-10-02 18:00:00,46.18
2010-10-02 19:00:00,90.86
2010-10-02 20:00:00,236.42
2010-10-02 21:00:00,224.98
2010-10-02 22:00:00,101.15
2010-10-02 23:00:00,96.30
2010-10-03 00:00:00,22.33
2010-10-03 01:00:00,21.88
2010-10-03 02:00:00,26.98
2010-10-03 03:00:00,26.45
2010-10-03 04:00:00,20.73
2010-10-03 05:00:00,23.00
2010-10-03 06:00:00,18.07
2010-10-03 07:00:00,36.75
2010-10-03 08:00:00,66.37
2010-10-03 09:00:00,134.32
2010-10-03 10:00:00,144.84
2010-10-03 11:00:00,203.70
2010-10-03 12:00:00,54.69
2010-10-03 13:00:00,29.81
2010-10-03 14:00:00,116.41
2010-10-03 15:00:00,75.23
2010-10-03 16:00:00,59.94
2010-10-03 17:00:00,28.89
2010-10-03 18:00:00,40.82
2010-10-03 19:00:00,139.41
2010-10-03 20:00:00,203.37
2010-10-03 21:00:00,151.81
2010-10-03 22:00:00,99.92
2010-10-03 23:00:00,84.95
2010-10-04 00:00:00,57.66
2010-10-04 01:00:00,52.84
2010-10-04 02:00:00,51.70
2010-10-04 03:00:00,55.01
2010-10-04 04:00:00,51.48
2010-10-04 05:00:00,50.30
2010-10-04 06:00:00,70.72
2010-10-04 07:00:00,161.17
2010-10-04 08:00:00,125.60
2010-10-04 09:00:00,121.60
2010-10-04 10:00:00,80.03
2010-10-04 11:00:00,42.61
2010-10-04 12:00:00,138.98
2010-10-04 13:00:00,42.58
2010-10-04 14:00:00,31.55
2010-10-04 15:00:00,23.50
2010-10-04 16:00:00,23.96
2010-10-04 17:00:00,24.67
2010-10-04 18:00:00,103.09
2010-10-04 19:00:00,118.90
2010-10-04 20:00:00,182.39
2010-10-04 21:00:00,103.18
2010-10-04 22:00:00,32.89
2010-10-04 23:00:00,29.58
2010-10-05 00:00:00,51.57
2010-10-05 01:00:00,33.74
2010-10-05 02:00:00,21.48
2010-10-05 03:00:00,18.53
2010-10-05 04:00:00,22.31
2010-10-05 05:00:00,25.84
2010-10-05 06:00:00,44.52
2010-10-05 07:00:00,120.02
2010-10-05 08:00:00,91.02
2010-10-05 09:00:00,109.54
2010-10-05 10:00:00,110.76
2010-10-05 11:00:00,103.68
2010-10-05 12:00:00,102.80
2010-10-05 13:00:00,87.26
2010-10-05 14:00:00,125.40
2010-10-05 15:00:00,114.32
2010-10-05 16:00:00,60.65
2010-10-05 17:00:00,36.50
2010-10-05 18:00:00,46.33
2010-10-05 19:00:00,99.76
2010-10-05 20:00:00,159.28
2010-10-05 21:00:00,123.55
2010-10-05 22:00:00,85.45
2010-10-05 23:00:00,60.31
2010-10-06 00:00:00,52.50
2010-10-06 01:00:00,40.83
2010-10-06 02:00:00,59.05
2010-10-06 03:00:00,27.56
2010-10-06 04:00:00,22.37
2010-10-06 05:00:00,23.95
2010-10-06 06:00:00,45.08
2010-10-06 07:00:00,155.82
2010-10-06 08:00:00,98.14
2010-10-06 09:00:00,91.45
2010-10-06 10:00:00,70.84
2010-10-06 11:00:00,33.22
2010-10-06 12:00:00,53.74
2010-10-06 13:00:00,30.92
2010-10-06 14:00:00,53.92
2010-10-06 15:00:00,20.13
2010-10-06 16:00:00,61.18
2010-10-06 17:00:00,37.58
2010-10-06 18:00:00,50.79
2010-10-06 19:00:00,35.44
2010-10-06 20:00:00,19.58
2010-10-06 21:00:00,37.91
2010-10-06 22:00:00,120.55
2010-10-06 23:00:00,72.88
2010-10-07 00:00:00,61.46
2010-10-07 01:00:00,23.14
2010-10-07 02:00:00,23.38
2010-10-07 03:00:00,21.33
2010-10-07 04:00:00,19.29
2010-10-07 05:00:00,24.59
2010-10-07 06:00:00,64.99
2010-10-07 07:00:00,119.97
2010-10-07 08:00:00,100.11
2010-10-07 09:00:00,82.37
2010-10-07 10:00:00,18.45
2010-10-07 11:00:00,123.81
2010-10-07 12:00:00,164.42
2010-10-07 13:00:00,106.65
2010-10-07 14:00:00,89.05
2010-10-07 15:00:00,93.52
2010-10-07 16:00:00,49.94
2010-10-07 17:00:00,21.51
2010-10-07 18:00:00,78.43
2010-10-07 19:00:00,91.09
2010-10-07 20:00:00,159.92
2010-10-07 21:00:00,161.43
2010-10-07 22:00:00,64.44
2010-10-07 23:00:00,46.67
2010-10-08 00:00:00,36.54
2010-10-08 01:00:00,22.20
2010-10-08 02:00:00,20.65
2010-10-08 03:00:00,23.61
2010-10-08 04:00:00,22.16
2010-10-08 05:00:00,54.62
2010-10-08 06:00:00,73.17
2010-10-08 07:00:00,150.31
2010-10-08 08:00:00,87.13
2010-10-08 09:00:00,86.97
2010-10-08 10:00:00,70.67
2010-10-08 11:00:00,50.37
2010-10-08 12:00:00,87.83
2010-10-08 13:00:00,48.74
2010-10-08 14:00:00,35.02
2010-10-08 15:00:00,32.28
2010-10-08 16:00:00,27.50
2010-10-08 17:00:00,60.22
2010-10-08 18:00:00,63.09
2010-10-08 19:00:00,101.22
2010-10-08 20:00:00,146.19
2010-10-08 21:00:00,138.60
2010-10-08 22:00:00,39.40
2010-10-08 23:00:00,31.96
2010-10-09 00:00:00,31.24
2010-10-09 01:00:00,27.72
2010-10-09 02:00:00,26.88
2010-10-09 03:00:00,25.93
2010-10-09 04:00:00,22.30
2010-10-09 05:00:00,26.10
2010-10-09 06:00:00,58.99
2010-10-09 07:00:00,136.20
2010-10-09 08:00:00,97.27
2010-10-09 09:00:00,69.08
2010-10-09 10:00:00,25.95
2010-10-09 11:00:00,38.98
2010-10-09 12:00:00,27.42
2010-10-09 13:00:00,100.79
2010-10-09 14:00:00,65.46
2010-10-09 15:00:00,104.49
2010-10-09 16:00:00,120.05
2010-10-09 17:00:00,70.04
2010-10-09 18:00:00,87.48
2010-10-09 19:00:00,119.88
2010-10-09 20:00:00,98.34
2010-10-09 21:00:00,105.99
2010-10-09 22:00:00,83.43
2010-10-09 23:00:00,41.77
2010-10-10 00:00:00,53.18
2010-10-10 01:00:00,28.02
2010-10-10 02:00:00,33.85
2010-10-10 03:00:00,26.47
2010-10-10 04:00:00,37.06
2010-10-10 05:00:00,25.64
2010-10-10 06:00:00,26.15
2010-10-10 07:00:00,42.29
2010-10-10 08:00:00,55.84
2010-10-10 09:00:00,55.50
2010-10-10 10:00:00,52.43
2010-10-10 11:00:00,142.97
2010-10-10 12:00:00,131.54
2010-10-10 13:00:00,93.44
2010-10-10 14:00:00,66.01
2010-10-10 15:00:00,31.58
2010-10-10 16:00:00,59.82
2010-10-10 17:00:00,96.47
2010-10-10 18:00:00,109.74
2010-10-10 19:00:00,209.51
2010-10-10 20:00:00,198.69
2010-10-10 21:00:00,234.08
2010-10-10 22:00:00,119.20
2010-10-10 23:00:00,69.42
2010-10-11 00:00:00,30.87
2010-10-11 01:00:00,26.92
2010-10-11 02:00:00,33.88
2010-10-11 03:00:00,26.57
2010-10-11 04:00:00,33.29
2010-10-11 05:00:00,52.84
2010-10-11 06:00:00,56.50
2010-10-11 07:00:00,142.73
2010-10-11 08:00:00,99.32
2010-10-11 09:00:00,97.92
2010-10-11 10:00:00,63.45
2010-10-11 11:00:00,26.45
2010-10-11 12:00:00,39.48
2010-10-11 13:00:00,32.71
2010-10-11 14:00:00,62.56
2010-10-11 15:00:00,36.94
2010-10-11 16:00:00,26.09
2010-10-11 17:00:00,57.83
2010-10-11 18:00:00,43.90
2010-10-11 19:00:00,185.59
2010-10-11 20:00:00,137.13
2010-10-11 21:00:00,182.58
2010-10-11 22:00:00,90.84
2010-10-11 23:00:00,36.18
2010-10-12 00:00:00,23.67
2010-10-12 01:00:00,23.86
2010-10-12 02:00:00,28.12
2010-10-12 03:00:00,20.25
2010-10-12 04:00:00,20.03
2010-10-12 05:00:00,27.07
2010-10-12 06:00:00,67.81
2010-10-12 07:00:00,151.19
2010-10-12 08:00:00,103.26
2010-10-12 09:00:00,105.12
2010-10-12 10:00:00,109.71
2010-10-12 11:00:00,56.93
2010-10-12 12:00:00,110.72
2010-10-12 13:00:00,51.40
2010-10-12 14:00:00,27.48
2010-10-12 15:00:00,35.29
2010-10-12 16:00:00,24.96
2010-10-12 17:00:00,24.62
2010-10-12 18:00:00,126.76
2010-10-12 19:00:00,129.39
2010-10-12 20:00:00,114.61
2010-10-12 21:00:00,78.51
2010-10-12 22:00:00,77.36
2010-10-12 23:00:00,41.56
2010-10-13 00:00:00,23.03
2010-10-13 01:00:00,27.52
2010-10-13 02:00:00,19.02
2010-10-13 03:00:00,21.88
2010-10-13 04:00:00,59.09
2010-10-13 05:00:00,27.85
2010-10-13 06:00:00,55.81
2010-10-13 07:00:00,170.66
2010-10-13 08:00:00,141.88
2010-10-13 09:00:00,100.03
2010-10-13 10:00:00,124.67
2010-10-13 11:00:00,91.60
2010-10-13 12:00:00,96.05
2010-10-13 13:00:00,94.39
2010-10-13 14:00:00,114.63
2010-10-13 15:00:00,114.68
2010-10-13 16:00:00,99.67
2010-10-13 17:00:00,92.95
2010-10-13 18:00:00,59.07
2010-10-13 19:00:00,122.06
2010-10-13 20:00:00,142.62
2010-10-13 21:00:00,129.89
2010-10-13 22:00:00,122.62
2010-10-13 23:00:00,22.25
2010-10-14 00:00:00,22.23
2010-10-14 01:00:00,28.66
2010-10-14 02:00:00,20.47
2010-10-14 03:00:00,23.20
2010-10-14 04:00:00,22.68
2010-10-14 05:00:00,26.36
2010-10-14 06:00:00,71.26
2010-10-14 07:00:00,178.33
2010-10-14 08:00:00,103.64
2010-10-14 09:00:00,192.58
2010-10-14 10:00:00,110.84
2010-10-14 11:00:00,59.58
2010-10-14 12:00:00,56.76
2010-10-14 13:00:00,73.61
2010-10-14 14:00:00,114.87
2010-10-14 15:00:00,54.23
2010-10-14 16:00:00,57.42
2010-10-14 17:00:00,25.07
2010-10-14 18:00:00,104.84
2010-10-14 19:00:00,247.07
2010-10-14 20:00:00,174.68
2010-10-14 21:00:00,193.45
2010-10-14 22:00:00,140.08
2010-10-14 23:00:00,33.23
2010-10-15 00:00:00,24.07
2010-10-15 01:00:00,24.78
2010-10-15 02:00:00,26.46
2010-10-15 03:00:00,19.73
2010-10-15 04:00:00,19.93
2010-10-15 05:00:00,26.18
2010-10-15 06:00:00,66.81
2010-10-15 07:00:00,120.74
2010-10-15 08:00:00,113.83
2010-10-15 09:00:00,95.04
2010-10-15 10:00:00,97.98
2010-10-15 11:00:00,109.57
2010-10-15 12:00:00,123.94
2010-10-15 13:00:00,94.43
2010-10-15 14:00:00,88.05
2010-10-15 15:00:00,35.69
2010-10-15 16:00:00,33.55
2010-10-15 17:00:00,33.87
2010-10-15 18:00:00,85.95
2010-10-15 19:00:00,109.39
2010-10-15 20:00:00,86.79
2010-10-15 21:00:00,69.45
2010-10-15 22:00:00,60.22
2010-10-15 23:00:00,29.89
2010-10-16 00:00:00,19.64
2010-10-16 01:00:00,18.55
2010-10-16 02:00:00,25.87
2010-10-16 03:00:00,22.87
2010-10-16 04:00:00,22.59
2010-10-16 05:00:00,20.47
2010-10-16 06:00:00,47.67
2010-10-16 07:00:00,128.66
2010-10-16 08:00:00,118.29
2010-10-16 09:00:00,58.22
2010-10-16 10:00:00,111.97
2010-10-16 11:00:00,80.66
2010-10-16 12:00:00,44.14
2010-10-16 13:00:00,21.51
2010-10-16 14:00:00,29.45
2010-10-16 15:00:00,22.29
2010-10-16 16:00:00,19.02
2010-10-16 17:00:00,25.08
2010-10-16 18:00:00,20.05
2010-10-16 19:00:00,22.38
2010-10-16 20:00:00,52.33
2010-10-16 21:00:00,22.98
2010-10-16 22:00:00,24.61
2010-10-16 23:00:00,20.69
2010-10-17 00:00:00,22.30
2010-10-17 01:00:00,19.97
2010-10-17 02:00:00,24.76
2010-10-17 03:00:00,18.79
2010-10-17 04:00:00,21.77
2010-10-17 05:00:00,21.74
2010-10-17 06:00:00,62.44
2010-10-17 07:00:00,22.36
2010-10-17 08:00:00,22.82
2010-10-17 09:00:00,22.58
2010-10-17 10:00:00,19.74
2010-10-17 11:00:00,18.00
2010-10-17 12:00:00,18.79
2010-10-17 13:00:00,21.91
2010-10-17 14:00:00,29.80
2010-10-17 15:00:00,22.59
2010-10-17 16:00:00,71.49
2010-10-17 17:00:00,29.56
2010-10-17 18:00:00,34.01
2010-10-17 19:00:00,121.81
2010-10-17 20:00:00,147.24
2010-10-17 21:00:00,128.28
2010-10-17 22:00:00,54.07
2010-10-17 23:00:00,70.57
2010-10-18 00:00:00,31.81
2010-10-18 01:00:00,23.05
2010-10-18 02:00:00,19.28
2010-10-18 03:00:00,19.89
2010-10-18 04:00:00,26.07
2010-10-18 05:00:00,19.18
2010-10-18 06:00:00,47.38
2010-10-18 07:00:00,147.26
2010-10-18 08:00:00,147.91
2010-10-18 09:00:00,219.42
2010-10-18 10:00:00,156.22
2010-10-18 11:00:00,168.54
2010-10-18 12:00:00,230.19
2010-10-18 13:00:00,194.59
2010-10-18 14:00:00,117.82
2010-10-18 15:00:00,31.08
2010-10-18 16:00:00,27.62
2010-10-18 17:00:00,39.88
2010-10-18 18:00:00,203.49
2010-10-18 19:00:00,225.42
2010-10-18 20:00:00,160.20
2010-10-18 21:00:00,202.61
2010-10-18 22:00:00,150.57
2010-10-18 23:00:00,104.42
2010-10-19 00:00:00,92.55
2010-10-19 01:00:00,41.11
2010-10-19 02:00:00,19.05
2010-10-19 03:00:00,18.47
2010-10-19 04:00:00,26.37
2010-10-19 05:00:00,23.97
2010-10-19 06:00:00,62.70
2010-10-19 07:00:00,179.34
2010-10-19 08:00:00,126.37
2010-10-19 09:00:00,107.88
2010-10-19 10:00:00,35.58
2010-10-19 11:00:00,108.89
2010-10-19 12:00:00,67.76
2010-10-19 13:00:00,31.03
2010-10-19 14:00:00,24.28
2010-10-19 15:00:00,24.11
2010-10-19 16:00:00,28.41
2010-10-19 17:00:00,67.72
2010-10-19 18:00:00,212.30
2010-10-19 19:00:00,175.81
2010-10-19 20:00:00,177.62
2010-10-19 21:00:00,151.80
2010-10-19 22:00:00,79.60
2010-10-19 23:00:00,43.27
2010-10-20 00:00:00,61.82
2010-10-20 01:00:00,23.60
2010-10-20 02:00:00,19.76
2010-10-20 03:00:00,26.55
2010-10-20 04:00:00,19.16
2010-10-20 05:00:00,18.75
2010-10-20 06:00:00,55.39
2010-10-20 07:00:00,171.97
2010-10-20 08:00:00,112.11
2010-10-20 09:00:00,110.76
2010-10-20 10:00:00,120.65
2010-10-20 11:00:00,113.76
2010-10-20 12:00:00,83.56
2010-10-20 13:00:00,24.51
2010-10-20 14:00:00,31.80
2010-10-20 15:00:00,31.67
2010-10-20 16:00:00,19.91
2010-10-20 17:00:00,19.93
2010-10-20 18:00:00,79.36
2010-10-20 19:00:00,131.09
2010-10-20 20:00:00,137.57
2010-10-20 21:00:00,168.26
2010-10-20 22:00:00,99.22
2010-10-20 23:00:00,46.80
2010-10-21 00:00:00,26.81
2010-10-21 01:00:00,39.83
2010-10-21 02:00:00,26.27
2010-10-21 03:00:00,20.44
2010-10-21 04:00:00,20.46
2010-10-21 05:00:00,61.37
2010-10-21 06:00:00,73.10
2010-10-21 07:00:00,148.49
2010-10-21 08:00:00,73.57
2010-10-21 09:00:00,19.04
2010-10-21 10:00:00,19.39
2010-10-21 11:00:00,23.52
2010-10-21 12:00:00,29.66
2010-10-21 13:00:00,23.28
2010-10-21 14:00:00,28.62
2010-10-21 15:00:00,19.62
2010-10-21 16:00:00,54.96
2010-10-21 17:00:00,22.01
2010-10-21 18:00:00,78.07
2010-10-21 19:00:00,109.47
2010-10-21 20:00:00,116.85
2010-10-21 21:00:00,154.92
2010-10-21 22:00:00,119.57
2010-10-21 23:00:00,45.88
2010-10-22 00:00:00,31.46
2010-10-22 01:00:00,37.94
2010-10-22 02:00:00,31.09
2010-10-22 03:00:00,31.23
2010-10-22 04:00:00,31.25
2010-10-22 05:00:00,35.14
2010-10-22 06:00:00,106.27
2010-10-22 07:00:00,147.53
2010-10-22 08:00:00,91.33
2010-10-22 09:00:00,93.36
2010-10-22 10:00:00,83.08
2010-10-22 11:00:00,82.38
2010-10-22 12:00:00,105.73
2010-10-22 13:00:00,94.72
2010-10-22 14:00:00,88.54
2010-10-22 15:00:00,46.02
2010-10-22 16:00:00,70.95
2010-10-22 17:00:00,28.93
2010-10-22 18:00:00,42.82
2010-10-22 19:00:00,85.48
2010-10-22 20:00:00,83.07
2010-10-22 21:00:00,137.51
2010-10-22 22:00:00,64.36
2010-10-22 23:00:00,18.72
2010-10-23 00:00:00,85.75
2010-10-23 01:00:00,21.98
2010-10-23 02:00:00,29.19
2010-10-23 03:00:00,23.29
2010-10-23 04:00:00,22.64
2010-10-23 05:00:00,19.65
2010-10-23 06:00:00,38.12
2010-10-23 07:00:00,141.52
2010-10-23 08:00:00,94.14
2010-10-23 09:00:00,77.99
2010-10-23 10:00:00,25.37
2010-10-23 11:00:00,65.60
2010-10-23 12:00:00,124.41
2010-10-23 13:00:00,107.13
2010-10-23 14:00:00,156.64
2010-10-23 15:00:00,149.38
2010-10-23 16:00:00,152.79
2010-10-23 17:00:00,196.24
2010-10-23 18:00:00,151.46
2010-10-23 19:00:00,107.72
2010-10-23 20:00:00,99.33
2010-10-23 21:00:00,198.50
2010-10-23 22:00:00,77.93
2010-10-23 23:00:00,126.48
2010-10-24 00:00:00,103.13
2010-10-24 01:00:00,89.88
2010-10-24 02:00:00,118.22
2010-10-24 03:00:00,102.27
2010-10-24 04:00:00,51.13
2010-10-24 05:00:00,22.77
2010-10-24 06:00:00,22.05
2010-10-24 07:00:00,23.17
2010-10-24 08:00:00,38.33
2010-10-24 09:00:00,66.19
2010-10-24 10:00:00,95.32
2010-10-24 11:00:00,112.01
2010-10-24 12:00:00,170.20
2010-10-24 13:00:00,171.13
2010-10-24 14:00:00,224.04
2010-10-24 15:00:00,105.23
2010-10-24 16:00:00,88.93
2010-10-24 17:00:00,118.52
2010-10-24 18:00:00,152.05
2010-10-24 19:00:00,154.83
2010-10-24 20:00:00,83.62
2010-10-24 21:00:00,61.14
2010-10-24 22:00:00,139.13
2010-10-24 23:00:00,79.69
2010-10-25 00:00:00,37.15
2010-10-25 01:00:00,34.70
2010-10-25 02:00:00,22.90
2010-10-25 03:00:00,20.69
2010-10-25 04:00:00,20.48
2010-10-25 05:00:00,21.46
2010-10-25 06:00:00,29.53
2010-10-25 07:00:00,105.35
2010-10-25 08:00:00,129.39
2010-10-25 09:00:00,89.34
2010-10-25 10:00:00,93.07
2010-10-25 11:00:00,45.68
2010-10-25 12:00:00,19.65
2010-10-25 13:00:00,19.17
2010-10-25 14:00:00,21.53
2010-10-25 15:00:00,23.61
2010-10-25 16:00:00,27.12
2010-10-25 17:00:00,21.19
2010-10-25 18:00:00,26.53
2010-10-25 19:00:00,84.71
2010-10-25 20:00:00,65.66
2010-10-25 21:00:00,59.68
2010-10-25 22:00:00,72.04
2010-10-25 23:00:00,72.67
2010-10-26 00:00:00,41.35
2010-10-26 01:00:00,18.99
2010-10-26 02:00:00,64.29
2010-10-26 03:00:00,21.22
2010-10-26 04:00:00,30.04
2010-10-26 05:00:00,19.38
2010-10-26 06:00:00,18.99
2010-10-26 07:00:00,36.90
2010-10-26 08:00:00,40.90
2010-10-26 09:00:00,62.12
2010-10-26 10:00:00,37.90
2010-10-26 11:00:00,180.61
2010-10-26 12:00:00,66.56
2010-10-26 13:00:00,24.59
2010-10-26 14:00:00,19.65
2010-10-26 15:00:00,20.13
2010-10-26 16:00:00,21.23
2010-10-26 17:00:00,31.00
2010-10-26 18:00:00,20.72
2010-10-26 19:00:00,17.96
2010-10-26 20:00:00,60.81
2010-10-26 21:00:00,21.75
2010-10-26 22:00:00,29.36
2010-10-26 23:00:00,39.45
2010-10-27 00:00:00,47.34
2010-10-27 01:00:00,42.44
2010-10-27 02:00:00,53.76
2010-10-27 03:00:00,22.60
2010-10-27 04:00:00,19.35
2010-10-27 05:00:00,18.84
2010-10-27 06:00:00,23.67
2010-10-27 07:00:00,102.14
2010-10-27 08:00:00,113.96
2010-10-27 09:00:00,92.14
2010-10-27 10:00:00,110.29
2010-10-27 11:00:00,155.32
2010-10-27 12:00:00,23.86
2010-10-27 13:00:00,40.86
2010-10-27 14:00:00,31.06
2010-10-27 15:00:00,28.26
2010-10-27 16:00:00,41.09
2010-10-27 17:00:00,32.18
2010-10-27 18:00:00,30.05
2010-10-27 19:00:00,49.66
2010-10-27 20:00:00,62.35
2010-10-27 21:00:00,22.89
2010-10-27 22:00:00,48.52
2010-10-27 23:00:00,47.64
2010-10-28 00:00:00,123.77
2010-10-28 01:00:00,34.56
2010-10-28 02:00:00,21.12
2010-10-28 03:00:00,19.70
2010-10-28 04:00:00,25.08
2010-10-28 05:00:00,23.72
2010-10-28 06:00:00,23.05
2010-10-28 07:00:00,29.18
2010-10-28 08:00:00,47.46
2010-10-28 09:00:00,99.35
2010-10-28 10:00:00,82.80
2010-10-28 11:00:00,22.01
2010-10-28 12:00:00,28.38
2010-10-28 13:00:00,31.78
2010-10-28 14:00:00,85.14
2010-10-28 15:00:00,135.23
2010-10-28 16:00:00,123.75
2010-10-28 17:00:00,126.23
2010-10-28 18:00:00,79.05
2010-10-28 19:00:00,145.41
2010-10-28 20:00:00,31.91
2010-10-28 21:00:00,25.67
2010-10-28 22:00:00,44.93
2010-10-28 23:00:00,54.03
2010-10-29 00:00:00,62.17
2010-10-29 01:00:00,35.93
2010-10-29 02:00:00,27.91
2010-10-29 03:00:00,19.01
2010-10-29 04:00:00,18.97
2010-10-29 05:00:00,23.18
2010-10-29 06:00:00,30.64
2010-10-29 07:00:00,18.37
2010-10-29 08:00:00,28.76
2010-10-29 09:00:00,84.37
2010-10-29 10:00:00,31.71
2010-10-29 11:00:00,36.92
2010-10-29 12:00:00,63.40
2010-10-29 13:00:00,49.33
2010-10-29 14:00:00,44.04
2010-10-29 15:00:00,79.52
2010-10-29 16:00:00,31.47
2010-10-29 17:00:00,37.57
2010-10-29 18:00:00,72.38
2010-10-29 19:00:00,78.84
2010-10-29 20:00:00,93.12
2010-10-29 21:00:00,98.47
2010-10-29 22:00:00,57.90
2010-10-29 23:00:00,80.43
2010-10-30 00:00:00,99.34
2010-10-30 01:00:00,72.69
2010-10-30 02:00:00,54.53
2010-10-30 03:00:00,31.19
2010-10-30 04:00:00,21.81
2010-10-30 05:00:00,18.70
2010-10-30 06:00:00,19.21
2010-10-30 07:00:00,27.93
2010-10-30 08:00:00,24.05
2010-10-30 09:00:00,22.68
2010-10-30 10:00:00,46.55
2010-10-30 11:00:00,187.99
2010-10-30 12:00:00,54.30
2010-10-30 13:00:00,73.40
2010-10-30 14:00:00,104.78
2010-10-30 15:00:00,92.57
2010-10-30 16:00:00,99.82
2010-10-30 17:00:00,91.79
2010-10-30 18:00:00,128.41
2010-10-30 19:00:00,156.16
2010-10-30 20:00:00,198.76
2010-10-30 21:00:00,180.94
2010-10-30 22:00:00,172.81
2010-10-30 23:00:00,172.27
2010-10-31 00:00:00,108.54
2010-10-31 01:00:00,88.55
2010-10-31 02:00:00,85.79
2010-10-31 03:00:00,93.31
2010-10-31 04:00:00,87.99
2010-10-31 05:00:00,174.62
2010-10-31 06:00:00,115.83
2010-10-31 07:00:00,19.75
2010-10-31 08:00:00,21.30
2010-10-31 09:00:00,23.89
2010-10-31 10:00:00,30.54
2010-10-31 11:00:00,19.19
2010-10-31 12:00:00,20.16
2010-10-31 13:00:00,70.59
2010-10-31 14:00:00,92.32
2010-10-31 15:00:00,35.74
2010-10-31 16:00:00,20.71
2010-10-31 17:00:00,27.52
2010-10-31 18:00:00,19.71
2010-10-31 19:00:00,21.86
2010-10-31 20:00:00,23.57
2010-10-31 21:00:00,73.03
2010-10-31 22:00:00,79.64
2010-10-31 23:00:00,122.28
2010-11-01 00:00:00,79.16
2010-11-01 01:00:00,88.83
2010-11-01 02:00:00,77.16
2010-11-01 03:00:00,63.88
2010-11-01 04:00:00,19.65
2010-11-01 05:00:00,27.02
2010-11-01 06:00:00,24.30
2010-11-01 07:00:00,23.07
2010-11-01 08:00:00,19.07
2010-11-01 09:00:00,71.90
2010-11-01 10:00:00,26.48
2010-11-01 11:00:00,24.40
2010-11-01 12:00:00,43.70
2010-11-01 13:00:00,112.46
2010-11-01 14:00:00,86.44
2010-11-01 15:00:00,87.73
2010-11-01 16:00:00,97.05
2010-11-01 17:00:00,86.90
2010-11-01 18:00:00,39.70
2010-11-01 19:00:00,19.92
2010-11-01 20:00:00,28.50
2010-11-01 21:00:00,64.06
2010-11-01 22:00:00,83.38
2010-11-01 23:00:00,88.42
2010-11-02 00:00:00,85.96
2010-11-02 01:00:00,75.80
2010-11-02 02:00:00,23.78
2010-11-02 03:00:00,19.81
2010-11-02 04:00:00,85.66
2010-11-02 05:00:00,22.80
2010-11-02 06:00:00,24.21
2010-11-02 07:00:00,29.01
2010-11-02 08:00:00,32.06
2010-11-02 09:00:00,86.72
2010-11-02 10:00:00,51.92
2010-11-02 11:00:00,25.82
2010-11-02 12:00:00,20.64
2010-11-02 13:00:00,24.16
2010-11-02 14:00:00,21.66
2010-11-02 15:00:00,22.59
2010-11-02 16:00:00,22.37
2010-11-02 17:00:00,19.39
2010-11-02 18:00:00,69.01
2010-11-02 19:00:00,50.45
2010-11-02 20:00:00,72.87
2010-11-02 21:00:00,81.44
2010-11-02 22:00:00,85.74
2010-11-02 23:00:00,137.19
2010-11-03 00:00:00,36.80
2010-11-03 01:00:00,57.37
2010-11-03 02:00:00,63.74
2010-11-03 03:00:00,24.14
2010-11-03 04:00:00,19.80
2010-11-03 05:00:00,23.31
2010-11-03 06:00:00,31.58
2010-11-03 07:00:00,61.29
2010-11-03 08:00:00,119.76
2010-11-03 09:00:00,121.95
2010-11-03 10:00:00,62.49
2010-11-03 11:00:00,23.31
2010-11-03 12:00:00,19.73
2010-11-03 13:00:00,26.61
2010-11-03 14:00:00,19.55
2010-11-03 15:00:00,23.35
2010-11-03 16:00:00,23.35
2010-11-03 17:00:00,40.74
2010-11-03 18:00:00,58.87
2010-11-03 19:00:00,73.81
2010-11-03 20:00:00,97.14
2010-11-03 21:00:00,188.59
2010-11-03 22:00:00,53.99
2010-11-03 23:00:00,22.02
2010-11-04 00:00:00,30.11
2010-11-04 01:00:00,50.54
2010-11-04 02:00:00,34.46
2010-11-04 03:00:00,20.57
2010-11-04 04:00:00,27.34
2010-11-04 05:00:00,23.72
2010-11-04 06:00:00,48.76
2010-11-04 07:00:00,136.33
2010-11-04 08:00:00,265.13
2010-11-04 09:00:00,134.94
2010-11-04 10:00:00,217.60
2010-11-04 11:00:00,194.48
2010-11-04 12:00:00,126.09
2010-11-04 13:00:00,129.14
2010-11-04 14:00:00,49.40
2010-11-04 15:00:00,42.35
2010-11-04 16:00:00,26.97
2010-11-04 17:00:00,39.39
2010-11-04 18:00:00,101.75
2010-11-04 19:00:00,243.23
2010-11-04 20:00:00,267.76
2010-11-04 21:00:00,185.83
2010-11-04 22:00:00,120.92
2010-11-04 23:00:00,38.34
2010-11-05 00:00:00,29.27
2010-11-05 01:00:00,20.51
2010-11-05 02:00:00,23.03
2010-11-05 03:00:00,25.29
2010-11-05 04:00:00,28.76
2010-11-05 05:00:00,20.75
2010-11-05 06:00:00,44.74
2010-11-05 07:00:00,165.73
2010-11-05 08:00:00,110.77
2010-11-05 09:00:00,92.89
2010-11-05 10:00:00,85.03
2010-11-05 11:00:00,88.23
2010-11-05 12:00:00,102.87
2010-11-05 13:00:00,98.02
2010-11-05 14:00:00,89.97
2010-11-05 15:00:00,95.34
2010-11-05 16:00:00,51.15
2010-11-05 17:00:00,46.46
2010-11-05 18:00:00,67.81
2010-11-05 19:00:00,105.93
2010-11-05 20:00:00,132.27
2010-11-05 21:00:00,110.39
2010-11-05 22:00:00,79.68
2010-11-05 23:00:00,21.22
2010-11-06 00:00:00,19.11
2010-11-06 01:00:00,29.10
2010-11-06 02:00:00,60.13
2010-11-06 03:00:00,20.79
2010-11-06 04:00:00,20.31
2010-11-06 05:00:00,26.38
2010-11-06 06:00:00,39.40
2010-11-06 07:00:00,156.63
2010-11-06 08:00:00,126.82
2010-11-06 09:00:00,82.18
2010-11-06 10:00:00,71.98
2010-11-06 11:00:00,148.21
2010-11-06 12:00:00,117.78
2010-11-06 13:00:00,70.62
2010-11-06 14:00:00,32.90
2010-11-06 15:00:00,113.09
2010-11-06 16:00:00,102.53
2010-11-06 17:00:00,92.87
2010-11-06 18:00:00,125.41
2010-11-06 19:00:00,113.70
2010-11-06 20:00:00,75.13
2010-11-06 21:00:00,66.21
2010-11-06 22:00:00,63.34
2010-11-06 23:00:00,30.79
2010-11-07 00:00:00,30.66
2010-11-07 01:00:00,21.63
2010-11-07 02:00:00,22.57
2010-11-07 03:00:00,23.95
2010-11-07 04:00:00,28.94
2010-11-07 05:00:00,19.67
2010-11-07 06:00:00,20.31
2010-11-07 07:00:00,61.87
2010-11-07 08:00:00,36.65
2010-11-07 09:00:00,90.30
2010-11-07 10:00:00,105.35
2010-11-07 11:00:00,122.82
2010-11-07 12:00:00,105.88
2010-11-07 13:00:00,74.11
2010-11-07 14:00:00,87.34
2010-11-07 15:00:00,105.71
2010-11-07 16:00:00,74.32
2010-11-07 17:00:00,73.93
2010-11-07 18:00:00,116.20
2010-11-07 19:00:00,116.77
2010-11-07 20:00:00,126.49
2010-11-07 21:00:00,104.07
2010-11-07 22:00:00,77.93
2010-11-07 23:00:00,26.38
2010-11-08 00:00:00,18.81
2010-11-08 01:00:00,24.10
2010-11-08 02:00:00,22.56
2010-11-08 03:00:00,60.60
2010-11-08 04:00:00,19.85
2010-11-08 05:00:00,19.89
2010-11-08 06:00:00,55.69
2010-11-08 07:00:00,156.64
2010-11-08 08:00:00,104.77
2010-11-08 09:00:00,89.28
2010-11-08 10:00:00,80.55
2010-11-08 11:00:00,80.83
2010-11-08 12:00:00,90.64
2010-11-08 13:00:00,125.34
2010-11-08 14:00:00,74.32
2010-11-08 15:00:00,56.62
2010-11-08 16:00:00,26.82
2010-11-08 17:00:00,39.98
2010-11-08 18:00:00,94.72
2010-11-08 19:00:00,129.03
2010-11-08 20:00:00,153.38
2010-11-08 21:00:00,158.98
2010-11-08 22:00:00,109.63
2010-11-08 23:00:00,32.51
2010-11-09 00:00:00,22.61
2010-11-09 01:00:00,20.87
2010-11-09 02:00:00,19.05
2010-11-09 03:00:00,18.95
2010-11-09 04:00:00,18.70
2010-11-09 05:00:00,23.48
2010-11-09 06:00:00,97.71
2010-11-09 07:00:00,118.74
2010-11-09 08:00:00,114.09
2010-11-09 09:00:00,106.79
2010-11-09 10:00:00,65.21
2010-11-09 11:00:00,90.19
2010-11-09 12:00:00,80.77
2010-11-09 13:00:00,55.36
2010-11-09 14:00:00,32.91
2010-11-09 15:00:00,29.16
2010-11-09 16:00:00,39.61
2010-11-09 17:00:00,136.97
2010-11-09 18:00:00,168.59
2010-11-09 19:00:00,144.96
2010-11-09 20:00:00,227.20
2010-11-09 21:00:00,176.16
2010-11-09 22:00:00,140.44
2010-11-09 23:00:00,73.56
2010-11-10 00:00:00,47.24
2010-11-10 01:00:00,25.30
2010-11-10 02:00:00,19.65
2010-11-10 03:00:00,19.80
2010-11-10 04:00:00,18.51
2010-11-10 05:00:00,20.71
2010-11-10 06:00:00,45.69
2010-11-10 07:00:00,172.47
2010-11-10 08:00:00,141.79
2010-11-10 09:00:00,107.17
2010-11-10 10:00:00,202.32
2010-11-10 11:00:00,197.14
2010-11-10 12:00:00,88.62
2010-11-10 13:00:00,144.01
2010-11-10 14:00:00,120.82
2010-11-10 15:00:00,94.35
2010-11-10 16:00:00,94.06
2010-11-10 17:00:00,78.48
2010-11-10 18:00:00,105.54
2010-11-10 19:00:00,57.79
2010-11-10 20:00:00,23.60
2010-11-10 21:00:00,26.11
2010-11-10 22:00:00,23.21
2010-11-10 23:00:00,72.15
2010-11-11 00:00:00,33.92
2010-11-11 01:00:00,21.15
2010-11-11 02:00:00,18.97
2010-11-11 03:00:00,20.74
2010-11-11 04:00:00,22.01
2010-11-11 05:00:00,21.82
2010-11-11 06:00:00,69.01
2010-11-11 07:00:00,38.76
2010-11-11 08:00:00,48.98
2010-11-11 09:00:00,66.44
2010-11-11 10:00:00,85.63
2010-11-11 11:00:00,157.59
2010-11-11 12:00:00,112.45
2010-11-11 13:00:00,74.05
2010-11-11 14:00:00,103.27
2010-11-11 15:00:00,173.37
2010-11-11 16:00:00,162.29
2010-11-11 17:00:00,141.65
2010-11-11 18:00:00,94.62
2010-11-11 19:00:00,96.70
2010-11-11 20:00:00,111.56
2010-11-11 21:00:00,52.73
2010-11-11 22:00:00,29.04
2010-11-11 23:00:00,16.86
2010-11-12 00:00:00,52.86
2010-11-12 01:00:00,16.04
2010-11-12 02:00:00,21.04
2010-11-12 03:00:00,19.22
2010-11-12 04:00:00,16.75
2010-11-12 05:00:00,17.38
2010-11-12 06:00:00,39.38
2010-11-12 07:00:00,161.64
2010-11-12 08:00:00,142.55
2010-11-12 09:00:00,93.33
2010-11-12 10:00:00,111.87
2010-11-12 11:00:00,84.70
2010-11-12 12:00:00,86.10
2010-11-12 13:00:00,48.11
2010-11-12 14:00:00,79.26
2010-11-12 15:00:00,107.45
2010-11-12 16:00:00,81.70
2010-11-12 17:00:00,147.37
2010-11-12 18:00:00,136.85
2010-11-12 19:00:00,143.52
2010-11-12 20:00:00,105.20
2010-11-12 21:00:00,66.89
2010-11-12 22:00:00,19.23
2010-11-12 23:00:00,38.39
2010-11-13 00:00:00,41.46
2010-11-13 01:00:00,50.89
2010-11-13 02:00:00,18.56
2010-11-13 03:00:00,17.04
2010-11-13 04:00:00,20.97
2010-11-13 05:00:00,22.27
2010-11-13 06:00:00,35.09
2010-11-13 07:00:00,127.96
2010-11-13 08:00:00,89.76
2010-11-13 09:00:00,43.75
2010-11-13 10:00:00,25.32
2010-11-13 11:00:00,68.95
2010-11-13 12:00:00,68.72
2010-11-13 13:00:00,123.72
2010-11-13 14:00:00,125.88
2010-11-13 15:00:00,131.76
2010-11-13 16:00:00,193.27
2010-11-13 17:00:00,165.69
2010-11-13 18:00:00,102.92
2010-11-13 19:00:00,137.54
2010-11-13 20:00:00,102.79
2010-11-13 21:00:00,102.35
2010-11-13 22:00:00,101.92
2010-11-13 23:00:00,104.62
2010-11-14 00:00:00,110.70
2010-11-14 01:00:00,94.06
2010-11-14 02:00:00,60.12
2010-11-14 03:00:00,35.88
2010-11-14 04:00:00,20.22
2010-11-14 05:00:00,21.90
2010-11-14 06:00:00,17.23
2010-11-14 07:00:00,18.35
2010-11-14 08:00:00,31.68
2010-11-14 09:00:00,67.26
2010-11-14 10:00:00,68.31
2010-11-14 11:00:00,61.62
2010-11-14 12:00:00,82.68
2010-11-14 13:00:00,76.79
2010-11-14 14:00:00,89.34
2010-11-14 15:00:00,249.39
2010-11-14 16:00:00,170.19
2010-11-14 17:00:00,141.56
2010-11-14 18:00:00,143.07
2010-11-14 19:00:00,89.34
2010-11-14 20:00:00,157.89
2010-11-14 21:00:00,153.13
2010-11-14 22:00:00,54.39
2010-11-14 23:00:00,23.29
2010-11-15 00:00:00,16.86
2010-11-15 01:00:00,20.76
2010-11-15 02:00:00,19.71
2010-11-15 03:00:00,34.91
2010-11-15 04:00:00,36.03
2010-11-15 05:00:00,21.20
2010-11-15 06:00:00,52.29
2010-11-15 07:00:00,157.65
2010-11-15 08:00:00,94.93
2010-11-15 09:00:00,82.97
2010-11-15 10:00:00,78.53
2010-11-15 11:00:00,82.82
2010-11-15 12:00:00,199.26
2010-11-15 13:00:00,168.56
2010-11-15 14:00:00,25.77
2010-11-15 15:00:00,23.24
2010-11-15 16:00:00,30.91
2010-11-15 17:00:00,52.44
2010-11-15 18:00:00,78.44
2010-11-15 19:00:00,94.68
2010-11-15 20:00:00,179.57
2010-11-15 21:00:00,90.53
2010-11-15 22:00:00,74.98
2010-11-15 23:00:00,30.34
2010-11-16 00:00:00,19.43
2010-11-16 01:00:00,17.54
2010-11-16 02:00:00,61.61
2010-11-16 03:00:00,18.04
2010-11-16 04:00:00,16.75
2010-11-16 05:00:00,20.25
2010-11-16 06:00:00,73.33
2010-11-16 07:00:00,147.31
2010-11-16 08:00:00,100.99
2010-11-16 09:00:00,94.83
2010-11-16 10:00:00,87.78
2010-11-16 11:00:00,54.34
2010-11-16 12:00:00,22.23
2010-11-16 13:00:00,21.99
2010-11-16 14:00:00,16.92
2010-11-16 15:00:00,18.88
2010-11-16 16:00:00,32.35
2010-11-16 17:00:00,84.34
2010-11-16 18:00:00,123.77
2010-11-16 19:00:00,119.24
2010-11-16 20:00:00,130.63
2010-11-16 21:00:00,151.80
2010-11-16 22:00:00,45.04
2010-11-16 23:00:00,30.35
2010-11-17 00:00:00,22.06
2010-11-17 01:00:00,17.64
2010-11-17 02:00:00,19.71
2010-11-17 03:00:00,19.53
2010-11-17 04:00:00,35.31
2010-11-17 05:00:00,44.53
2010-11-17 06:00:00,55.54
2010-11-17 07:00:00,165.43
2010-11-17 08:00:00,87.22
2010-11-17 09:00:00,80.94
2010-11-17 10:00:00,83.99
2010-11-17 11:00:00,84.73
2010-11-17 12:00:00,90.89
2010-11-17 13:00:00,41.41
2010-11-17 14:00:00,16.82
2010-11-17 15:00:00,27.59
2010-11-17 16:00:00,48.00
2010-11-17 17:00:00,62.77
2010-11-17 18:00:00,97.78
2010-11-17 19:00:00,139.60
2010-11-17 20:00:00,134.68
2010-11-17 21:00:00,104.30
2010-11-17 22:00:00,63.58
2010-11-17 23:00:00,37.99
2010-11-18 00:00:00,26.51
2010-11-18 01:00:00,23.44
2010-11-18 02:00:00,30.81
2010-11-18 03:00:00,61.15
2010-11-18 04:00:00,27.58
2010-11-18 05:00:00,23.12
2010-11-18 06:00:00,58.12
2010-11-18 07:00:00,161.20
2010-11-18 08:00:00,91.89
2010-11-18 09:00:00,81.06
2010-11-18 10:00:00,80.92
2010-11-18 11:00:00,80.63
2010-11-18 12:00:00,95.15
2010-11-18 13:00:00,55.41
2010-11-18 14:00:00,24.81
2010-11-18 15:00:00,19.54
2010-11-18 16:00:00,27.92
2010-11-18 17:00:00,34.67
2010-11-18 18:00:00,163.71
2010-11-18 19:00:00,154.44
2010-11-18 20:00:00,129.88
2010-11-18 21:00:00,116.10
2010-11-18 22:00:00,55.35
2010-11-18 23:00:00,28.76
2010-11-19 00:00:00,20.51
2010-11-19 01:00:00,16.62
2010-11-19 02:00:00,57.29
2010-11-19 03:00:00,18.88
2010-11-19 04:00:00,20.32
2010-11-19 05:00:00,15.90
2010-11-19 06:00:00,51.00
2010-11-19 07:00:00,132.20
2010-11-19 08:00:00,86.82
2010-11-19 09:00:00,81.86
2010-11-19 10:00:00,80.99
2010-11-19 11:00:00,83.73
2010-11-19 12:00:00,83.44
2010-11-19 13:00:00,95.66
2010-11-19 14:00:00,91.27
2010-11-19 15:00:00,97.37
2010-11-19 16:00:00,88.18
2010-11-19 17:00:00,49.46
2010-11-19 18:00:00,61.11
2010-11-19 19:00:00,74.99
2010-11-19 20:00:00,99.92
2010-11-19 21:00:00,106.70
2010-11-19 22:00:00,36.12
2010-11-19 23:00:00,20.05
2010-11-20 00:00:00,19.02
2010-11-20 01:00:00,17.09
2010-11-20 02:00:00,21.40
2010-11-20 03:00:00,18.62
2010-11-20 04:00:00,19.59
2010-11-20 05:00:00,53.12
2010-11-20 06:00:00,47.19
2010-11-20 07:00:00,158.05
2010-11-20 08:00:00,118.37
2010-11-20 09:00:00,112.50
2010-11-20 10:00:00,77.53
2010-11-20 11:00:00,161.47
2010-11-20 12:00:00,67.84
2010-11-20 13:00:00,77.88
2010-11-20 14:00:00,63.09
2010-11-20 15:00:00,75.49
2010-11-20 16:00:00,91.02
2010-11-20 17:00:00,107.72
2010-11-20 18:00:00,337.61
2010-11-20 19:00:00,195.58
2010-11-20 20:00:00,127.03
2010-11-20 21:00:00,106.45
2010-11-20 22:00:00,79.58
2010-11-20 23:00:00,43.77
2010-11-21 00:00:00,31.19
2010-11-21 01:00:00,17.63
2010-11-21 02:00:00,53.81
2010-11-21 03:00:00,19.79
2010-11-21 04:00:00,20.67
2010-11-21 05:00:00,17.42
2010-11-21 06:00:00,20.21
2010-11-21 07:00:00,124.28
2010-11-21 08:00:00,85.48
2010-11-21 09:00:00,77.44
2010-11-21 10:00:00,16.09
2010-11-21 11:00:00,17.95
2010-11-21 12:00:00,20.98
2010-11-21 13:00:00,16.61
2010-11-21 14:00:00,16.86
2010-11-21 15:00:00,17.84
2010-11-21 16:00:00,21.05
2010-11-21 17:00:00,43.44
2010-11-21 18:00:00,27.07
2010-11-21 19:00:00,17.73
2010-11-21 20:00:00,36.29
2010-11-21 21:00:00,73.28
2010-11-21 22:00:00,89.63
2010-11-21 23:00:00,18.19
2010-11-22 00:00:00,22.05
2010-11-22 01:00:00,16.79
2010-11-22 02:00:00,17.00
2010-11-22 03:00:00,16.50
2010-11-22 04:00:00,22.10
2010-11-22 05:00:00,17.15
2010-11-22 06:00:00,57.18
2010-11-22 07:00:00,128.22
2010-11-22 08:00:00,155.41
2010-11-22 09:00:00,85.66
2010-11-22 10:00:00,186.32
2010-11-22 11:00:00,158.35
2010-11-22 12:00:00,112.02
2010-11-22 13:00:00,119.21
2010-11-22 14:00:00,91.06
2010-11-22 15:00:00,83.19
2010-11-22 16:00:00,41.56
2010-11-22 17:00:00,38.75
2010-11-22 18:00:00,190.10
2010-11-22 19:00:00,155.37
2010-11-22 20:00:00,94.95
2010-11-22 21:00:00,143.32
2010-11-22 22:00:00,69.91
2010-11-22 23:00:00,19.37
2010-11-23 00:00:00,21.91
2010-11-23 01:00:00,17.55
2010-11-23 02:00:00,16.94
2010-11-23 03:00:00,16.47
2010-11-23 04:00:00,21.61
2010-11-23 05:00:00,16.81
2010-11-23 06:00:00,38.14
2010-11-23 07:00:00,152.92
2010-11-23 08:00:00,102.24
2010-11-23 09:00:00,84.04
2010-11-23 10:00:00,94.20
2010-11-23 11:00:00,102.24
2010-11-23 12:00:00,62.95
2010-11-23 13:00:00,49.91
2010-11-23 14:00:00,92.92
2010-11-23 15:00:00,24.00
2010-11-23 16:00:00,30.56
2010-11-23 17:00:00,58.72
2010-11-23 18:00:00,110.41
2010-11-23 19:00:00,133.27
2010-11-23 20:00:00,158.20
2010-11-23 21:00:00,85.57
2010-11-23 22:00:00,49.97
2010-11-23 23:00:00,35.98
2010-11-24 00:00:00,21.50
2010-11-24 01:00:00,15.92
2010-11-24 02:00:00,30.13
2010-11-24 03:00:00,45.07
2010-11-24 04:00:00,19.22
2010-11-24 05:00:00,17.06
2010-11-24 06:00:00,49.74
2010-11-24 07:00:00,171.01
2010-11-24 08:00:00,93.25
2010-11-24 09:00:00,81.84
2010-11-24 10:00:00,82.36
2010-11-24 11:00:00,83.54
2010-11-24 12:00:00,95.03
2010-11-24 13:00:00,117.66
2010-11-24 14:00:00,121.07
2010-11-24 15:00:00,90.12
2010-11-24 16:00:00,52.44
2010-11-24 17:00:00,116.34
2010-11-24 18:00:00,123.67
2010-11-24 19:00:00,89.89
2010-11-24 20:00:00,138.77
2010-11-24 21:00:00,94.10
2010-11-24 22:00:00,25.33
2010-11-24 23:00:00,21.19
2010-11-25 00:00:00,18.21
2010-11-25 01:00:00,17.38
2010-11-25 02:00:00,15.98
2010-11-25 03:00:00,20.14
2010-11-25 04:00:00,22.62
2010-11-25 05:00:00,52.83
2010-11-25 06:00:00,57.79
2010-11-25 07:00:00,157.63
2010-11-25 08:00:00,97.76
2010-11-25 09:00:00,75.46
2010-11-25 10:00:00,38.73
2010-11-25 11:00:00,61.68
2010-11-25 12:00:00,29.98
2010-11-25 13:00:00,21.37
2010-11-25 14:00:00,18.04
2010-11-25 15:00:00,19.98
2010-11-25 16:00:00,32.51
2010-11-25 17:00:00,88.81
2010-11-25 18:00:00,132.70
2010-11-25 19:00:00,139.83
2010-11-25 20:00:00,98.87
2010-11-25 21:00:00,80.58
2010-11-25 22:00:00,74.85
2010-11-25 23:00:00,57.42
2010-11-26 00:00:00,17.66
2010-11-26 01:00:00,16.86
2010-11-26 02:00:00,16.41
2010-11-26 03:00:00,17.90
2010-11-26 04:00:00,18.84
2010-11-26 05:00:00,16.95
2010-11-26 06:00:00,60.53
2010-11-26 07:00:00,173.04
2010-11-26 08:00:00,119.96
2010-11-26 09:00:00,111.00
2010-11-26 10:00:00,81.17
2010-11-26 11:00:00,80.33
2010-11-26 12:00:00,89.41
2010-11-26 13:00:00,96.78
2010-11-26 14:00:00,84.47
2010-11-26 15:00:00,52.59
2010-11-26 16:00:00,64.08
2010-11-26 17:00:00,103.55
2010-11-26 18:00:00,94.41
2010-11-26 19:00:00,99.56
2010-11-26 20:00:00,69.82
